timestamp,PECalama,PEValleDeLosVientos,PFVAzabache,PFVJama,PFVSanPedro,PFVUsya
2024-01-01 00:00:00,21.337,17.331,0.0,0.0,0.0,0.0
2024-01-01 00:01:00,20.39,16.811,0.0,0.0,0.0,0.0
2024-01-01 00:02:00,21.082,18.333,0.0,0.0,0.0,0.0
2024-01-01 00:03:00,20.946,17.217,0.0,0.0,0.0,0.0
2024-01-01 00:04:00,20.396,16.992,0.0,0.0,0.0,0.0
2024-01-01 00:05:00,20.143,18.322,0.0,0.0,0.0,0.0
2024-01-01 00:06:00,20.702,18.424,0.0,0.0,0.0,0.0
2024-01-01 00:07:00,20.326,17.305,0.0,0.0,0.0,0.0
2024-01-01 00:08:00,20.355,17.931,0.0,0.0,0.0,0.0
2024-01-01 00:09:00,21.125,17.537,0.001,0.0,0.0,0.0
2024-01-01 00:10:00,19.569,17.131,0.001,0.0,0.0,0.0
2024-01-01 00:11:00,21.46,16.923,0.001,0.0,0.0,0.0
2024-01-01 00:12:00,21.548,17.257,0.001,0.0,0.0,0.0
2024-01-01 00:13:00,21.006,17.24,0.001,0.0,0.0,0.0
2024-01-01 00:14:00,21.055,17.038,0.001,0.0,0.0,0.0
2024-01-01 00:15:00,19.586,17.853,0.001,0.0,0.0,0.0
2024-01-01 00:16:00,21.316,18.224,0.001,0.0,0.0,0.0
2024-01-01 00:17:00,21.571,18.07,0.001,0.0,0.0,0.0
2024-01-01 00:18:00,19.548,17.949,0.001,0.0,0.0,0.0
2024-01-01 00:19:00,19.853,16.944,0.001,0.0,0.0,0.0
2024-01-01 00:20:00,21.477,18.494,0.001,0.0,0.0,0.0
2024-01-01 00:21:00,20.199,17.845,0.001,0.0,0.0,0.0
2024-01-01 00:22:00,20.737,17.594,0.001,0.0,0.0,0.0
2024-01-01 00:23:00,19.912,17.09,0.001,0.0,0.0,0.0
2024-01-01 00:24:00,20.262,17.086,0.001,0.0,0.0,0.0
2024-01-01 00:25:00,21.628,18.281,0.001,0.0,0.0,0.0
2024-01-01 00:26:00,20.465,18.281,0.001,0.0,0.0,0.0
2024-01-01 00:27:00,19.741,17.281,0.001,0.0,0.0,0.0
2024-01-01 00:28:00,21.245,17.503,0.001,0.0,0.0,0.0
2024-01-01 00:29:00,21.52,18.208,0.001,0.0,0.0,0.0
2024-01-01 00:30:00,21.678,16.773,0.001,0.0,0.0,0.0
2024-01-01 00:31:00,21.618,17.585,0.001,0.0,0.0,0.0
2024-01-01 00:32:00,20.615,17.374,0.001,0.0,0.0,0.0
2024-01-01 00:33:00,21.28,16.824,0.001,0.0,0.0,0.0
2024-01-01 00:34:00,20.307,17.822,0.001,0.0,0.0,0.0
2024-01-01 00:35:00,20.152,18.353,0.001,0.0,0.0,0.0
2024-01-01 00:36:00,19.849,17.48,0.001,0.0,0.0,0.0
2024-01-01 00:37:00,19.857,17.131,0.001,0.0,0.0,0.0
2024-01-01 00:38:00,20.538,16.796,0.001,0.0,0.0,0.0
2024-01-01 00:39:00,21.199,17.345,0.001,0.0,0.0,0.0
2024-01-01 00:40:00,21.654,17.608,0.001,0.0,0.0,0.0
2024-01-01 00:41:00,21.041,18.315,0.001,0.0,0.0,0.0
2024-01-01 00:42:00,19.552,18.457,0.001,0.0,0.0,0.0
2024-01-01 00:43:00,21.656,17.803,0.001,0.0,0.0,0.0
2024-01-01 00:44:00,21.157,17.297,0.001,0.0,0.0,0.0
2024-01-01 00:45:00,21.559,16.96,0.001,0.0,0.0,0.0
2024-01-01 00:46:00,20.137,17.512,0.001,0.0,0.0,0.0
2024-01-01 00:47:00,20.469,17.755,0.001,0.0,0.0,0.0
2024-01-01 00:48:00,21.594,17.759,0.001,0.0,0.0,0.0
2024-01-01 00:49:00,19.677,17.304,0.001,0.0,0.0,0.0
2024-01-01 00:50:00,21.051,18.227,0.001,0.0,0.0,0.0
2024-01-01 00:51:00,21.462,18.078,0.001,0.0,0.0,0.0
2024-01-01 00:52:00,21.64,16.923,0.001,0.0,0.0,0.0
2024-01-01 00:53:00,20.375,18.442,0.002,0.0,0.0,0.0
2024-01-01 00:54:00,19.753,17.053,0.002,0.0,0.0,0.0
2024-01-01 00:55:00,21.251,18.231,0.002,0.0,0.0,0.0
2024-01-01 00:56:00,21.336,17.263,0.002,0.0,0.0,0.0
2024-01-01 00:57:00,20.391,18.183,0.002,0.0,0.0,0.0
2024-01-01 00:58:00,19.874,17.867,0.002,0.0,0.0,0.0
2024-01-01 00:59:00,21.475,17.211,0.002,0.0,0.0,0.0
2024-01-01 01:00:00,20.618,17.454,0.002,0.0,0.0,0.0
2024-01-01 01:01:00,20.16,17.122,0.002,0.0,0.0,0.0
2024-01-01 01:02:00,21.411,18.52,0.002,0.0,0.0,0.0
2024-01-01 01:03:00,20.15,17.0,0.002,0.0,0.0,0.0
2024-01-01 01:04:00,20.5,17.994,0.002,0.0,0.0,0.0
2024-01-01 01:05:00,20.601,18.036,0.002,0.0,0.0,0.0
2024-01-01 01:06:00,19.639,16.837,0.002,0.0,0.0,0.0
2024-01-01 01:07:00,19.869,17.598,0.002,0.0,0.0,0.0
2024-01-01 01:08:00,20.099,17.349,0.002,0.0,0.0,0.0
2024-01-01 01:09:00,19.621,17.428,0.002,0.0,0.0,0.0
2024-01-01 01:10:00,19.929,16.841,0.002,0.0,0.0,0.0
2024-01-01 01:11:00,21.247,17.397,0.002,0.0,0.0,0.0
2024-01-01 01:12:00,19.568,17.932,0.002,0.0,0.0,0.0
2024-01-01 01:13:00,19.659,17.009,0.002,0.0,0.0,0.0
2024-01-01 01:14:00,21.179,17.856,0.002,0.0,0.0,0.0
2024-01-01 01:15:00,19.87,17.952,0.003,0.0,0.0,0.0
2024-01-01 01:16:00,20.042,16.982,0.003,0.0,0.0,0.0
2024-01-01 01:17:00,20.441,17.118,0.003,0.0,0.0,0.0
2024-01-01 01:18:00,20.406,18.046,0.003,0.0,0.0,0.0
2024-01-01 01:19:00,20.075,18.213,0.003,0.0,0.0,0.0
2024-01-01 01:20:00,20.021,18.363,0.003,0.0,0.0,0.0
2024-01-01 01:21:00,21.659,17.535,0.003,0.0,0.0,0.0
2024-01-01 01:22:00,20.598,17.48,0.003,0.0,0.0,0.0
2024-01-01 01:23:00,19.593,16.804,0.003,0.0,0.0,0.0
2024-01-01 01:24:00,21.137,17.149,0.003,0.0,0.0,0.0
2024-01-01 01:25:00,20.243,16.927,0.003,0.0,0.0,0.0
2024-01-01 01:26:00,19.896,18.295,0.003,0.0,0.0,0.0
2024-01-01 01:27:00,19.797,18.028,0.003,0.0,0.0,0.0
2024-01-01 01:28:00,19.958,17.539,0.003,0.0,0.0,0.0
2024-01-01 01:29:00,19.915,17.293,0.004,0.0,0.0,0.0
2024-01-01 01:30:00,20.468,17.669,0.004,0.0,0.0,0.0
2024-01-01 01:31:00,21.231,18.131,0.004,0.0,0.0,0.0
2024-01-01 01:32:00,21.653,17.863,0.004,0.0,0.0,0.0
2024-01-01 01:33:00,20.143,18.326,0.004,0.0,0.0,0.0
2024-01-01 01:34:00,20.535,18.234,0.004,0.0,0.0,0.0
2024-01-01 01:35:00,19.793,17.806,0.004,0.0,0.0,0.0
2024-01-01 01:36:00,20.206,18.41,0.004,0.0,0.0,0.0
2024-01-01 01:37:00,20.904,17.942,0.004,0.0,0.0,0.0
2024-01-01 01:38:00,19.931,17.759,0.004,0.0,0.0,0.0
2024-01-01 01:39:00,20.792,18.521,0.004,0.0,0.0,0.0
2024-01-01 01:40:00,21.281,18.33,0.005,0.0,0.0,0.0
2024-01-01 01:41:00,20.473,18.588,0.005,0.0,0.0,0.0
2024-01-01 01:42:00,20.908,18.029,0.005,0.0,0.0,0.0
2024-01-01 01:43:00,20.059,17.927,0.005,0.0,0.0,0.0
2024-01-01 01:44:00,21.129,16.903,0.005,0.0,0.0,0.0
2024-01-01 01:45:00,20.784,16.872,0.005,0.0,0.0,0.0
2024-01-01 01:46:00,21.418,16.873,0.005,0.0,0.0,0.0
2024-01-01 01:47:00,20.601,18.17,0.005,0.0,0.0,0.0
2024-01-01 01:48:00,19.696,18.58,0.005,0.0,0.0,0.0
2024-01-01 01:49:00,20.759,18.53,0.006,0.0,0.0,0.0
2024-01-01 01:50:00,20.378,18.412,0.006,0.0,0.0,0.0
2024-01-01 01:51:00,20.421,18.501,0.006,0.0,0.0,0.0
2024-01-01 01:52:00,20.937,17.77,0.006,0.0,0.0,0.0
2024-01-01 01:53:00,20.574,16.873,0.006,0.0,0.0,0.0
2024-01-01 01:54:00,21.466,18.235,0.006,0.0,0.0,0.0
2024-01-01 01:55:00,20.352,17.357,0.006,0.0,0.0,0.0
2024-01-01 01:56:00,21.483,16.901,0.007,0.0,0.0,0.0
2024-01-01 01:57:00,20.578,17.903,0.007,0.0,0.0,0.0
2024-01-01 01:58:00,20.023,17.22,0.007,0.0,0.0,0.0
2024-01-01 01:59:00,20.732,17.324,0.007,0.0,0.0,0.0
2024-01-01 02:00:00,19.999,17.548,0.007,0.0,0.0,0.0
2024-01-01 02:01:00,20.05,18.116,0.007,0.0,0.0,0.0
2024-01-01 02:02:00,20.144,18.564,0.007,0.0,0.0,0.0
2024-01-01 02:03:00,19.998,17.47,0.008,0.0,0.0,0.0
2024-01-01 02:04:00,20.556,17.979,0.008,0.0,0.0,0.0
2024-01-01 02:05:00,20.425,17.688,0.008,0.0,0.0,0.0
2024-01-01 02:06:00,21.176,17.203,0.008,0.0,0.0,0.0
2024-01-01 02:07:00,20.473,17.187,0.008,0.0,0.0,0.0
2024-01-01 02:08:00,21.604,17.032,0.009,0.0,0.0,0.0
2024-01-01 02:09:00,20.498,17.195,0.009,0.0,0.0,0.0
2024-01-01 02:10:00,21.212,17.542,0.009,0.0,0.0,0.0
2024-01-01 02:11:00,21.506,17.51,0.009,0.0,0.0,0.0
2024-01-01 02:12:00,20.672,18.582,0.009,0.0,0.0,0.0
2024-01-01 02:13:00,21.425,16.897,0.01,0.0,0.0,0.0
2024-01-01 02:14:00,20.551,17.04,0.01,0.0,0.0,0.0
2024-01-01 02:15:00,20.724,17.138,0.01,0.0,0.0,0.0
2024-01-01 02:16:00,20.269,17.327,0.01,0.0,0.0,0.0
2024-01-01 02:17:00,20.91,17.29,0.01,0.0,0.0,0.0
2024-01-01 02:18:00,20.239,18.546,0.011,0.0,0.0,0.0
2024-01-01 02:19:00,20.405,17.118,0.011,0.0,0.0,0.0
2024-01-01 02:20:00,20.866,17.055,0.011,0.0,0.0,0.0
2024-01-01 02:21:00,20.887,18.513,0.011,0.0,0.0,0.0
2024-01-01 02:22:00,20.167,17.054,0.012,0.0,0.0,0.0
2024-01-01 02:23:00,19.852,16.825,0.012,0.0,0.0,0.0
2024-01-01 02:24:00,21.104,17.522,0.012,0.0,0.0,0.0
2024-01-01 02:25:00,20.822,17.7,0.012,0.0,0.0,0.0
2024-01-01 02:26:00,20.519,17.827,0.013,0.0,0.0,0.0
2024-01-01 02:27:00,20.071,17.094,0.013,0.0,0.0,0.0
2024-01-01 02:28:00,19.548,16.951,0.013,0.0,0.0,0.0
2024-01-01 02:29:00,20.594,17.175,0.013,0.0,0.0,0.0
2024-01-01 02:30:00,19.712,18.139,0.014,0.0,0.0,0.0
2024-01-01 02:31:00,21.404,17.243,0.014,0.0,0.0,0.0
2024-01-01 02:32:00,19.627,17.928,0.014,0.0,0.0,0.0
2024-01-01 02:33:00,20.648,18.429,0.015,0.0,0.0,0.001
2024-01-01 02:34:00,19.781,17.432,0.015,0.0,0.0,0.001
2024-01-01 02:35:00,21.254,18.24,0.015,0.0,0.0,0.001
2024-01-01 02:36:00,21.637,18.503,0.016,0.0,0.0,0.001
2024-01-01 02:37:00,21.607,17.553,0.016,0.0,0.0,0.001
2024-01-01 02:38:00,20.348,18.169,0.016,0.0,0.0,0.001
2024-01-01 02:39:00,20.091,17.757,0.017,0.0,0.0,0.001
2024-01-01 02:40:00,21.222,18.484,0.017,0.0,0.0,0.001
2024-01-01 02:41:00,20.994,17.634,0.017,0.0,0.0,0.001
2024-01-01 02:42:00,19.789,18.545,0.018,0.0,0.0,0.001
2024-01-01 02:43:00,21.672,17.576,0.018,0.0,0.0,0.001
2024-01-01 02:44:00,21.371,17.237,0.018,0.0,0.0,0.001
2024-01-01 02:45:00,19.942,17.766,0.019,0.0,0.0,0.001
2024-01-01 02:46:00,21.226,17.275,0.019,0.0,0.0,0.001
2024-01-01 02:47:00,20.239,16.951,0.02,0.0,0.0,0.001
2024-01-01 02:48:00,19.761,18.499,0.02,0.0,0.0,0.001
2024-01-01 02:49:00,20.533,16.866,0.02,0.0,0.0,0.001
2024-01-01 02:50:00,21.168,17.527,0.021,0.0,0.0,0.001
2024-01-01 02:51:00,20.862,17.655,0.021,0.0,0.0,0.001
2024-01-01 02:52:00,20.712,17.599,0.022,0.0,0.0,0.001
2024-01-01 02:53:00,19.703,17.046,0.022,0.0,0.0,0.001
2024-01-01 02:54:00,20.279,17.598,0.023,0.0,0.0,0.001
2024-01-01 02:55:00,21.098,17.105,0.023,0.0,0.0,0.001
2024-01-01 02:56:00,20.742,17.298,0.024,0.0,0.0,0.001
2024-01-01 02:57:00,19.563,18.54,0.024,0.0,0.0,0.001
2024-01-01 02:58:00,20.814,18.234,0.025,0.0,0.0,0.001
2024-01-01 02:59:00,20.281,17.452,0.025,0.0,0.0,0.001
2024-01-01 03:00:00,21.64,18.292,0.026,0.0,0.0,0.001
2024-01-01 03:01:00,20.532,17.302,0.026,0.0,0.0,0.001
2024-01-01 03:02:00,20.305,18.398,0.027,0.0,0.0,0.001
2024-01-01 03:03:00,20.403,17.38,0.027,0.0,0.0,0.001
2024-01-01 03:04:00,20.933,17.492,0.028,0.0,0.0,0.001
2024-01-01 03:05:00,19.631,18.278,0.028,0.0,0.0,0.001
2024-01-01 03:06:00,20.121,16.774,0.029,0.0,0.0,0.001
2024-01-01 03:07:00,20.22,17.468,0.03,0.0,0.0,0.001
2024-01-01 03:08:00,21.152,16.851,0.03,0.0,0.0,0.001
2024-01-01 03:09:00,20.605,18.377,0.031,0.0,0.0,0.001
2024-01-01 03:10:00,20.046,17.066,0.031,0.0,0.0,0.002
2024-01-01 03:11:00,20.72,16.984,0.032,0.0,0.0,0.002
2024-01-01 03:12:00,19.89,17.466,0.033,0.0,0.0,0.002
2024-01-01 03:13:00,19.978,17.085,0.033,0.0,0.0,0.002
2024-01-01 03:14:00,20.987,16.836,0.034,0.0,0.0,0.002
2024-01-01 03:15:00,19.846,17.774,0.035,0.0,0.0,0.002
2024-01-01 03:16:00,20.726,16.93,0.035,0.0,0.0,0.002
2024-01-01 03:17:00,20.003,16.825,0.036,0.0,0.0,0.002
2024-01-01 03:18:00,19.893,18.543,0.037,0.0,0.0,0.002
2024-01-01 03:19:00,20.142,17.958,0.038,0.0,0.0,0.002
2024-01-01 03:20:00,19.787,17.562,0.038,0.0,0.0,0.002
2024-01-01 03:21:00,20.559,18.422,0.039,0.0,0.0,0.002
2024-01-01 03:22:00,19.644,18.359,0.04,0.0,0.0,0.002
2024-01-01 03:23:00,19.903,17.247,0.041,0.0,0.0,0.002
2024-01-01 03:24:00,21.492,17.573,0.041,0.0,0.0,0.002
2024-01-01 03:25:00,20.898,17.176,0.042,0.0,0.0,0.002
2024-01-01 03:26:00,21.061,16.92,0.043,0.0,0.0,0.002
2024-01-01 03:27:00,21.001,18.446,0.044,0.0,0.0,0.002
2024-01-01 03:28:00,21.441,18.561,0.045,0.0,0.0,0.003
2024-01-01 03:29:00,20.234,17.861,0.046,0.0,0.0,0.003
2024-01-01 03:30:00,21.638,18.242,0.047,0.0,0.0,0.003
2024-01-01 03:31:00,21.582,17.401,0.048,0.0,0.0,0.003
2024-01-01 03:32:00,19.859,17.215,0.048,0.0,0.0,0.003
2024-01-01 03:33:00,20.594,17.908,0.049,0.0,0.0,0.003
2024-01-01 03:34:00,20.207,17.11,0.05,0.0,0.0,0.003
2024-01-01 03:35:00,20.087,16.944,0.051,0.0,0.0,0.003
2024-01-01 03:36:00,20.62,17.035,0.052,0.0,0.0,0.003
2024-01-01 03:37:00,20.537,18.551,0.053,0.0,0.0,0.003
2024-01-01 03:38:00,21.487,17.134,0.054,0.0,0.0,0.003
2024-01-01 03:39:00,20.802,17.309,0.055,0.0,0.0,0.003
2024-01-01 03:40:00,21.13,18.343,0.057,0.0,0.0,0.004
2024-01-01 03:41:00,19.69,18.26,0.058,0.0,0.0,0.004
2024-01-01 03:42:00,20.218,17.041,0.059,0.0,0.0,0.004
2024-01-01 03:43:00,19.942,18.031,0.06,0.0,0.0,0.004
2024-01-01 03:44:00,20.096,16.784,0.061,0.0,0.0,0.004
2024-01-01 03:45:00,19.83,17.711,0.062,0.0,0.0,0.004
2024-01-01 03:46:00,20.254,17.35,0.063,0.0,0.0,0.004
2024-01-01 03:47:00,19.619,17.197,0.065,0.0,0.0,0.004
2024-01-01 03:48:00,21.42,17.956,0.066,0.0,0.0,0.004
2024-01-01 03:49:00,21.438,17.172,0.067,0.0,0.0,0.005
2024-01-01 03:50:00,20.42,16.969,0.068,0.0,0.0,0.005
2024-01-01 03:51:00,20.647,17.632,0.07,0.0,0.0,0.005
2024-01-01 03:52:00,20.988,17.252,0.071,0.0,0.0,0.005
2024-01-01 03:53:00,20.308,18.154,0.072,0.0,0.0,0.005
2024-01-01 03:54:00,21.182,17.103,0.074,0.0,0.0,0.005
2024-01-01 03:55:00,20.006,18.347,0.075,0.0,0.0,0.005
2024-01-01 03:56:00,21.136,17.259,0.076,0.0,0.0,0.006
2024-01-01 03:57:00,20.568,17.295,0.078,0.0,0.0,0.006
2024-01-01 03:58:00,21.471,17.225,0.079,0.0,0.0,0.006
2024-01-01 03:59:00,21.014,17.185,0.081,0.0,0.0,0.006
2024-01-01 04:00:00,20.397,17.751,0.082,0.0,0.0,0.006
2024-01-01 04:01:00,19.828,18.381,0.084,0.0,0.0,0.006
2024-01-01 04:02:00,20.236,17.684,0.085,0.0,0.0,0.007
2024-01-01 04:03:00,21.575,16.784,0.087,0.0,0.0,0.007
2024-01-01 04:04:00,20.721,18.558,0.089,0.0,0.0,0.007
2024-01-01 04:05:00,19.865,17.035,0.09,0.0,0.0,0.007
2024-01-01 04:06:00,19.853,17.225,0.092,0.0,0.0,0.007
2024-01-01 04:07:00,21.187,17.895,0.094,0.0,0.0,0.007
2024-01-01 04:08:00,20.598,17.675,0.095,0.0,0.0,0.008
2024-01-01 04:09:00,19.866,17.041,0.097,0.0,0.0,0.008
2024-01-01 04:10:00,21.056,18.584,0.099,0.0,0.0,0.008
2024-01-01 04:11:00,19.746,16.858,0.101,0.0,0.0,0.008
2024-01-01 04:12:00,19.818,18.093,0.103,0.0,0.0,0.008
2024-01-01 04:13:00,19.864,17.775,0.104,0.0,0.0,0.009
2024-01-01 04:14:00,21.112,17.072,0.106,0.0,0.0,0.009
2024-01-01 04:15:00,20.407,17.12,0.108,0.0,0.0,0.009
2024-01-01 04:16:00,20.342,17.402,0.11,0.0,0.0,0.009
2024-01-01 04:17:00,20.448,18.52,0.112,0.0,0.0,0.01
2024-01-01 04:18:00,20.819,17.242,0.114,0.0,0.0,0.01
2024-01-01 04:19:00,20.855,18.036,0.116,0.0,0.0,0.01
2024-01-01 04:20:00,21.057,17.155,0.119,0.0,0.0,0.01
2024-01-01 04:21:00,19.986,17.083,0.121,0.0,0.0,0.011
2024-01-01 04:22:00,21.4,17.656,0.123,0.0,0.0,0.011
2024-01-01 04:23:00,20.905,17.725,0.125,0.0,0.0,0.011
2024-01-01 04:24:00,20.84,17.535,0.127,0.0,0.0,0.012
2024-01-01 04:25:00,19.844,17.632,0.13,0.0,0.0,0.012
2024-01-01 04:26:00,21.162,17.519,0.132,0.0,0.0,0.012
2024-01-01 04:27:00,19.66,18.413,0.134,0.0,0.0,0.012
2024-01-01 04:28:00,20.757,18.209,0.137,0.0,0.0,0.013
2024-01-01 04:29:00,19.861,17.182,0.139,0.0,0.0,0.013
2024-01-01 04:30:00,21.042,16.841,0.142,0.0,0.0,0.013
2024-01-01 04:31:00,21.567,18.281,0.144,0.0,0.0,0.014
2024-01-01 04:32:00,20.59,18.32,0.147,0.0,0.0,0.014
2024-01-01 04:33:00,20.739,18.12,0.149,0.0,0.0,0.015
2024-01-01 04:34:00,20.627,18.547,0.152,0.0,0.0,0.015
2024-01-01 04:35:00,20.122,16.917,0.154,0.0,0.0,0.015
2024-01-01 04:36:00,19.541,17.256,0.157,0.0,0.0,0.016
2024-01-01 04:37:00,19.542,17.998,0.16,0.0,0.0,0.016
2024-01-01 04:38:00,20.062,18.281,0.163,0.0,0.0,0.016
2024-01-01 04:39:00,20.2,18.436,0.166,0.0,0.0,0.017
2024-01-01 04:40:00,20.724,18.306,0.169,0.0,0.0,0.017
2024-01-01 04:41:00,21.231,17.252,0.171,0.0,0.0,0.018
2024-01-01 04:42:00,19.782,17.796,0.174,0.0,0.0,0.018
2024-01-01 04:43:00,21.412,17.614,0.177,0.0,0.0,0.019
2024-01-01 04:44:00,20.837,16.859,0.181,0.0,0.0,0.019
2024-01-01 04:45:00,20.614,16.756,0.184,0.0,0.0,0.02
2024-01-01 04:46:00,20.63,16.954,0.187,0.0,0.0,0.02
2024-01-01 04:47:00,20.811,16.865,0.19,0.0,0.0,0.021
2024-01-01 04:48:00,20.436,17.619,0.193,0.001,0.001,0.021
2024-01-01 04:49:00,20.042,16.922,0.197,0.001,0.001,0.022
2024-01-01 04:50:00,20.614,18.028,0.2,0.001,0.001,0.022
2024-01-01 04:51:00,19.777,16.746,0.203,0.001,0.001,0.023
2024-01-01 04:52:00,20.769,18.228,0.207,0.001,0.001,0.023
2024-01-01 04:53:00,21.457,17.082,0.21,0.001,0.001,0.024
2024-01-01 04:54:00,21.314,18.244,0.214,0.001,0.001,0.024
2024-01-01 04:55:00,21.409,17.827,0.218,0.001,0.001,0.025
2024-01-01 04:56:00,21.457,17.061,0.221,0.001,0.001,0.026
2024-01-01 04:57:00,21.22,17.641,0.225,0.001,0.001,0.026
2024-01-01 04:58:00,21.116,17.403,0.229,0.001,0.001,0.027
2024-01-01 04:59:00,20.206,18.27,0.233,0.001,0.001,0.028
2024-01-01 05:00:00,21.693,17.843,0.237,0.001,0.001,0.028
2024-01-01 05:01:00,21.645,17.587,0.241,0.001,0.001,0.029
2024-01-01 05:02:00,20.274,17.967,0.245,0.001,0.001,0.03
2024-01-01 05:03:00,20.151,17.835,0.249,0.001,0.001,0.03
2024-01-01 05:04:00,19.577,18.502,0.253,0.001,0.001,0.031
2024-01-01 05:05:00,19.548,18.37,0.257,0.001,0.001,0.032
2024-01-01 05:06:00,19.942,17.735,0.261,0.001,0.001,0.033
2024-01-01 05:07:00,21.366,17.177,0.266,0.001,0.001,0.033
2024-01-01 05:08:00,21.494,17.629,0.27,0.001,0.001,0.034
2024-01-01 05:09:00,20.103,18.061,0.275,0.001,0.001,0.035
2024-01-01 05:10:00,20.577,18.58,0.279,0.001,0.001,0.036
2024-01-01 05:11:00,20.232,17.893,0.284,0.001,0.001,0.037
2024-01-01 05:12:00,19.942,18.056,0.288,0.001,0.001,0.038
2024-01-01 05:13:00,21.506,17.852,0.293,0.001,0.001,0.038
2024-01-01 05:14:00,21.012,16.89,0.298,0.001,0.001,0.039
2024-01-01 05:15:00,20.273,18.081,0.303,0.001,0.001,0.04
2024-01-01 05:16:00,20.713,17.091,0.308,0.001,0.001,0.041
2024-01-01 05:17:00,21.468,18.18,0.313,0.002,0.002,0.042
2024-01-01 05:18:00,21.372,17.831,0.318,0.002,0.002,0.043
2024-01-01 05:19:00,19.552,18.114,0.323,0.002,0.002,0.044
2024-01-01 05:20:00,20.377,16.975,0.328,0.002,0.002,0.045
2024-01-01 05:21:00,20.825,16.828,0.334,0.002,0.002,0.046
2024-01-01 05:22:00,19.593,18.23,0.339,0.002,0.002,0.047
2024-01-01 05:23:00,20.233,17.753,0.344,0.002,0.002,0.048
2024-01-01 05:24:00,19.787,18.454,0.35,0.002,0.002,0.05
2024-01-01 05:25:00,21.141,17.383,0.355,0.002,0.002,0.051
2024-01-01 05:26:00,19.701,18.096,0.361,0.002,0.002,0.052
2024-01-01 05:27:00,20.995,17.713,0.367,0.002,0.002,0.053
2024-01-01 05:28:00,20.814,17.952,0.373,0.002,0.002,0.054
2024-01-01 05:29:00,20.92,16.838,0.379,0.002,0.002,0.056
2024-01-01 05:30:00,19.536,17.083,0.385,0.002,0.002,0.057
2024-01-01 05:31:00,20.366,18.388,0.391,0.002,0.002,0.058
2024-01-01 05:32:00,21.447,17.836,0.397,0.003,0.003,0.059
2024-01-01 05:33:00,21.469,18.043,0.403,0.003,0.003,0.061
2024-01-01 05:34:00,20.905,17.094,0.41,0.003,0.003,0.062
2024-01-01 05:35:00,20.471,18.015,0.416,0.003,0.003,0.064
2024-01-01 05:36:00,20.888,17.487,0.423,0.003,0.003,0.065
2024-01-01 05:37:00,20.513,17.029,0.429,0.003,0.003,0.067
2024-01-01 05:38:00,21.357,17.367,0.436,0.003,0.003,0.068
2024-01-01 05:39:00,19.753,18.436,0.443,0.003,0.003,0.07
2024-01-01 05:40:00,21.314,18.11,0.45,0.003,0.003,0.071
2024-01-01 05:41:00,20.727,18.415,0.457,0.004,0.004,0.073
2024-01-01 05:42:00,19.969,16.85,0.464,0.004,0.004,0.074
2024-01-01 05:43:00,20.683,17.331,0.471,0.004,0.004,0.076
2024-01-01 05:44:00,20.647,17.827,0.478,0.004,0.004,0.078
2024-01-01 05:45:00,19.618,17.51,0.486,0.004,0.004,0.079
2024-01-01 05:46:00,21.619,17.415,0.493,0.004,0.004,0.081
2024-01-01 05:47:00,20.339,17.156,0.501,0.004,0.004,0.083
2024-01-01 05:48:00,19.761,17.818,0.508,0.004,0.004,0.085
2024-01-01 05:49:00,19.94,16.915,0.516,0.005,0.005,0.087
2024-01-01 05:50:00,20.023,17.141,0.524,0.005,0.005,0.089
2024-01-01 05:51:00,19.543,18.398,0.532,0.005,0.005,0.091
2024-01-01 05:52:00,20.082,17.032,0.54,0.005,0.005,0.093
2024-01-01 05:53:00,20.804,18.087,0.548,0.005,0.005,0.095
2024-01-01 05:54:00,19.657,17.12,0.556,0.005,0.005,0.097
2024-01-01 05:55:00,20.744,18.127,0.565,0.006,0.006,0.099
2024-01-01 05:56:00,20.934,18.342,0.573,0.006,0.006,0.101
2024-01-01 05:57:00,19.831,17.978,0.582,0.006,0.006,0.103
2024-01-01 05:58:00,20.956,18.241,0.591,0.006,0.006,0.105
2024-01-01 05:59:00,20.621,17.896,0.599,0.006,0.006,0.108
2024-01-01 06:00:00,21.34,16.842,0.608,0.007,0.007,0.11
2024-01-01 06:01:00,20.862,17.325,0.618,0.007,0.007,0.112
2024-01-01 06:02:00,21.262,17.322,0.627,0.007,0.007,0.115
2024-01-01 06:03:00,19.922,17.342,0.636,0.007,0.007,0.117
2024-01-01 06:04:00,21.091,17.331,0.645,0.008,0.008,0.12
2024-01-01 06:05:00,20.011,17.31,0.655,0.008,0.008,0.122
2024-01-01 06:06:00,20.792,17.626,0.665,0.008,0.008,0.125
2024-01-01 06:07:00,21.518,18.293,0.674,0.008,0.008,0.128
2024-01-01 06:08:00,20.6,17.9,0.684,0.009,0.009,0.13
2024-01-01 06:09:00,19.538,17.449,0.694,0.009,0.009,0.133
2024-01-01 06:10:00,20.224,17.255,0.705,0.009,0.009,0.136
2024-01-01 06:11:00,20.268,17.286,0.715,0.01,0.01,0.139
2024-01-01 06:12:00,21.391,16.96,0.725,0.01,0.01,0.142
2024-01-01 06:13:00,19.722,17.351,0.736,0.01,0.01,0.145
2024-01-01 06:14:00,20.609,17.208,0.746,0.011,0.011,0.148
2024-01-01 06:15:00,20.611,18.156,0.757,0.011,0.011,0.151
2024-01-01 06:16:00,19.716,17.166,0.768,0.011,0.011,0.154
2024-01-01 06:17:00,20.433,17.217,0.779,0.012,0.012,0.157
2024-01-01 06:18:00,21.354,17.857,0.79,0.012,0.012,0.16
2024-01-01 06:19:00,20.386,17.896,0.802,0.012,0.012,0.164
2024-01-01 06:20:00,20.597,16.783,0.813,0.013,0.013,0.167
2024-01-01 06:21:00,21.162,17.199,0.825,0.013,0.013,0.17
2024-01-01 06:22:00,19.675,18.104,0.837,0.014,0.014,0.174
2024-01-01 06:23:00,19.922,18.338,0.849,0.014,0.014,0.178
2024-01-01 06:24:00,19.704,17.603,0.861,0.015,0.015,0.181
2024-01-01 06:25:00,20.957,17.219,0.873,0.015,0.015,0.185
2024-01-01 06:26:00,21.636,17.503,0.885,0.016,0.016,0.189
2024-01-01 06:27:00,20.49,17.175,0.898,0.016,0.016,0.192
2024-01-01 06:28:00,20.783,18.067,0.91,0.017,0.017,0.196
2024-01-01 06:29:00,20.111,17.695,0.923,0.017,0.017,0.2
2024-01-01 06:30:00,19.773,17.467,0.936,0.018,0.018,0.204
2024-01-01 06:31:00,20.818,16.891,0.949,0.018,0.018,0.209
2024-01-01 06:32:00,21.526,18.361,0.962,0.019,0.019,0.213
2024-01-01 06:33:00,20.416,17.349,0.976,0.019,0.019,0.217
2024-01-01 06:34:00,20.373,17.844,0.989,0.02,0.02,0.221
2024-01-01 06:35:00,21.449,18.09,1.003,0.021,0.021,0.226
2024-01-01 06:36:00,20.279,17.113,1.017,0.021,0.021,0.23
2024-01-01 06:37:00,20.893,18.052,1.031,0.022,0.022,0.235
2024-01-01 06:38:00,21.593,18.46,1.045,0.023,0.023,0.24
2024-01-01 06:39:00,19.787,17.538,1.059,0.023,0.023,0.244
2024-01-01 06:40:00,21.261,17.276,1.074,0.024,0.024,0.249
2024-01-01 06:41:00,21.401,16.799,1.088,0.025,0.025,0.254
2024-01-01 06:42:00,19.919,16.875,1.103,0.026,0.026,0.259
2024-01-01 06:43:00,20.737,17.281,1.118,0.026,0.026,0.264
2024-01-01 06:44:00,21.095,17.039,1.133,0.027,0.027,0.269
2024-01-01 06:45:00,19.929,18.592,1.149,0.028,0.028,0.275
2024-01-01 06:46:00,20.849,18.426,1.164,0.029,0.029,0.28
2024-01-01 06:47:00,21.288,17.929,1.18,0.03,0.03,0.285
2024-01-01 06:48:00,20.333,17.246,1.196,0.031,0.031,0.291
2024-01-01 06:49:00,21.215,18.289,1.212,0.032,0.032,0.297
2024-01-01 06:50:00,20.155,17.74,1.228,0.033,0.033,0.302
2024-01-01 06:51:00,19.941,18.432,1.244,0.034,0.034,0.308
2024-01-01 06:52:00,20.214,18.46,1.261,0.035,0.035,0.314
2024-01-01 06:53:00,21.503,17.042,1.278,0.036,0.036,0.32
2024-01-01 06:54:00,21.636,17.735,1.295,0.037,0.037,0.326
2024-01-01 06:55:00,21.373,18.1,1.312,0.038,0.038,0.332
2024-01-01 06:56:00,20.854,17.142,1.329,0.039,0.039,0.339
2024-01-01 06:57:00,20.51,17.75,1.346,0.04,0.04,0.345
2024-01-01 06:58:00,21.638,17.435,1.364,0.041,0.041,0.352
2024-01-01 06:59:00,21.087,17.516,1.382,0.042,0.042,0.358
2024-01-01 07:00:00,21.085,18.199,1.4,0.044,0.044,0.365
2024-01-01 07:01:00,20.462,18.22,1.418,0.045,0.045,0.372
2024-01-01 07:02:00,21.093,17.279,1.437,0.046,0.046,0.379
2024-01-01 07:03:00,20.474,16.795,1.455,0.048,0.048,0.386
2024-01-01 07:04:00,20.135,17.961,1.474,0.049,0.049,0.393
2024-01-01 07:05:00,20.805,17.614,1.493,0.051,0.051,0.401
2024-01-01 07:06:00,19.533,16.89,1.512,0.052,0.052,0.408
2024-01-01 07:07:00,21.695,18.44,1.532,0.054,0.054,0.416
2024-01-01 07:08:00,20.887,18.279,1.551,0.055,0.055,0.423
2024-01-01 07:09:00,20.789,18.291,1.571,0.057,0.057,0.431
2024-01-01 07:10:00,19.682,17.558,1.591,0.058,0.058,0.439
2024-01-01 07:11:00,21.642,17.233,1.612,0.06,0.06,0.447
2024-01-01 07:12:00,21.064,17.644,1.632,0.062,0.062,0.455
2024-01-01 07:13:00,21.104,18.414,1.653,0.064,0.064,0.464
2024-01-01 07:14:00,19.575,17.36,1.674,0.065,0.065,0.472
2024-01-01 07:15:00,21.207,17.622,1.695,0.067,0.067,0.481
2024-01-01 07:16:00,20.533,17.041,1.716,0.069,0.069,0.489
2024-01-01 07:17:00,19.552,18.18,1.737,0.071,0.071,0.498
2024-01-01 07:18:00,19.798,17.1,1.759,0.073,0.073,0.507
2024-01-01 07:19:00,21.49,16.826,1.781,0.075,0.075,0.516
2024-01-01 07:20:00,21.091,17.448,1.803,0.077,0.077,0.526
2024-01-01 07:21:00,21.366,18.536,1.826,0.079,0.079,0.535
2024-01-01 07:22:00,19.88,17.118,1.848,0.082,0.082,0.545
2024-01-01 07:23:00,20.613,17.391,1.871,0.084,0.084,0.554
2024-01-01 07:24:00,20.248,17.774,1.894,0.086,0.086,0.564
2024-01-01 07:25:00,20.371,17.328,1.917,0.089,0.089,0.574
2024-01-01 07:26:00,19.965,17.806,1.941,0.091,0.091,0.584
2024-01-01 07:27:00,19.639,16.996,1.964,0.094,0.094,0.595
2024-01-01 07:28:00,21.493,17.058,1.988,0.096,0.096,0.605
2024-01-01 07:29:00,19.648,17.199,2.013,0.099,0.099,0.616
2024-01-01 07:30:00,20.769,17.141,2.037,0.102,0.102,0.626
2024-01-01 07:31:00,19.654,17.309,2.062,0.105,0.105,0.637
2024-01-01 07:32:00,20.62,17.433,2.087,0.107,0.107,0.649
2024-01-01 07:33:00,19.671,17.337,2.112,0.11,0.11,0.66
2024-01-01 07:34:00,19.909,18.077,2.137,0.113,0.113,0.671
2024-01-01 07:35:00,20.938,17.375,2.163,0.116,0.116,0.683
2024-01-01 07:36:00,19.93,17.617,2.188,0.12,0.12,0.695
2024-01-01 07:37:00,20.846,17.347,2.214,0.123,0.123,0.707
2024-01-01 07:38:00,20.462,17.272,2.241,0.126,0.126,0.719
2024-01-01 07:39:00,19.589,17.543,2.267,0.129,0.129,0.731
2024-01-01 07:40:00,20.911,17.971,2.294,0.133,0.133,0.743
2024-01-01 07:41:00,21.566,17.133,2.321,0.136,0.136,0.756
2024-01-01 07:42:00,20.689,17.004,2.348,0.14,0.14,0.769
2024-01-01 07:43:00,21.087,18.386,2.376,0.144,0.144,0.782
2024-01-01 07:44:00,19.589,17.257,2.404,0.148,0.148,0.795
2024-01-01 07:45:00,21.565,18.542,2.432,0.152,0.152,0.808
2024-01-01 07:46:00,21.596,17.948,2.46,0.156,0.156,0.822
2024-01-01 07:47:00,19.63,17.931,2.488,0.16,0.16,0.836
2024-01-01 07:48:00,20.991,17.757,2.517,0.164,0.164,0.85
2024-01-01 07:49:00,21.418,17.809,2.546,0.168,0.168,0.864
2024-01-01 07:50:00,21.166,18.455,2.576,0.172,0.172,0.878
2024-01-01 07:51:00,21.448,18.567,2.605,0.177,0.177,0.893
2024-01-01 07:52:00,20.33,17.693,2.635,0.182,0.182,0.907
2024-01-01 07:53:00,20.081,18.04,2.665,0.186,0.186,0.922
2024-01-01 07:54:00,20.092,16.97,2.695,0.191,0.191,0.938
2024-01-01 07:55:00,20.606,17.8,2.726,0.196,0.196,0.953
2024-01-01 07:56:00,21.48,17.055,2.757,0.201,0.201,0.969
2024-01-01 07:57:00,20.99,16.944,2.788,0.206,0.206,0.984
2024-01-01 07:58:00,20.244,17.269,2.819,0.211,0.211,1.0
2024-01-01 07:59:00,19.558,17.383,2.851,0.217,0.217,1.016
2024-01-01 08:00:00,20.047,16.842,2.883,0.222,0.222,1.033
2024-01-01 08:01:00,19.697,17.003,2.915,0.228,0.228,1.05
2024-01-01 08:02:00,21.206,18.476,2.947,0.234,0.234,1.066
2024-01-01 08:03:00,21.453,17.105,2.98,0.239,0.239,1.083
2024-01-01 08:04:00,19.617,18.577,3.013,0.245,0.245,1.101
2024-01-01 08:05:00,20.654,18.129,3.046,0.252,0.252,1.118
2024-01-01 08:06:00,20.998,17.879,3.08,0.258,0.258,1.136
2024-01-01 08:07:00,20.52,16.92,3.113,0.264,0.264,1.154
2024-01-01 08:08:00,21.511,17.499,3.147,0.271,0.271,1.172
2024-01-01 08:09:00,20.674,17.177,3.182,0.277,0.277,1.191
2024-01-01 08:10:00,19.679,17.029,3.216,0.284,0.284,1.209
2024-01-01 08:11:00,19.67,17.818,3.251,0.291,0.291,1.228
2024-01-01 08:12:00,20.911,17.692,3.286,0.298,0.298,1.248
2024-01-01 08:13:00,20.341,18.242,3.322,0.306,0.306,1.267
2024-01-01 08:14:00,19.565,17.419,3.358,0.313,0.313,1.287
2024-01-01 08:15:00,19.534,16.969,3.394,0.321,0.321,1.306
2024-01-01 08:16:00,20.231,17.928,3.43,0.329,0.329,1.327
2024-01-01 08:17:00,20.721,17.978,3.466,0.336,0.336,1.347
2024-01-01 08:18:00,21.114,18.015,3.503,0.345,0.345,1.368
2024-01-01 08:19:00,21.511,17.414,3.54,0.353,0.353,1.389
2024-01-01 08:20:00,20.209,17.854,3.578,0.361,0.361,1.41
2024-01-01 08:21:00,21.605,17.645,3.616,0.37,0.37,1.431
2024-01-01 08:22:00,20.742,16.887,3.653,0.379,0.379,1.453
2024-01-01 08:23:00,20.163,18.285,3.692,0.388,0.388,1.475
2024-01-01 08:24:00,21.465,18.11,3.73,0.397,0.397,1.497
2024-01-01 08:25:00,20.131,18.003,3.769,0.406,0.406,1.52
2024-01-01 08:26:00,21.401,17.428,3.808,0.416,0.416,1.542
2024-01-01 08:27:00,20.884,17.164,3.848,0.425,0.425,1.565
2024-01-01 08:28:00,20.474,17.458,3.887,0.435,0.435,1.589
2024-01-01 08:29:00,20.768,17.17,3.927,0.446,0.446,1.612
2024-01-01 08:30:00,20.354,17.009,3.968,0.456,0.456,1.636
2024-01-01 08:31:00,20.439,17.612,4.008,0.466,0.466,1.66
2024-01-01 08:32:00,19.884,17.651,4.049,0.477,0.477,1.685
2024-01-01 08:33:00,20.1,17.467,4.09,0.488,0.488,1.709
2024-01-01 08:34:00,19.627,17.48,4.132,0.499,0.499,1.734
2024-01-01 08:35:00,21.4,16.972,4.173,0.511,0.511,1.76
2024-01-01 08:36:00,20.649,17.991,4.215,0.522,0.522,1.785
2024-01-01 08:37:00,21.375,18.121,4.258,0.534,0.534,1.811
2024-01-01 08:38:00,20.549,18.058,4.3,0.546,0.546,1.837
2024-01-01 08:39:00,20.428,17.486,4.343,0.559,0.559,1.864
2024-01-01 08:40:00,21.479,17.41,4.386,0.571,0.571,1.89
2024-01-01 08:41:00,19.613,17.328,4.43,0.584,0.584,1.917
2024-01-01 08:42:00,19.947,17.093,4.473,0.597,0.597,1.945
2024-01-01 08:43:00,21.267,16.923,4.517,0.611,0.611,1.972
2024-01-01 08:44:00,20.057,17.469,4.562,0.624,0.624,2.0
2024-01-01 08:45:00,21.613,18.341,4.606,0.638,0.638,2.029
2024-01-01 08:46:00,20.919,16.967,4.651,0.652,0.652,2.057
2024-01-01 08:47:00,20.472,18.43,4.697,0.666,0.666,2.086
2024-01-01 08:48:00,19.853,16.967,4.742,0.681,0.681,2.115
2024-01-01 08:49:00,21.556,18.567,4.788,0.696,0.696,2.145
2024-01-01 08:50:00,19.788,17.431,4.834,0.711,0.711,2.174
2024-01-01 08:51:00,21.402,16.814,4.88,0.726,0.726,2.205
2024-01-01 08:52:00,20.772,18.235,4.927,0.742,0.742,2.235
2024-01-01 08:53:00,19.714,18.201,4.974,0.758,0.758,2.266
2024-01-01 08:54:00,21.557,18.578,5.021,0.775,0.775,2.297
2024-01-01 08:55:00,20.118,17.229,5.069,0.791,0.791,2.328
2024-01-01 08:56:00,20.898,17.651,5.117,0.808,0.808,2.36
2024-01-01 08:57:00,20.443,17.923,5.165,0.825,0.825,2.392
2024-01-01 08:58:00,20.582,17.736,5.213,0.843,0.843,2.424
2024-01-01 08:59:00,20.175,18.23,5.262,0.861,0.861,2.457
2024-01-01 09:00:00,19.979,17.259,5.311,0.879,0.879,2.49
2024-01-01 09:01:00,20.812,17.197,5.361,0.897,0.897,2.524
2024-01-01 09:02:00,20.242,17.004,5.41,0.916,0.916,2.557
2024-01-01 09:03:00,20.408,17.127,5.46,0.935,0.935,2.591
2024-01-01 09:04:00,20.153,18.319,5.51,0.955,0.955,2.626
2024-01-01 09:05:00,20.543,18.473,5.561,0.974,0.974,2.66
2024-01-01 09:06:00,20.266,17.603,5.612,0.994,0.994,2.695
2024-01-01 09:07:00,20.42,18.583,5.663,1.015,1.015,2.731
2024-01-01 09:08:00,20.416,18.267,5.714,1.036,1.036,2.767
2024-01-01 09:09:00,21.229,18.375,5.766,1.057,1.057,2.803
2024-01-01 09:10:00,19.542,18.332,5.817,1.079,1.079,2.839
2024-01-01 09:11:00,21.419,17.605,5.87,1.1,1.1,2.876
2024-01-01 09:12:00,20.431,18.497,5.922,1.123,1.123,2.913
2024-01-01 09:13:00,21.591,17.594,5.975,1.145,1.145,2.95
2024-01-01 09:14:00,20.336,16.911,6.028,1.168,1.168,2.988
2024-01-01 09:15:00,20.032,18.079,6.081,1.192,1.192,3.026
2024-01-01 09:16:00,20.786,17.479,6.135,1.216,1.216,3.065
2024-01-01 09:17:00,20.387,16.934,6.189,1.24,1.24,3.104
2024-01-01 09:18:00,20.755,17.723,6.243,1.264,1.264,3.143
2024-01-01 09:19:00,19.787,17.742,6.298,1.289,1.289,3.182
2024-01-01 09:20:00,20.543,17.325,6.352,1.315,1.315,3.222
2024-01-01 09:21:00,20.402,18.049,6.407,1.34,1.34,3.263
2024-01-01 09:22:00,20.341,16.962,6.463,1.367,1.367,3.303
2024-01-01 09:23:00,19.897,18.08,6.518,1.393,1.393,3.344
2024-01-01 09:24:00,19.93,18.036,6.574,1.42,1.42,3.386
2024-01-01 09:25:00,20.258,17.316,6.63,1.448,1.448,3.427
2024-01-01 09:26:00,19.73,17.478,6.687,1.475,1.475,3.469
2024-01-01 09:27:00,20.814,18.012,6.743,1.504,1.504,3.512
2024-01-01 09:28:00,21.12,16.818,6.8,1.532,1.532,3.555
2024-01-01 09:29:00,20.334,16.824,6.858,1.562,1.562,3.598
2024-01-01 09:30:00,21.165,17.261,6.915,1.591,1.591,3.641
2024-01-01 09:31:00,21.367,18.051,6.973,1.621,1.621,3.685
2024-01-01 09:32:00,21.263,18.042,7.031,1.652,1.652,3.729
2024-01-01 09:33:00,20.853,18.158,7.089,1.683,1.683,3.774
2024-01-01 09:34:00,19.629,18.03,7.148,1.714,1.714,3.819
2024-01-01 09:35:00,19.882,18.586,7.207,1.746,1.746,3.864
2024-01-01 09:36:00,20.574,18.379,7.266,1.778,1.778,3.91
2024-01-01 09:37:00,21.374,16.821,7.325,1.811,1.811,3.956
2024-01-01 09:38:00,20.034,18.092,7.385,1.845,1.845,4.003
2024-01-01 09:39:00,20.14,16.918,7.444,1.878,1.878,4.049
2024-01-01 09:40:00,19.735,18.224,7.504,1.913,1.913,4.096
2024-01-01 09:41:00,20.024,18.361,7.565,1.947,1.947,4.144
2024-01-01 09:42:00,19.608,17.44,7.625,1.983,1.983,4.192
2024-01-01 09:43:00,21.497,17.523,7.686,2.019,2.019,4.24
2024-01-01 09:44:00,21.012,17.162,7.747,2.055,2.055,4.289
2024-01-01 09:45:00,19.875,17.439,7.809,2.092,2.092,4.338
2024-01-01 09:46:00,20.98,18.345,7.87,2.129,2.129,4.387
2024-01-01 09:47:00,21.544,17.368,7.932,2.167,2.167,4.437
2024-01-01 09:48:00,20.496,18.566,7.994,2.205,2.205,4.487
2024-01-01 09:49:00,20.974,17.43,8.056,2.244,2.244,4.537
2024-01-01 09:50:00,19.756,18.432,8.119,2.283,2.283,4.588
2024-01-01 09:51:00,19.844,18.0,8.182,2.323,2.323,4.639
2024-01-01 09:52:00,20.604,17.809,8.245,2.364,2.364,4.691
2024-01-01 09:53:00,20.09,18.179,8.308,2.405,2.405,4.743
2024-01-01 09:54:00,21.072,17.245,8.371,2.446,2.446,4.795
2024-01-01 09:55:00,19.561,18.04,8.435,2.488,2.488,4.847
2024-01-01 09:56:00,21.51,18.546,8.499,2.531,2.531,4.9
2024-01-01 09:57:00,20.486,18.141,8.563,2.574,2.574,4.954
2024-01-01 09:58:00,19.836,18.257,8.627,2.618,2.618,5.007
2024-01-01 09:59:00,20.949,18.015,8.692,2.662,2.662,5.061
2024-01-01 10:00:00,21.677,17.495,8.757,2.707,2.707,5.116
2024-01-01 10:01:00,20.458,17.32,8.822,2.752,2.752,5.171
2024-01-01 10:02:00,20.683,17.294,8.887,2.798,2.798,5.226
2024-01-01 10:03:00,20.949,18.169,8.952,2.845,2.845,5.281
2024-01-01 10:04:00,20.245,17.508,9.018,2.892,2.892,5.337
2024-01-01 10:05:00,20.383,17.985,9.084,2.939,2.939,5.393
2024-01-01 10:06:00,21.333,18.596,9.15,2.988,2.988,5.45
2024-01-01 10:07:00,21.181,17.214,9.216,3.036,3.036,5.506
2024-01-01 10:08:00,21.143,17.267,9.282,3.086,3.086,5.564
2024-01-01 10:09:00,19.723,18.476,9.349,3.136,3.136,5.621
2024-01-01 10:10:00,19.54,17.489,9.415,3.187,3.187,5.679
2024-01-01 10:11:00,20.211,17.544,9.482,3.238,3.238,5.737
2024-01-01 10:12:00,20.578,17.498,9.549,3.289,3.289,5.796
2024-01-01 10:13:00,21.499,18.115,9.617,3.342,3.342,5.855
2024-01-01 10:14:00,20.833,17.159,9.684,3.395,3.395,5.914
2024-01-01 10:15:00,20.33,18.474,9.752,3.448,3.448,5.974
2024-01-01 10:16:00,21.587,18.419,9.82,3.503,3.503,6.034
2024-01-01 10:17:00,21.146,17.617,9.888,3.557,3.557,6.094
2024-01-01 10:18:00,19.687,16.952,9.956,3.613,3.613,6.154
2024-01-01 10:19:00,21.029,18.486,10.024,3.669,3.669,6.215
2024-01-01 10:20:00,21.399,18.263,10.093,3.725,3.725,6.276
2024-01-01 10:21:00,20.55,18.079,10.161,3.783,3.783,6.338
2024-01-01 10:22:00,21.131,18.089,10.23,3.84,3.84,6.4
2024-01-01 10:23:00,20.827,17.401,10.299,3.899,3.899,6.462
2024-01-01 10:24:00,20.304,17.286,10.368,3.958,3.958,6.524
2024-01-01 10:25:00,20.07,17.739,10.437,4.018,4.018,6.587
2024-01-01 10:26:00,20.944,17.16,10.506,4.078,4.078,6.65
2024-01-01 10:27:00,21.384,16.86,10.576,4.139,4.139,6.714
2024-01-01 10:28:00,20.428,18.571,10.645,4.2,4.2,6.777
2024-01-01 10:29:00,21.27,18.228,10.715,4.263,4.263,6.841
2024-01-01 10:30:00,20.993,18.18,10.785,4.325,4.325,6.906
2024-01-01 10:31:00,20.919,17.655,10.855,4.389,4.389,6.97
2024-01-01 10:32:00,20.216,16.769,10.925,4.453,4.453,7.035
2024-01-01 10:33:00,20.783,16.848,10.995,4.517,4.517,7.1
2024-01-01 10:34:00,20.45,17.977,11.065,4.583,4.583,7.166
2024-01-01 10:35:00,21.122,17.084,11.136,4.648,4.648,7.232
2024-01-01 10:36:00,20.198,17.577,11.206,4.715,4.715,7.298
2024-01-01 10:37:00,19.9,18.259,11.277,4.782,4.782,7.364
2024-01-01 10:38:00,19.954,17.183,11.348,4.85,4.85,7.431
2024-01-01 10:39:00,21.349,18.108,11.419,4.918,4.918,7.497
2024-01-01 10:40:00,21.24,18.39,11.489,4.987,4.987,7.564
2024-01-01 10:41:00,20.934,18.384,11.56,5.057,5.057,7.632
2024-01-01 10:42:00,20.215,17.899,11.631,5.127,5.127,7.699
2024-01-01 10:43:00,20.259,17.455,11.703,5.198,5.198,7.767
2024-01-01 10:44:00,19.798,16.863,11.774,5.269,5.269,7.835
2024-01-01 10:45:00,20.617,18.531,11.845,5.341,5.341,7.904
2024-01-01 10:46:00,21.093,17.31,11.916,5.414,5.414,7.972
2024-01-01 10:47:00,21.182,18.233,11.988,5.487,5.487,8.041
2024-01-01 10:48:00,20.603,17.331,12.059,5.561,5.561,8.11
2024-01-01 10:49:00,20.797,17.277,12.131,5.635,5.635,8.18
2024-01-01 10:50:00,20.339,18.08,12.202,5.71,5.71,8.249
2024-01-01 10:51:00,19.735,16.877,12.274,5.786,5.786,8.319
2024-01-01 10:52:00,20.603,18.571,12.345,5.862,5.862,8.389
2024-01-01 10:53:00,21.681,17.373,12.417,5.939,5.939,8.459
2024-01-01 10:54:00,20.308,17.717,12.489,6.016,6.016,8.53
2024-01-01 10:55:00,20.362,18.433,12.56,6.094,6.094,8.6
2024-01-01 10:56:00,21.201,16.886,12.632,6.173,6.173,8.671
2024-01-01 10:57:00,20.031,18.593,12.704,6.252,6.252,8.742
2024-01-01 10:58:00,20.161,17.751,12.776,6.332,6.332,8.813
2024-01-01 10:59:00,21.47,18.349,12.847,6.412,6.412,8.885
2024-01-01 11:00:00,19.795,18.033,12.919,6.493,6.493,8.956
2024-01-01 11:01:00,20.957,18.309,12.991,6.574,6.574,9.028
2024-01-01 11:02:00,20.79,18.29,13.063,6.656,6.656,9.1
2024-01-01 11:03:00,20.362,17.793,13.134,6.739,6.739,9.172
2024-01-01 11:04:00,19.981,17.085,13.206,6.822,6.822,9.244
2024-01-01 11:05:00,19.687,18.121,13.278,6.906,6.906,9.317
2024-01-01 11:06:00,20.285,18.417,13.35,6.99,6.99,9.389
2024-01-01 11:07:00,21.245,17.668,13.421,7.075,7.075,9.462
2024-01-01 11:08:00,20.143,18.357,13.493,7.16,7.16,9.535
2024-01-01 11:09:00,19.974,18.201,13.565,7.246,7.246,9.608
2024-01-01 11:10:00,20.768,17.613,13.636,7.332,7.332,9.681
2024-01-01 11:11:00,20.645,18.045,13.708,7.419,7.419,9.754
2024-01-01 11:12:00,19.919,18.054,13.779,7.506,7.506,9.827
2024-01-01 11:13:00,20.175,18.31,13.85,7.594,7.594,9.901
2024-01-01 11:14:00,20.935,17.503,13.922,7.682,7.682,9.974
2024-01-01 11:15:00,21.071,17.244,13.993,7.771,7.771,10.048
2024-01-01 11:16:00,20.504,17.556,14.064,7.86,7.86,10.121
2024-01-01 11:17:00,20.756,17.466,14.136,7.95,7.95,10.195
2024-01-01 11:18:00,19.979,17.393,14.207,8.04,8.04,10.269
2024-01-01 11:19:00,21.07,16.79,14.278,8.131,8.131,10.343
2024-01-01 11:20:00,19.756,17.187,14.348,8.222,8.222,10.417
2024-01-01 11:21:00,21.468,18.225,14.419,8.314,8.314,10.491
2024-01-01 11:22:00,21.185,17.957,14.49,8.406,8.406,10.566
2024-01-01 11:23:00,19.932,17.861,14.561,8.498,8.498,10.64
2024-01-01 11:24:00,19.631,17.556,14.631,8.591,8.591,10.714
2024-01-01 11:25:00,19.888,17.795,14.702,8.684,8.684,10.788
2024-01-01 11:26:00,21.189,17.048,14.772,8.778,8.778,10.863
2024-01-01 11:27:00,19.811,18.149,14.842,8.872,8.872,10.937
2024-01-01 11:28:00,21.144,17.955,14.912,8.967,8.967,11.011
2024-01-01 11:29:00,20.858,17.39,14.982,9.061,9.061,11.086
2024-01-01 11:30:00,20.79,17.155,15.052,9.157,9.157,11.16
2024-01-01 11:31:00,21.391,16.828,15.121,9.252,9.252,11.235
2024-01-01 11:32:00,20.989,16.793,15.191,9.348,9.348,11.309
2024-01-01 11:33:00,20.642,16.898,15.26,9.444,9.444,11.383
2024-01-01 11:34:00,19.97,17.133,15.329,9.541,9.541,11.458
2024-01-01 11:35:00,21.565,18.227,15.398,9.638,9.638,11.532
2024-01-01 11:36:00,19.955,18.554,15.467,9.735,9.735,11.606
2024-01-01 11:37:00,20.848,17.386,15.536,9.833,9.833,11.681
2024-01-01 11:38:00,20.167,17.388,15.604,9.93,9.93,11.755
2024-01-01 11:39:00,21.673,18.026,15.672,10.028,10.028,11.829
2024-01-01 11:40:00,21.618,18.001,15.741,10.127,10.127,11.903
2024-01-01 11:41:00,20.355,18.303,15.808,10.225,10.225,11.977
2024-01-01 11:42:00,19.578,17.423,15.876,10.324,10.324,12.051
2024-01-01 11:43:00,21.314,17.839,15.944,10.423,10.423,12.125
2024-01-01 11:44:00,19.692,17.21,16.011,10.522,10.522,12.199
2024-01-01 11:45:00,20.992,18.458,16.078,10.622,10.622,12.272
2024-01-01 11:46:00,21.205,17.508,16.145,10.722,10.722,12.346
2024-01-01 11:47:00,19.843,17.243,16.212,10.821,10.821,12.419
2024-01-01 11:48:00,20.551,17.477,16.278,10.921,10.921,12.493
2024-01-01 11:49:00,21.538,17.398,16.344,11.022,11.022,12.566
2024-01-01 11:50:00,21.575,18.35,16.41,11.122,11.122,12.639
2024-01-01 11:51:00,19.997,17.375,16.476,11.222,11.222,12.712
2024-01-01 11:52:00,21.315,17.65,16.541,11.323,11.323,12.785
2024-01-01 11:53:00,21.174,17.599,16.607,11.424,11.424,12.858
2024-01-01 11:54:00,20.24,18.517,16.672,11.525,11.525,12.93
2024-01-01 11:55:00,20.348,17.19,16.736,11.625,11.625,13.002
2024-01-01 11:56:00,19.778,16.755,16.801,11.726,11.726,13.074
2024-01-01 11:57:00,21.284,18.071,16.865,11.827,11.827,13.146
2024-01-01 11:58:00,20.401,16.919,16.929,11.928,11.928,13.218
2024-01-01 11:59:00,20.079,18.532,16.992,12.03,12.03,13.29
2024-01-01 12:00:00,19.886,17.115,17.056,12.131,12.131,13.361
2024-01-01 12:01:00,19.757,18.495,17.119,12.232,12.232,13.432
2024-01-01 12:02:00,21.509,18.064,17.181,12.333,12.333,13.503
2024-01-01 12:03:00,21.653,18.31,17.244,12.434,12.434,13.574
2024-01-01 12:04:00,20.558,17.339,17.306,12.535,12.535,13.644
2024-01-01 12:05:00,21.036,18.247,17.368,12.636,12.636,13.715
2024-01-01 12:06:00,20.431,17.016,17.429,12.737,12.737,13.785
2024-01-01 12:07:00,20.894,17.309,17.49,12.837,12.837,13.854
2024-01-01 12:08:00,19.858,17.321,17.551,12.938,12.938,13.924
2024-01-01 12:09:00,21.152,17.736,17.612,13.039,13.039,13.993
2024-01-01 12:10:00,20.444,17.487,17.672,13.139,13.139,14.062
2024-01-01 12:11:00,19.616,16.74,17.732,13.239,13.239,14.13
2024-01-01 12:12:00,20.105,17.786,17.791,13.34,13.34,14.199
2024-01-01 12:13:00,19.769,17.795,17.85,13.439,13.439,14.267
2024-01-01 12:14:00,20.571,18.016,17.909,13.539,13.539,14.334
2024-01-01 12:15:00,20.968,17.858,17.968,13.639,13.639,14.402
2024-01-01 12:16:00,19.711,17.06,18.026,13.738,13.738,14.469
2024-01-01 12:17:00,19.8,17.441,18.083,13.837,13.837,14.536
2024-01-01 12:18:00,20.316,17.231,18.141,13.936,13.936,14.602
2024-01-01 12:19:00,21.442,17.585,18.198,14.035,14.035,14.668
2024-01-01 12:20:00,19.546,18.207,18.254,14.133,14.133,14.734
2024-01-01 12:21:00,21.533,16.873,18.31,14.231,14.231,14.799
2024-01-01 12:22:00,21.665,18.027,18.366,14.329,14.329,14.864
2024-01-01 12:23:00,19.662,17.865,18.421,14.426,14.426,14.928
2024-01-01 12:24:00,21.119,17.127,18.476,14.523,14.523,14.993
2024-01-01 12:25:00,21.543,17.774,18.531,14.62,14.62,15.056
2024-01-01 12:26:00,20.721,17.696,18.585,14.716,14.716,15.12
2024-01-01 12:27:00,19.648,17.683,18.639,14.812,14.812,15.183
2024-01-01 12:28:00,21.642,17.973,18.692,14.907,14.907,15.245
2024-01-01 12:29:00,20.045,18.42,18.745,15.002,15.002,15.307
2024-01-01 12:30:00,21.659,18.101,18.797,15.097,15.097,15.369
2024-01-01 12:31:00,21.18,17.345,18.849,15.191,15.191,15.43
2024-01-01 12:32:00,20.923,16.772,18.901,15.285,15.285,15.491
2024-01-01 12:33:00,21.008,18.06,18.952,15.378,15.378,15.551
2024-01-01 12:34:00,20.329,17.872,19.003,15.47,15.47,15.611
2024-01-01 12:35:00,20.493,17.231,19.053,15.563,15.563,15.671
2024-01-01 12:36:00,20.304,17.843,19.102,15.654,15.654,15.73
2024-01-01 12:37:00,20.592,18.52,19.152,15.745,15.745,15.788
2024-01-01 12:38:00,19.891,18.103,19.201,15.836,15.836,15.846
2024-01-01 12:39:00,21.08,18.282,19.249,15.925,15.925,15.904
2024-01-01 12:40:00,20.591,17.789,19.297,16.015,16.015,15.961
2024-01-01 12:41:00,19.668,17.316,19.344,16.103,16.103,16.017
2024-01-01 12:42:00,19.953,16.94,19.391,16.191,16.191,16.073
2024-01-01 12:43:00,20.796,18.117,19.438,16.279,16.279,16.129
2024-01-01 12:44:00,21.422,17.261,19.484,16.366,16.366,16.184
2024-01-01 12:45:00,20.276,17.03,19.529,16.452,16.452,16.238
2024-01-01 12:46:00,21.021,17.09,19.574,16.537,16.537,16.292
2024-01-01 12:47:00,20.065,17.867,19.618,16.622,16.622,16.345
2024-01-01 12:48:00,20.617,18.283,19.662,16.705,16.705,16.398
2024-01-01 12:49:00,21.658,17.562,19.706,16.789,16.789,16.45
2024-01-01 12:50:00,21.174,17.806,19.749,16.871,16.871,16.502
2024-01-01 12:51:00,21.688,18.557,19.791,16.953,16.953,16.553
2024-01-01 12:52:00,21.341,16.961,19.833,17.033,17.033,16.603
2024-01-01 12:53:00,20.153,17.804,19.874,17.113,17.113,16.653
2024-01-01 12:54:00,20.863,17.708,19.915,17.193,17.193,16.702
2024-01-01 12:55:00,21.507,17.525,19.956,17.271,17.271,16.751
2024-01-01 12:56:00,20.817,17.727,19.995,17.349,17.349,16.799
2024-01-01 12:57:00,21.311,18.175,20.035,17.425,17.425,16.847
2024-01-01 12:58:00,20.19,18.148,20.073,17.501,17.501,16.893
2024-01-01 12:59:00,19.835,16.779,20.111,17.576,17.576,16.94
2024-01-01 13:00:00,20.157,18.302,20.149,17.65,17.65,16.985
2024-01-01 13:01:00,20.02,17.294,20.186,17.723,17.723,17.03
2024-01-01 13:02:00,19.954,18.496,20.222,17.795,17.795,17.075
2024-01-01 13:03:00,20.103,17.983,20.258,17.866,17.866,17.118
2024-01-01 13:04:00,20.367,18.053,20.294,17.937,17.937,17.161
2024-01-01 13:05:00,20.089,17.007,20.329,18.006,18.006,17.204
2024-01-01 13:06:00,20.775,17.505,20.363,18.074,18.074,17.245
2024-01-01 13:07:00,21.541,17.668,20.396,18.141,18.141,17.287
2024-01-01 13:08:00,21.372,17.844,20.429,18.208,18.208,17.327
2024-01-01 13:09:00,21.677,18.554,20.462,18.273,18.273,17.367
2024-01-01 13:10:00,20.23,17.93,20.494,18.337,18.337,17.406
2024-01-01 13:11:00,21.561,17.682,20.525,18.4,18.4,17.444
2024-01-01 13:12:00,20.824,17.897,20.556,18.462,18.462,17.482
2024-01-01 13:13:00,19.546,18.513,20.586,18.523,18.523,17.519
2024-01-01 13:14:00,20.676,16.764,20.616,18.583,18.583,17.555
2024-01-01 13:15:00,20.681,17.801,20.645,18.642,18.642,17.59
2024-01-01 13:16:00,20.305,17.478,20.673,18.7,18.7,17.625
2024-01-01 13:17:00,20.436,18.34,20.701,18.756,18.756,17.659
2024-01-01 13:18:00,20.097,17.822,20.728,18.812,18.812,17.693
2024-01-01 13:19:00,21.404,16.861,20.755,18.866,18.866,17.725
2024-01-01 13:20:00,19.755,17.257,20.781,18.919,18.919,17.757
2024-01-01 13:21:00,21.552,17.088,20.806,18.971,18.971,17.788
2024-01-01 13:22:00,21.413,18.333,20.831,19.022,19.022,17.819
2024-01-01 13:23:00,20.017,17.424,20.855,19.072,19.072,17.849
2024-01-01 13:24:00,20.911,17.847,20.878,19.12,19.12,17.878
2024-01-01 13:25:00,21.361,17.939,20.901,19.167,19.167,17.906
2024-01-01 13:26:00,20.376,17.842,20.923,19.213,19.213,17.933
2024-01-01 13:27:00,20.961,18.561,20.945,19.258,19.258,17.96
2024-01-01 13:28:00,20.689,17.822,20.966,19.301,19.301,17.986
2024-01-01 13:29:00,20.723,17.877,20.986,19.344,19.344,18.011
2024-01-01 13:30:00,21.24,16.839,21.006,19.385,19.385,18.036
2024-01-01 13:31:00,20.422,18.52,21.025,19.424,19.424,18.059
2024-01-01 13:32:00,20.485,17.753,21.044,19.463,19.463,18.082
2024-01-01 13:33:00,20.056,18.251,21.062,19.5,19.5,18.104
2024-01-01 13:34:00,21.376,17.262,21.079,19.536,19.536,18.126
2024-01-01 13:35:00,19.623,18.495,21.096,19.571,19.571,18.146
2024-01-01 13:36:00,20.896,17.295,21.112,19.604,19.604,18.166
2024-01-01 13:37:00,21.12,16.859,21.127,19.636,19.636,18.185
2024-01-01 13:38:00,21.081,17.368,21.142,19.667,19.667,18.203
2024-01-01 13:39:00,20.272,18.568,21.156,19.696,19.696,18.221
2024-01-01 13:40:00,20.654,18.365,21.169,19.724,19.724,18.237
2024-01-01 13:41:00,19.768,16.76,21.182,19.751,19.751,18.253
2024-01-01 13:42:00,21.051,18.521,21.194,19.776,19.776,18.268
2024-01-01 13:43:00,20.478,17.493,21.205,19.8,19.8,18.282
2024-01-01 13:44:00,20.742,17.689,21.216,19.823,19.823,18.296
2024-01-01 13:45:00,19.953,16.847,21.226,19.844,19.844,18.308
2024-01-01 13:46:00,20.754,18.476,21.236,19.864,19.864,18.32
2024-01-01 13:47:00,20.771,17.056,21.245,19.883,19.883,18.331
2024-01-01 13:48:00,20.617,16.742,21.253,19.9,19.9,18.341
2024-01-01 13:49:00,21.209,17.663,21.26,19.916,19.916,18.351
2024-01-01 13:50:00,20.612,18.559,21.267,19.931,19.931,18.359
2024-01-01 13:51:00,21.397,17.416,21.273,19.944,19.944,18.367
2024-01-01 13:52:00,20.315,16.905,21.279,19.956,19.956,18.374
2024-01-01 13:53:00,20.036,18.132,21.284,19.966,19.966,18.38
2024-01-01 13:54:00,19.954,18.037,21.288,19.975,19.975,18.385
2024-01-01 13:55:00,21.011,18.555,21.292,19.983,19.983,18.39
2024-01-01 13:56:00,20.252,18.486,21.295,19.989,19.989,18.393
2024-01-01 13:57:00,19.637,16.808,21.297,19.994,19.994,18.396
2024-01-01 13:58:00,21.224,18.087,21.299,19.997,19.997,18.398
2024-01-01 13:59:00,21.637,17.849,21.3,19.999,19.999,18.4
2024-01-01 14:00:00,19.923,16.905,21.3,20.0,20.0,18.4
2024-01-01 14:01:00,19.985,17.444,21.3,19.999,19.999,18.4
2024-01-01 14:02:00,20.37,18.081,21.299,19.997,19.997,18.398
2024-01-01 14:03:00,19.964,17.729,21.297,19.994,19.994,18.396
2024-01-01 14:04:00,20.119,16.865,21.295,19.989,19.989,18.393
2024-01-01 14:05:00,19.59,17.538,21.292,19.983,19.983,18.39
2024-01-01 14:06:00,21.516,16.911,21.288,19.975,19.975,18.385
2024-01-01 14:07:00,21.348,16.827,21.284,19.966,19.966,18.38
2024-01-01 14:08:00,20.982,18.124,21.279,19.956,19.956,18.374
2024-01-01 14:09:00,20.868,17.463,21.273,19.944,19.944,18.367
2024-01-01 14:10:00,19.771,17.883,21.267,19.931,19.931,18.359
2024-01-01 14:11:00,20.608,17.371,21.26,19.916,19.916,18.351
2024-01-01 14:12:00,19.673,16.86,21.253,19.9,19.9,18.341
2024-01-01 14:13:00,20.863,17.933,21.245,19.883,19.883,18.331
2024-01-01 14:14:00,19.705,17.969,21.236,19.864,19.864,18.32
2024-01-01 14:15:00,21.286,18.352,21.226,19.844,19.844,18.308
2024-01-01 14:16:00,19.772,18.552,21.216,19.823,19.823,18.296
2024-01-01 14:17:00,20.134,17.213,21.205,19.8,19.8,18.282
2024-01-01 14:18:00,20.792,17.713,21.194,19.776,19.776,18.268
2024-01-01 14:19:00,21.233,18.263,21.182,19.751,19.751,18.253
2024-01-01 14:20:00,20.104,17.285,21.169,19.724,19.724,18.237
2024-01-01 14:21:00,20.969,16.754,21.156,19.696,19.696,18.221
2024-01-01 14:22:00,21.659,17.972,21.142,19.667,19.667,18.203
2024-01-01 14:23:00,21.42,18.01,21.127,19.636,19.636,18.185
2024-01-01 14:24:00,20.236,17.192,21.112,19.604,19.604,18.166
2024-01-01 14:25:00,20.107,17.963,21.096,19.571,19.571,18.146
2024-01-01 14:26:00,20.932,17.308,21.079,19.536,19.536,18.126
2024-01-01 14:27:00,19.639,17.213,21.062,19.5,19.5,18.104
2024-01-01 14:28:00,20.736,17.829,21.044,19.463,19.463,18.082
2024-01-01 14:29:00,21.538,17.551,21.025,19.424,19.424,18.059
2024-01-01 14:30:00,20.817,17.81,21.006,19.385,19.385,18.036
2024-01-01 14:31:00,20.577,17.337,20.986,19.344,19.344,18.011
2024-01-01 14:32:00,19.671,16.81,20.966,19.301,19.301,17.986
2024-01-01 14:33:00,20.843,18.534,20.945,19.258,19.258,17.96
2024-01-01 14:34:00,19.563,17.471,20.923,19.213,19.213,17.933
2024-01-01 14:35:00,20.842,17.686,20.901,19.167,19.167,17.906
2024-01-01 14:36:00,20.496,17.742,20.878,19.12,19.12,17.878
2024-01-01 14:37:00,21.021,17.017,20.855,19.072,19.072,17.849
2024-01-01 14:38:00,21.481,18.54,20.831,19.022,19.022,17.819
2024-01-01 14:39:00,20.352,17.831,20.806,18.971,18.971,17.788
2024-01-01 14:40:00,19.618,18.057,20.781,18.919,18.919,17.757
2024-01-01 14:41:00,20.018,17.381,20.755,18.866,18.866,17.725
2024-01-01 14:42:00,21.323,16.983,20.728,18.812,18.812,17.693
2024-01-01 14:43:00,20.765,17.929,20.701,18.756,18.756,17.659
2024-01-01 14:44:00,20.438,18.474,20.673,18.7,18.7,17.625
2024-01-01 14:45:00,20.99,18.45,20.645,18.642,18.642,17.59
2024-01-01 14:46:00,20.716,18.276,20.616,18.583,18.583,17.555
2024-01-01 14:47:00,19.72,17.651,20.586,18.523,18.523,17.519
2024-01-01 14:48:00,20.083,17.017,20.556,18.462,18.462,17.482
2024-01-01 14:49:00,20.806,17.199,20.525,18.4,18.4,17.444
2024-01-01 14:50:00,20.182,16.795,20.494,18.337,18.337,17.406
2024-01-01 14:51:00,21.004,17.775,20.462,18.273,18.273,17.367
2024-01-01 14:52:00,20.613,17.36,20.429,18.208,18.208,17.327
2024-01-01 14:53:00,20.329,18.301,20.396,18.141,18.141,17.287
2024-01-01 14:54:00,19.646,18.453,20.363,18.074,18.074,17.245
2024-01-01 14:55:00,19.896,16.785,20.329,18.006,18.006,17.204
2024-01-01 14:56:00,21.607,18.004,20.294,17.937,17.937,17.161
2024-01-01 14:57:00,19.77,17.754,20.258,17.866,17.866,17.118
2024-01-01 14:58:00,21.49,17.684,20.222,17.795,17.795,17.075
2024-01-01 14:59:00,20.15,17.928,20.186,17.723,17.723,17.03
2024-01-01 15:00:00,21.405,17.079,20.149,17.65,17.65,16.985
2024-01-01 15:01:00,21.448,17.793,20.111,17.576,17.576,16.94
2024-01-01 15:02:00,19.709,18.543,20.073,17.501,17.501,16.893
2024-01-01 15:03:00,20.042,17.941,20.035,17.425,17.425,16.847
2024-01-01 15:04:00,20.983,17.687,19.995,17.349,17.349,16.799
2024-01-01 15:05:00,20.223,18.174,19.956,17.271,17.271,16.751
2024-01-01 15:06:00,21.068,17.594,19.915,17.193,17.193,16.702
2024-01-01 15:07:00,19.658,16.933,19.874,17.113,17.113,16.653
2024-01-01 15:08:00,20.722,17.378,19.833,17.033,17.033,16.603
2024-01-01 15:09:00,20.158,17.47,19.791,16.953,16.953,16.553
2024-01-01 15:10:00,21.669,17.913,19.749,16.871,16.871,16.502
2024-01-01 15:11:00,20.839,17.078,19.706,16.789,16.789,16.45
2024-01-01 15:12:00,19.713,18.1,19.662,16.705,16.705,16.398
2024-01-01 15:13:00,21.576,17.527,19.618,16.622,16.622,16.345
2024-01-01 15:14:00,21.658,16.972,19.574,16.537,16.537,16.292
2024-01-01 15:15:00,21.188,17.854,19.529,16.452,16.452,16.238
2024-01-01 15:16:00,20.386,16.999,19.484,16.366,16.366,16.184
2024-01-01 15:17:00,21.635,18.163,19.438,16.279,16.279,16.129
2024-01-01 15:18:00,20.924,17.423,19.391,16.191,16.191,16.073
2024-01-01 15:19:00,21.597,16.832,19.344,16.103,16.103,16.017
2024-01-01 15:20:00,20.617,17.526,19.297,16.015,16.015,15.961
2024-01-01 15:21:00,20.941,17.932,19.249,15.925,15.925,15.904
2024-01-01 15:22:00,20.747,18.483,19.201,15.836,15.836,15.846
2024-01-01 15:23:00,20.509,16.84,19.152,15.745,15.745,15.788
2024-01-01 15:24:00,21.602,17.363,19.102,15.654,15.654,15.73
2024-01-01 15:25:00,19.649,17.838,19.053,15.563,15.563,15.671
2024-01-01 15:26:00,21.003,17.543,19.003,15.47,15.47,15.611
2024-01-01 15:27:00,20.606,17.653,18.952,15.378,15.378,15.551
2024-01-01 15:28:00,19.836,17.621,18.901,15.285,15.285,15.491
2024-01-01 15:29:00,21.434,18.161,18.849,15.191,15.191,15.43
2024-01-01 15:30:00,19.874,17.126,18.797,15.097,15.097,15.369
2024-01-01 15:31:00,21.037,17.328,18.745,15.002,15.002,15.307
2024-01-01 15:32:00,19.869,17.197,18.692,14.907,14.907,15.245
2024-01-01 15:33:00,21.048,17.819,18.639,14.812,14.812,15.183
2024-01-01 15:34:00,21.259,16.805,18.585,14.716,14.716,15.12
2024-01-01 15:35:00,21.691,16.871,18.531,14.62,14.62,15.056
2024-01-01 15:36:00,19.82,17.751,18.476,14.523,14.523,14.993
2024-01-01 15:37:00,19.625,17.796,18.421,14.426,14.426,14.928
2024-01-01 15:38:00,19.701,17.114,18.366,14.329,14.329,14.864
2024-01-01 15:39:00,20.961,16.792,18.31,14.231,14.231,14.799
2024-01-01 15:40:00,20.826,18.037,18.254,14.133,14.133,14.734
2024-01-01 15:41:00,20.649,18.212,18.198,14.035,14.035,14.668
2024-01-01 15:42:00,20.748,17.292,18.141,13.936,13.936,14.602
2024-01-01 15:43:00,20.621,17.466,18.083,13.837,13.837,14.536
2024-01-01 15:44:00,21.159,17.399,18.026,13.738,13.738,14.469
2024-01-01 15:45:00,20.479,16.962,17.968,13.639,13.639,14.402
2024-01-01 15:46:00,20.326,17.237,17.909,13.539,13.539,14.334
2024-01-01 15:47:00,19.891,17.494,17.85,13.439,13.439,14.267
2024-01-01 15:48:00,19.643,18.33,17.791,13.34,13.34,14.199
2024-01-01 15:49:00,21.558,17.157,17.732,13.239,13.239,14.13
2024-01-01 15:50:00,21.423,17.589,17.672,13.139,13.139,14.062
2024-01-01 15:51:00,19.749,18.04,17.612,13.039,13.039,13.993
2024-01-01 15:52:00,19.74,18.45,17.551,12.938,12.938,13.924
2024-01-01 15:53:00,21.288,18.381,17.49,12.837,12.837,13.854
2024-01-01 15:54:00,20.075,17.324,17.429,12.737,12.737,13.785
2024-01-01 15:55:00,21.256,17.865,17.368,12.636,12.636,13.715
2024-01-01 15:56:00,20.692,17.715,17.306,12.535,12.535,13.644
2024-01-01 15:57:00,21.682,18.228,17.244,12.434,12.434,13.574
2024-01-01 15:58:00,21.551,16.849,17.181,12.333,12.333,13.503
2024-01-01 15:59:00,21.338,17.686,17.119,12.232,12.232,13.432
2024-01-01 16:00:00,20.084,18.099,17.056,12.131,12.131,13.361
2024-01-01 16:01:00,20.712,17.629,16.992,12.03,12.03,13.29
2024-01-01 16:02:00,21.109,16.825,16.929,11.928,11.928,13.218
2024-01-01 16:03:00,20.753,18.252,16.865,11.827,11.827,13.146
2024-01-01 16:04:00,21.128,17.2,16.801,11.726,11.726,13.074
2024-01-01 16:05:00,20.34,18.244,16.736,11.625,11.625,13.002
2024-01-01 16:06:00,21.618,17.726,16.672,11.525,11.525,12.93
2024-01-01 16:07:00,19.755,17.75,16.607,11.424,11.424,12.858
2024-01-01 16:08:00,20.279,17.562,16.541,11.323,11.323,12.785
2024-01-01 16:09:00,20.912,17.54,16.476,11.222,11.222,12.712
2024-01-01 16:10:00,19.551,17.481,16.41,11.122,11.122,12.639
2024-01-01 16:11:00,21.291,17.183,16.344,11.022,11.022,12.566
2024-01-01 16:12:00,20.569,18.542,16.278,10.921,10.921,12.493
2024-01-01 16:13:00,21.317,17.627,16.212,10.821,10.821,12.419
2024-01-01 16:14:00,20.831,17.814,16.145,10.722,10.722,12.346
2024-01-01 16:15:00,19.961,16.841,16.078,10.622,10.622,12.272
2024-01-01 16:16:00,19.702,17.965,16.011,10.522,10.522,12.199
2024-01-01 16:17:00,21.509,16.752,15.944,10.423,10.423,12.125
2024-01-01 16:18:00,19.798,18.579,15.876,10.324,10.324,12.051
2024-01-01 16:19:00,21.091,17.74,15.808,10.225,10.225,11.977
2024-01-01 16:20:00,21.548,17.329,15.741,10.127,10.127,11.903
2024-01-01 16:21:00,21.682,17.634,15.672,10.028,10.028,11.829
2024-01-01 16:22:00,19.97,18.291,15.604,9.93,9.93,11.755
2024-01-01 16:23:00,20.0,18.163,15.536,9.833,9.833,11.681
2024-01-01 16:24:00,21.649,18.302,15.467,9.735,9.735,11.606
2024-01-01 16:25:00,20.763,16.787,15.398,9.638,9.638,11.532
2024-01-01 16:26:00,20.501,18.504,15.329,9.541,9.541,11.458
2024-01-01 16:27:00,21.379,17.508,15.26,9.444,9.444,11.383
2024-01-01 16:28:00,20.944,17.549,15.191,9.348,9.348,11.309
2024-01-01 16:29:00,21.073,16.942,15.121,9.252,9.252,11.235
2024-01-01 16:30:00,20.768,16.783,15.052,9.157,9.157,11.16
2024-01-01 16:31:00,20.606,16.772,14.982,9.061,9.061,11.086
2024-01-01 16:32:00,20.247,17.984,14.912,8.967,8.967,11.011
2024-01-01 16:33:00,21.37,18.107,14.842,8.872,8.872,10.937
2024-01-01 16:34:00,21.561,17.249,14.772,8.778,8.778,10.863
2024-01-01 16:35:00,20.131,17.73,14.702,8.684,8.684,10.788
2024-01-01 16:36:00,21.299,17.137,14.631,8.591,8.591,10.714
2024-01-01 16:37:00,21.463,17.667,14.561,8.498,8.498,10.64
2024-01-01 16:38:00,20.105,17.129,14.49,8.406,8.406,10.566
2024-01-01 16:39:00,20.784,18.552,14.419,8.314,8.314,10.491
2024-01-01 16:40:00,21.156,18.415,14.348,8.222,8.222,10.417
2024-01-01 16:41:00,19.917,17.51,14.278,8.131,8.131,10.343
2024-01-01 16:42:00,19.833,16.958,14.207,8.04,8.04,10.269
2024-01-01 16:43:00,21.683,17.491,14.136,7.95,7.95,10.195
2024-01-01 16:44:00,21.367,17.764,14.064,7.86,7.86,10.121
2024-01-01 16:45:00,21.149,17.884,13.993,7.771,7.771,10.048
2024-01-01 16:46:00,19.88,17.145,13.922,7.682,7.682,9.974
2024-01-01 16:47:00,21.26,17.193,13.85,7.594,7.594,9.901
2024-01-01 16:48:00,19.845,17.315,13.779,7.506,7.506,9.827
2024-01-01 16:49:00,20.821,18.362,13.708,7.419,7.419,9.754
2024-01-01 16:50:00,21.487,16.825,13.636,7.332,7.332,9.681
2024-01-01 16:51:00,19.951,18.341,13.565,7.246,7.246,9.608
2024-01-01 16:52:00,19.617,16.979,13.493,7.16,7.16,9.535
2024-01-01 16:53:00,20.578,16.943,13.421,7.075,7.075,9.462
2024-01-01 16:54:00,19.826,17.707,13.35,6.99,6.99,9.389
2024-01-01 16:55:00,20.313,17.401,13.278,6.906,6.906,9.317
2024-01-01 16:56:00,21.363,16.792,13.206,6.822,6.822,9.244
2024-01-01 16:57:00,21.311,17.123,13.134,6.739,6.739,9.172
2024-01-01 16:58:00,21.617,17.914,13.063,6.656,6.656,9.1
2024-01-01 16:59:00,19.695,17.809,12.991,6.574,6.574,9.028
2024-01-01 17:00:00,19.749,17.282,12.919,6.493,6.493,8.956
2024-01-01 17:01:00,19.609,18.27,12.847,6.412,6.412,8.885
2024-01-01 17:02:00,20.997,17.219,12.776,6.332,6.332,8.813
2024-01-01 17:03:00,21.685,18.503,12.704,6.252,6.252,8.742
2024-01-01 17:04:00,19.626,17.283,12.632,6.173,6.173,8.671
2024-01-01 17:05:00,20.074,17.627,12.56,6.094,6.094,8.6
2024-01-01 17:06:00,21.029,16.995,12.489,6.016,6.016,8.53
2024-01-01 17:07:00,20.212,17.162,12.417,5.939,5.939,8.459
2024-01-01 17:08:00,20.345,17.455,12.345,5.862,5.862,8.389
2024-01-01 17:09:00,20.749,16.843,12.274,5.786,5.786,8.319
2024-01-01 17:10:00,20.065,16.971,12.202,5.71,5.71,8.249
2024-01-01 17:11:00,20.879,16.803,12.131,5.635,5.635,8.18
2024-01-01 17:12:00,21.635,17.745,12.059,5.561,5.561,8.11
2024-01-01 17:13:00,20.713,18.154,11.988,5.487,5.487,8.041
2024-01-01 17:14:00,20.081,17.598,11.916,5.414,5.414,7.972
2024-01-01 17:15:00,20.464,18.135,11.845,5.341,5.341,7.904
2024-01-01 17:16:00,21.106,18.003,11.774,5.269,5.269,7.835
2024-01-01 17:17:00,21.589,17.57,11.703,5.198,5.198,7.767
2024-01-01 17:18:00,20.529,16.977,11.631,5.127,5.127,7.699
2024-01-01 17:19:00,21.426,17.004,11.56,5.057,5.057,7.632
2024-01-01 17:20:00,20.559,16.813,11.489,4.987,4.987,7.564
2024-01-01 17:21:00,21.508,17.638,11.419,4.918,4.918,7.497
2024-01-01 17:22:00,21.533,17.518,11.348,4.85,4.85,7.431
2024-01-01 17:23:00,20.89,18.233,11.277,4.782,4.782,7.364
2024-01-01 17:24:00,21.114,17.56,11.206,4.715,4.715,7.298
2024-01-01 17:25:00,20.47,17.899,11.136,4.648,4.648,7.232
2024-01-01 17:26:00,19.856,18.221,11.065,4.583,4.583,7.166
2024-01-01 17:27:00,20.889,16.849,10.995,4.517,4.517,7.1
2024-01-01 17:28:00,20.085,17.594,10.925,4.453,4.453,7.035
2024-01-01 17:29:00,20.572,18.449,10.855,4.389,4.389,6.97
2024-01-01 17:30:00,20.716,18.445,10.785,4.325,4.325,6.906
2024-01-01 17:31:00,20.21,16.756,10.715,4.263,4.263,6.841
2024-01-01 17:32:00,21.208,18.578,10.645,4.2,4.2,6.777
2024-01-01 17:33:00,19.661,17.179,10.576,4.139,4.139,6.714
2024-01-01 17:34:00,20.415,18.183,10.506,4.078,4.078,6.65
2024-01-01 17:35:00,21.398,18.174,10.437,4.018,4.018,6.587
2024-01-01 17:36:00,20.954,17.413,10.368,3.958,3.958,6.524
2024-01-01 17:37:00,21.465,18.382,10.299,3.899,3.899,6.462
2024-01-01 17:38:00,20.12,18.48,10.23,3.84,3.84,6.4
2024-01-01 17:39:00,20.149,17.698,10.161,3.783,3.783,6.338
2024-01-01 17:40:00,20.792,18.093,10.093,3.725,3.725,6.276
2024-01-01 17:41:00,20.316,18.142,10.024,3.669,3.669,6.215
2024-01-01 17:42:00,21.577,17.491,9.956,3.613,3.613,6.154
2024-01-01 17:43:00,20.936,17.994,9.888,3.557,3.557,6.094
2024-01-01 17:44:00,20.896,18.386,9.82,3.503,3.503,6.034
2024-01-01 17:45:00,21.283,17.971,9.752,3.448,3.448,5.974
2024-01-01 17:46:00,19.683,17.942,9.684,3.395,3.395,5.914
2024-01-01 17:47:00,21.647,17.204,9.617,3.342,3.342,5.855
2024-01-01 17:48:00,19.91,17.147,9.549,3.289,3.289,5.796
2024-01-01 17:49:00,20.558,18.181,9.482,3.238,3.238,5.737
2024-01-01 17:50:00,21.477,17.908,9.415,3.187,3.187,5.679
2024-01-01 17:51:00,21.197,18.495,9.349,3.136,3.136,5.621
2024-01-01 17:52:00,21.538,18.239,9.282,3.086,3.086,5.564
2024-01-01 17:53:00,20.257,16.807,9.216,3.036,3.036,5.506
2024-01-01 17:54:00,21.684,18.011,9.15,2.988,2.988,5.45
2024-01-01 17:55:00,20.036,17.838,9.084,2.939,2.939,5.393
2024-01-01 17:56:00,20.472,16.962,9.018,2.892,2.892,5.337
2024-01-01 17:57:00,20.674,16.775,8.952,2.845,2.845,5.281
2024-01-01 17:58:00,20.88,18.065,8.887,2.798,2.798,5.226
2024-01-01 17:59:00,19.675,18.343,8.822,2.752,2.752,5.171
2024-01-01 18:00:00,20.931,18.489,8.757,2.707,2.707,5.116
2024-01-01 18:01:00,21.561,17.434,8.692,2.662,2.662,5.061
2024-01-01 18:02:00,20.559,17.13,8.627,2.618,2.618,5.007
2024-01-01 18:03:00,20.96,16.887,8.563,2.574,2.574,4.954
2024-01-01 18:04:00,21.547,18.22,8.499,2.531,2.531,4.9
2024-01-01 18:05:00,19.666,17.356,8.435,2.488,2.488,4.847
2024-01-01 18:06:00,20.134,18.553,8.371,2.446,2.446,4.795
2024-01-01 18:07:00,21.444,18.028,8.308,2.405,2.405,4.743
2024-01-01 18:08:00,21.339,16.841,8.245,2.364,2.364,4.691
2024-01-01 18:09:00,20.237,18.414,8.182,2.323,2.323,4.639
2024-01-01 18:10:00,20.391,17.044,8.119,2.283,2.283,4.588
2024-01-01 18:11:00,19.862,17.033,8.056,2.244,2.244,4.537
2024-01-01 18:12:00,19.795,16.867,7.994,2.205,2.205,4.487
2024-01-01 18:13:00,20.013,17.752,7.932,2.167,2.167,4.437
2024-01-01 18:14:00,20.907,18.499,7.87,2.129,2.129,4.387
2024-01-01 18:15:00,20.961,18.275,7.809,2.092,2.092,4.338
2024-01-01 18:16:00,20.784,17.137,7.747,2.055,2.055,4.289
2024-01-01 18:17:00,19.919,17.024,7.686,2.019,2.019,4.24
2024-01-01 18:18:00,19.833,17.094,7.625,1.983,1.983,4.192
2024-01-01 18:19:00,20.797,16.816,7.565,1.947,1.947,4.144
2024-01-01 18:20:00,21.355,18.288,7.504,1.913,1.913,4.096
2024-01-01 18:21:00,20.15,17.471,7.444,1.878,1.878,4.049
2024-01-01 18:22:00,19.944,17.242,7.385,1.845,1.845,4.003
2024-01-01 18:23:00,20.095,16.986,7.325,1.811,1.811,3.956
2024-01-01 18:24:00,21.309,16.925,7.266,1.778,1.778,3.91
2024-01-01 18:25:00,20.739,16.83,7.207,1.746,1.746,3.864
2024-01-01 18:26:00,20.657,17.41,7.148,1.714,1.714,3.819
2024-01-01 18:27:00,19.685,18.056,7.089,1.683,1.683,3.774
2024-01-01 18:28:00,20.854,18.042,7.031,1.652,1.652,3.729
2024-01-01 18:29:00,21.569,17.933,6.973,1.621,1.621,3.685
2024-01-01 18:30:00,21.625,18.033,6.915,1.591,1.591,3.641
2024-01-01 18:31:00,20.719,16.961,6.858,1.562,1.562,3.598
2024-01-01 18:32:00,21.249,17.425,6.8,1.532,1.532,3.555
2024-01-01 18:33:00,21.497,17.122,6.743,1.504,1.504,3.512
2024-01-01 18:34:00,19.825,17.165,6.687,1.475,1.475,3.469
2024-01-01 18:35:00,20.112,18.186,6.63,1.448,1.448,3.427
2024-01-01 18:36:00,20.552,17.966,6.574,1.42,1.42,3.386
2024-01-01 18:37:00,20.739,17.677,6.518,1.393,1.393,3.344
2024-01-01 18:38:00,20.044,17.138,6.463,1.367,1.367,3.303
2024-01-01 18:39:00,21.659,18.343,6.407,1.34,1.34,3.263
2024-01-01 18:40:00,20.187,17.756,6.352,1.315,1.315,3.222
2024-01-01 18:41:00,20.292,18.545,6.298,1.289,1.289,3.182
2024-01-01 18:42:00,20.949,17.23,6.243,1.264,1.264,3.143
2024-01-01 18:43:00,19.968,17.236,6.189,1.24,1.24,3.104
2024-01-01 18:44:00,21.604,17.454,6.135,1.216,1.216,3.065
2024-01-01 18:45:00,20.889,17.783,6.081,1.192,1.192,3.026
2024-01-01 18:46:00,19.769,18.135,6.028,1.168,1.168,2.988
2024-01-01 18:47:00,20.44,17.856,5.975,1.145,1.145,2.95
2024-01-01 18:48:00,21.317,18.563,5.922,1.123,1.123,2.913
2024-01-01 18:49:00,20.835,18.023,5.87,1.1,1.1,2.876
2024-01-01 18:50:00,20.506,18.191,5.817,1.079,1.079,2.839
2024-01-01 18:51:00,21.553,16.86,5.766,1.057,1.057,2.803
2024-01-01 18:52:00,20.26,17.323,5.714,1.036,1.036,2.767
2024-01-01 18:53:00,20.372,18.062,5.663,1.015,1.015,2.731
2024-01-01 18:54:00,21.156,18.447,5.612,0.994,0.994,2.695
2024-01-01 18:55:00,20.431,17.444,5.561,0.974,0.974,2.66
2024-01-01 18:56:00,21.565,18.336,5.51,0.955,0.955,2.626
2024-01-01 18:57:00,21.664,17.453,5.46,0.935,0.935,2.591
2024-01-01 18:58:00,20.98,17.241,5.41,0.916,0.916,2.557
2024-01-01 18:59:00,20.181,17.397,5.361,0.897,0.897,2.524
2024-01-01 19:00:00,21.162,17.927,5.311,0.879,0.879,2.49
2024-01-01 19:01:00,19.547,17.367,5.262,0.861,0.861,2.457
2024-01-01 19:02:00,20.691,16.928,5.213,0.843,0.843,2.424
2024-01-01 19:03:00,20.262,18.494,5.165,0.825,0.825,2.392
2024-01-01 19:04:00,19.729,17.712,5.117,0.808,0.808,2.36
2024-01-01 19:05:00,21.685,17.719,5.069,0.791,0.791,2.328
2024-01-01 19:06:00,20.948,17.805,5.021,0.775,0.775,2.297
2024-01-01 19:07:00,20.93,17.886,4.974,0.758,0.758,2.266
2024-01-01 19:08:00,19.987,17.077,4.927,0.742,0.742,2.235
2024-01-01 19:09:00,19.798,18.502,4.88,0.726,0.726,2.205
2024-01-01 19:10:00,19.738,18.487,4.834,0.711,0.711,2.174
2024-01-01 19:11:00,19.831,18.465,4.788,0.696,0.696,2.145
2024-01-01 19:12:00,21.482,17.701,4.742,0.681,0.681,2.115
2024-01-01 19:13:00,19.939,16.891,4.697,0.666,0.666,2.086
2024-01-01 19:14:00,20.526,17.683,4.651,0.652,0.652,2.057
2024-01-01 19:15:00,19.951,17.124,4.606,0.638,0.638,2.029
2024-01-01 19:16:00,21.393,16.819,4.562,0.624,0.624,2.0
2024-01-01 19:17:00,21.162,18.309,4.517,0.611,0.611,1.972
2024-01-01 19:18:00,21.66,18.218,4.473,0.597,0.597,1.945
2024-01-01 19:19:00,20.459,17.429,4.43,0.584,0.584,1.917
2024-01-01 19:20:00,20.771,17.802,4.386,0.571,0.571,1.89
2024-01-01 19:21:00,21.146,18.239,4.343,0.559,0.559,1.864
2024-01-01 19:22:00,20.211,18.002,4.3,0.546,0.546,1.837
2024-01-01 19:23:00,21.518,17.909,4.258,0.534,0.534,1.811
2024-01-01 19:24:00,21.36,17.699,4.215,0.522,0.522,1.785
2024-01-01 19:25:00,20.929,17.112,4.173,0.511,0.511,1.76
2024-01-01 19:26:00,20.592,18.357,4.132,0.499,0.499,1.734
2024-01-01 19:27:00,20.686,17.494,4.09,0.488,0.488,1.709
2024-01-01 19:28:00,20.876,18.41,4.049,0.477,0.477,1.685
2024-01-01 19:29:00,20.992,18.393,4.008,0.466,0.466,1.66
2024-01-01 19:30:00,20.186,17.816,3.968,0.456,0.456,1.636
2024-01-01 19:31:00,19.747,16.972,3.927,0.446,0.446,1.612
2024-01-01 19:32:00,21.449,18.263,3.887,0.435,0.435,1.589
2024-01-01 19:33:00,20.858,17.654,3.848,0.425,0.425,1.565
2024-01-01 19:34:00,21.15,17.724,3.808,0.416,0.416,1.542
2024-01-01 19:35:00,21.697,17.839,3.769,0.406,0.406,1.52
2024-01-01 19:36:00,21.24,18.445,3.73,0.397,0.397,1.497
2024-01-01 19:37:00,21.331,17.284,3.692,0.388,0.388,1.475
2024-01-01 19:38:00,20.02,18.018,3.653,0.379,0.379,1.453
2024-01-01 19:39:00,21.176,17.06,3.616,0.37,0.37,1.431
2024-01-01 19:40:00,20.219,17.675,3.578,0.361,0.361,1.41
2024-01-01 19:41:00,20.261,17.84,3.54,0.353,0.353,1.389
2024-01-01 19:42:00,19.956,17.386,3.503,0.345,0.345,1.368
2024-01-01 19:43:00,21.09,16.995,3.466,0.336,0.336,1.347
2024-01-01 19:44:00,19.73,17.969,3.43,0.329,0.329,1.327
2024-01-01 19:45:00,20.964,18.538,3.394,0.321,0.321,1.306
2024-01-01 19:46:00,21.47,18.3,3.358,0.313,0.313,1.287
2024-01-01 19:47:00,21.031,17.381,3.322,0.306,0.306,1.267
2024-01-01 19:48:00,20.039,18.163,3.286,0.298,0.298,1.248
2024-01-01 19:49:00,21.52,17.676,3.251,0.291,0.291,1.228
2024-01-01 19:50:00,21.224,17.37,3.216,0.284,0.284,1.209
2024-01-01 19:51:00,20.804,17.876,3.182,0.277,0.277,1.191
2024-01-01 19:52:00,21.63,18.168,3.147,0.271,0.271,1.172
2024-01-01 19:53:00,21.19,17.5,3.113,0.264,0.264,1.154
2024-01-01 19:54:00,21.505,17.272,3.08,0.258,0.258,1.136
2024-01-01 19:55:00,20.406,17.135,3.046,0.252,0.252,1.118
2024-01-01 19:56:00,19.572,17.882,3.013,0.245,0.245,1.101
2024-01-01 19:57:00,20.126,16.967,2.98,0.239,0.239,1.083
2024-01-01 19:58:00,19.559,18.089,2.947,0.234,0.234,1.066
2024-01-01 19:59:00,20.809,18.244,2.915,0.228,0.228,1.05
2024-01-01 20:00:00,20.259,18.595,2.883,0.222,0.222,1.033
2024-01-01 20:01:00,21.692,16.834,2.851,0.217,0.217,1.016
2024-01-01 20:02:00,19.966,17.246,2.819,0.211,0.211,1.0
2024-01-01 20:03:00,20.0,17.872,2.788,0.206,0.206,0.984
2024-01-01 20:04:00,21.386,16.779,2.757,0.201,0.201,0.969
2024-01-01 20:05:00,21.155,17.492,2.726,0.196,0.196,0.953
2024-01-01 20:06:00,20.774,16.925,2.695,0.191,0.191,0.938
2024-01-01 20:07:00,21.394,17.971,2.665,0.186,0.186,0.922
2024-01-01 20:08:00,19.776,17.482,2.635,0.182,0.182,0.907
2024-01-01 20:09:00,20.328,18.51,2.605,0.177,0.177,0.893
2024-01-01 20:10:00,19.588,17.272,2.576,0.172,0.172,0.878
2024-01-01 20:11:00,21.327,17.897,2.546,0.168,0.168,0.864
2024-01-01 20:12:00,20.268,17.663,2.517,0.164,0.164,0.85
2024-01-01 20:13:00,19.878,17.681,2.488,0.16,0.16,0.836
2024-01-01 20:14:00,19.707,18.074,2.46,0.156,0.156,0.822
2024-01-01 20:15:00,21.516,17.646,2.432,0.152,0.152,0.808
2024-01-01 20:16:00,20.248,17.291,2.404,0.148,0.148,0.795
2024-01-01 20:17:00,19.754,18.37,2.376,0.144,0.144,0.782
2024-01-01 20:18:00,21.281,16.945,2.348,0.14,0.14,0.769
2024-01-01 20:19:00,20.826,18.481,2.321,0.136,0.136,0.756
2024-01-01 20:20:00,21.626,17.986,2.294,0.133,0.133,0.743
2024-01-01 20:21:00,20.532,18.345,2.267,0.129,0.129,0.731
2024-01-01 20:22:00,20.873,17.92,2.241,0.126,0.126,0.719
2024-01-01 20:23:00,21.397,17.928,2.214,0.123,0.123,0.707
2024-01-01 20:24:00,20.235,17.695,2.188,0.12,0.12,0.695
2024-01-01 20:25:00,21.058,18.038,2.163,0.116,0.116,0.683
2024-01-01 20:26:00,20.83,18.354,2.137,0.113,0.113,0.671
2024-01-01 20:27:00,21.269,17.402,2.112,0.11,0.11,0.66
2024-01-01 20:28:00,20.089,17.723,2.087,0.107,0.107,0.649
2024-01-01 20:29:00,20.916,17.797,2.062,0.105,0.105,0.637
2024-01-01 20:30:00,21.01,17.783,2.037,0.102,0.102,0.626
2024-01-01 20:31:00,19.531,17.287,2.013,0.099,0.099,0.616
2024-01-01 20:32:00,21.501,17.953,1.988,0.096,0.096,0.605
2024-01-01 20:33:00,21.526,17.514,1.964,0.094,0.094,0.595
2024-01-01 20:34:00,20.289,17.638,1.941,0.091,0.091,0.584
2024-01-01 20:35:00,20.788,18.418,1.917,0.089,0.089,0.574
2024-01-01 20:36:00,19.743,17.954,1.894,0.086,0.086,0.564
2024-01-01 20:37:00,20.264,18.576,1.871,0.084,0.084,0.554
2024-01-01 20:38:00,21.584,18.582,1.848,0.082,0.082,0.545
2024-01-01 20:39:00,20.005,18.345,1.826,0.079,0.079,0.535
2024-01-01 20:40:00,21.563,18.071,1.803,0.077,0.077,0.526
2024-01-01 20:41:00,20.75,18.229,1.781,0.075,0.075,0.516
2024-01-01 20:42:00,20.976,17.057,1.759,0.073,0.073,0.507
2024-01-01 20:43:00,19.813,17.345,1.737,0.071,0.071,0.498
2024-01-01 20:44:00,21.231,18.422,1.716,0.069,0.069,0.489
2024-01-01 20:45:00,19.629,18.211,1.695,0.067,0.067,0.481
2024-01-01 20:46:00,20.898,18.179,1.674,0.065,0.065,0.472
2024-01-01 20:47:00,21.343,18.147,1.653,0.064,0.064,0.464
2024-01-01 20:48:00,20.7,17.8,1.632,0.062,0.062,0.455
2024-01-01 20:49:00,20.135,17.336,1.612,0.06,0.06,0.447
2024-01-01 20:50:00,21.19,17.154,1.591,0.058,0.058,0.439
2024-01-01 20:51:00,21.347,18.545,1.571,0.057,0.057,0.431
2024-01-01 20:52:00,20.682,18.24,1.551,0.055,0.055,0.423
2024-01-01 20:53:00,20.994,17.963,1.532,0.054,0.054,0.416
2024-01-01 20:54:00,19.938,17.247,1.512,0.052,0.052,0.408
2024-01-01 20:55:00,21.33,18.135,1.493,0.051,0.051,0.401
2024-01-01 20:56:00,20.543,17.223,1.474,0.049,0.049,0.393
2024-01-01 20:57:00,20.422,18.13,1.455,0.048,0.048,0.386
2024-01-01 20:58:00,20.298,17.76,1.437,0.046,0.046,0.379
2024-01-01 20:59:00,21.522,17.95,1.418,0.045,0.045,0.372
2024-01-01 21:00:00,20.54,17.912,1.4,0.044,0.044,0.365
2024-01-01 21:01:00,21.394,17.896,1.382,0.042,0.042,0.358
2024-01-01 21:02:00,20.979,17.574,1.364,0.041,0.041,0.352
2024-01-01 21:03:00,21.657,17.605,1.346,0.04,0.04,0.345
2024-01-01 21:04:00,19.722,18.049,1.329,0.039,0.039,0.339
2024-01-01 21:05:00,21.59,17.614,1.312,0.038,0.038,0.332
2024-01-01 21:06:00,19.625,17.31,1.295,0.037,0.037,0.326
2024-01-01 21:07:00,20.338,17.143,1.278,0.036,0.036,0.32
2024-01-01 21:08:00,20.793,17.311,1.261,0.035,0.035,0.314
2024-01-01 21:09:00,21.185,17.494,1.244,0.034,0.034,0.308
2024-01-01 21:10:00,21.19,18.028,1.228,0.033,0.033,0.302
2024-01-01 21:11:00,21.601,18.447,1.212,0.032,0.032,0.297
2024-01-01 21:12:00,19.647,18.291,1.196,0.031,0.031,0.291
2024-01-01 21:13:00,21.495,17.802,1.18,0.03,0.03,0.285
2024-01-01 21:14:00,20.08,17.417,1.164,0.029,0.029,0.28
2024-01-01 21:15:00,20.477,17.135,1.149,0.028,0.028,0.275
2024-01-01 21:16:00,21.434,18.583,1.133,0.027,0.027,0.269
2024-01-01 21:17:00,20.626,17.162,1.118,0.026,0.026,0.264
2024-01-01 21:18:00,20.457,17.748,1.103,0.026,0.026,0.259
2024-01-01 21:19:00,20.526,17.403,1.088,0.025,0.025,0.254
2024-01-01 21:20:00,21.389,17.763,1.074,0.024,0.024,0.249
2024-01-01 21:21:00,21.495,18.479,1.059,0.023,0.023,0.244
2024-01-01 21:22:00,20.586,17.01,1.045,0.023,0.023,0.24
2024-01-01 21:23:00,20.373,18.253,1.031,0.022,0.022,0.235
2024-01-01 21:24:00,20.793,18.273,1.017,0.021,0.021,0.23
2024-01-01 21:25:00,20.836,17.336,1.003,0.021,0.021,0.226
2024-01-01 21:26:00,20.392,17.068,0.989,0.02,0.02,0.221
2024-01-01 21:27:00,21.074,18.555,0.976,0.019,0.019,0.217
2024-01-01 21:28:00,19.898,16.775,0.962,0.019,0.019,0.213
2024-01-01 21:29:00,21.113,16.849,0.949,0.018,0.018,0.209
2024-01-01 21:30:00,21.434,18.267,0.936,0.018,0.018,0.204
2024-01-01 21:31:00,19.548,17.194,0.923,0.017,0.017,0.2
2024-01-01 21:32:00,20.811,17.56,0.91,0.017,0.017,0.196
2024-01-01 21:33:00,20.79,18.358,0.898,0.016,0.016,0.192
2024-01-01 21:34:00,19.583,18.557,0.885,0.016,0.016,0.189
2024-01-01 21:35:00,19.687,18.183,0.873,0.015,0.015,0.185
2024-01-01 21:36:00,20.965,17.634,0.861,0.015,0.015,0.181
2024-01-01 21:37:00,20.957,17.529,0.849,0.014,0.014,0.178
2024-01-01 21:38:00,21.404,17.375,0.837,0.014,0.014,0.174
2024-01-01 21:39:00,20.714,17.129,0.825,0.013,0.013,0.17
2024-01-01 21:40:00,20.268,17.503,0.813,0.013,0.013,0.167
2024-01-01 21:41:00,21.683,18.23,0.802,0.012,0.012,0.164
2024-01-01 21:42:00,19.822,17.26,0.79,0.012,0.012,0.16
2024-01-01 21:43:00,20.838,17.783,0.779,0.012,0.012,0.157
2024-01-01 21:44:00,21.409,17.032,0.768,0.011,0.011,0.154
2024-01-01 21:45:00,20.938,17.907,0.757,0.011,0.011,0.151
2024-01-01 21:46:00,20.159,17.298,0.746,0.011,0.011,0.148
2024-01-01 21:47:00,20.557,18.251,0.736,0.01,0.01,0.145
2024-01-01 21:48:00,21.574,16.834,0.725,0.01,0.01,0.142
2024-01-01 21:49:00,20.06,18.593,0.715,0.01,0.01,0.139
2024-01-01 21:50:00,20.216,18.047,0.705,0.009,0.009,0.136
2024-01-01 21:51:00,20.532,16.893,0.694,0.009,0.009,0.133
2024-01-01 21:52:00,19.99,17.678,0.684,0.009,0.009,0.13
2024-01-01 21:53:00,20.136,16.846,0.674,0.008,0.008,0.128
2024-01-01 21:54:00,20.529,17.489,0.665,0.008,0.008,0.125
2024-01-01 21:55:00,20.181,17.719,0.655,0.008,0.008,0.122
2024-01-01 21:56:00,21.488,17.123,0.645,0.008,0.008,0.12
2024-01-01 21:57:00,20.437,18.069,0.636,0.007,0.007,0.117
2024-01-01 21:58:00,21.383,18.103,0.627,0.007,0.007,0.115
2024-01-01 21:59:00,20.67,16.818,0.618,0.007,0.007,0.112
2024-01-01 22:00:00,21.381,18.394,0.608,0.007,0.007,0.11
2024-01-01 22:01:00,19.934,18.04,0.599,0.006,0.006,0.108
2024-01-01 22:02:00,20.972,16.787,0.591,0.006,0.006,0.105
2024-01-01 22:03:00,19.536,16.855,0.582,0.006,0.006,0.103
2024-01-01 22:04:00,21.26,17.159,0.573,0.006,0.006,0.101
2024-01-01 22:05:00,20.036,17.962,0.565,0.006,0.006,0.099
2024-01-01 22:06:00,20.733,17.589,0.556,0.005,0.005,0.097
2024-01-01 22:07:00,19.693,16.752,0.548,0.005,0.005,0.095
2024-01-01 22:08:00,19.812,16.936,0.54,0.005,0.005,0.093
2024-01-01 22:09:00,21.537,18.191,0.532,0.005,0.005,0.091
2024-01-01 22:10:00,21.121,18.091,0.524,0.005,0.005,0.089
2024-01-01 22:11:00,20.514,17.21,0.516,0.005,0.005,0.087
2024-01-01 22:12:00,21.617,17.727,0.508,0.004,0.004,0.085
2024-01-01 22:13:00,20.647,18.318,0.501,0.004,0.004,0.083
2024-01-01 22:14:00,21.249,17.803,0.493,0.004,0.004,0.081
2024-01-01 22:15:00,21.119,16.821,0.486,0.004,0.004,0.079
2024-01-01 22:16:00,20.213,17.886,0.478,0.004,0.004,0.078
2024-01-01 22:17:00,20.675,17.197,0.471,0.004,0.004,0.076
2024-01-01 22:18:00,20.987,16.945,0.464,0.004,0.004,0.074
2024-01-01 22:19:00,21.58,16.904,0.457,0.004,0.004,0.073
2024-01-01 22:20:00,19.757,18.535,0.45,0.003,0.003,0.071
2024-01-01 22:21:00,20.491,18.491,0.443,0.003,0.003,0.07
2024-01-01 22:22:00,21.398,18.022,0.436,0.003,0.003,0.068
2024-01-01 22:23:00,21.534,16.914,0.429,0.003,0.003,0.067
2024-01-01 22:24:00,19.635,17.438,0.423,0.003,0.003,0.065
2024-01-01 22:25:00,20.225,17.061,0.416,0.003,0.003,0.064
2024-01-01 22:26:00,20.22,17.728,0.41,0.003,0.003,0.062
2024-01-01 22:27:00,20.547,17.566,0.403,0.003,0.003,0.061
2024-01-01 22:28:00,20.559,18.551,0.397,0.003,0.003,0.059
2024-01-01 22:29:00,19.752,17.72,0.391,0.002,0.002,0.058
2024-01-01 22:30:00,20.416,17.443,0.385,0.002,0.002,0.057
2024-01-01 22:31:00,21.166,16.964,0.379,0.002,0.002,0.056
2024-01-01 22:32:00,21.604,17.298,0.373,0.002,0.002,0.054
2024-01-01 22:33:00,20.99,17.759,0.367,0.002,0.002,0.053
2024-01-01 22:34:00,19.547,16.897,0.361,0.002,0.002,0.052
2024-01-01 22:35:00,19.726,18.137,0.355,0.002,0.002,0.051
2024-01-01 22:36:00,20.561,18.221,0.35,0.002,0.002,0.05
2024-01-01 22:37:00,20.376,17.005,0.344,0.002,0.002,0.048
2024-01-01 22:38:00,20.866,18.011,0.339,0.002,0.002,0.047
2024-01-01 22:39:00,20.609,16.95,0.334,0.002,0.002,0.046
2024-01-01 22:40:00,21.06,18.163,0.328,0.002,0.002,0.045
2024-01-01 22:41:00,20.534,18.598,0.323,0.002,0.002,0.044
2024-01-01 22:42:00,21.58,17.167,0.318,0.002,0.002,0.043
2024-01-01 22:43:00,20.376,17.621,0.313,0.002,0.002,0.042
2024-01-01 22:44:00,20.015,17.105,0.308,0.001,0.001,0.041
2024-01-01 22:45:00,21.145,18.541,0.303,0.001,0.001,0.04
2024-01-01 22:46:00,20.659,17.261,0.298,0.001,0.001,0.039
2024-01-01 22:47:00,19.804,17.59,0.293,0.001,0.001,0.038
2024-01-01 22:48:00,21.211,18.366,0.288,0.001,0.001,0.038
2024-01-01 22:49:00,19.702,18.531,0.284,0.001,0.001,0.037
2024-01-01 22:50:00,19.902,17.727,0.279,0.001,0.001,0.036
2024-01-01 22:51:00,20.172,18.503,0.275,0.001,0.001,0.035
2024-01-01 22:52:00,20.662,17.541,0.27,0.001,0.001,0.034
2024-01-01 22:53:00,20.325,17.316,0.266,0.001,0.001,0.033
2024-01-01 22:54:00,21.189,17.061,0.261,0.001,0.001,0.033
2024-01-01 22:55:00,21.522,17.4,0.257,0.001,0.001,0.032
2024-01-01 22:56:00,20.175,17.869,0.253,0.001,0.001,0.031
2024-01-01 22:57:00,20.051,16.786,0.249,0.001,0.001,0.03
2024-01-01 22:58:00,19.87,18.592,0.245,0.001,0.001,0.03
2024-01-01 22:59:00,20.804,17.424,0.241,0.001,0.001,0.029
2024-01-01 23:00:00,19.871,17.151,0.237,0.001,0.001,0.028
2024-01-01 23:01:00,20.634,17.832,0.233,0.001,0.001,0.028
2024-01-01 23:02:00,19.859,18.0,0.229,0.001,0.001,0.027
2024-01-01 23:03:00,21.518,16.97,0.225,0.001,0.001,0.026
2024-01-01 23:04:00,20.039,16.821,0.221,0.001,0.001,0.026
2024-01-01 23:05:00,19.641,17.345,0.218,0.001,0.001,0.025
2024-01-01 23:06:00,21.357,17.785,0.214,0.001,0.001,0.024
2024-01-01 23:07:00,19.946,17.549,0.21,0.001,0.001,0.024
2024-01-01 23:08:00,21.216,17.316,0.207,0.001,0.001,0.023
2024-01-01 23:09:00,20.96,17.685,0.203,0.001,0.001,0.023
2024-01-01 23:10:00,20.602,17.484,0.2,0.001,0.001,0.022
2024-01-01 23:11:00,20.871,17.734,0.197,0.001,0.001,0.022
2024-01-01 23:12:00,21.103,18.487,0.193,0.001,0.001,0.021
2024-01-01 23:13:00,19.697,16.75,0.19,0.0,0.0,0.021
2024-01-01 23:14:00,19.575,17.802,0.187,0.0,0.0,0.02
2024-01-01 23:15:00,19.807,17.222,0.184,0.0,0.0,0.02
2024-01-01 23:16:00,21.217,17.607,0.181,0.0,0.0,0.019
2024-01-01 23:17:00,21.401,18.562,0.177,0.0,0.0,0.019
2024-01-01 23:18:00,20.22,17.068,0.174,0.0,0.0,0.018
2024-01-01 23:19:00,20.512,16.783,0.171,0.0,0.0,0.018
2024-01-01 23:20:00,21.478,18.358,0.169,0.0,0.0,0.017
2024-01-01 23:21:00,21.044,17.733,0.166,0.0,0.0,0.017
2024-01-01 23:22:00,21.148,16.743,0.163,0.0,0.0,0.016
2024-01-01 23:23:00,21.678,17.225,0.16,0.0,0.0,0.016
2024-01-01 23:24:00,20.956,17.25,0.157,0.0,0.0,0.016
2024-01-01 23:25:00,19.997,16.742,0.154,0.0,0.0,0.015
2024-01-01 23:26:00,21.12,17.373,0.152,0.0,0.0,0.015
2024-01-01 23:27:00,21.68,17.309,0.149,0.0,0.0,0.015
2024-01-01 23:28:00,21.102,17.325,0.147,0.0,0.0,0.014
2024-01-01 23:29:00,20.336,18.452,0.144,0.0,0.0,0.014
2024-01-01 23:30:00,19.641,17.842,0.142,0.0,0.0,0.013
2024-01-01 23:31:00,20.816,18.082,0.139,0.0,0.0,0.013
2024-01-01 23:32:00,21.079,18.408,0.137,0.0,0.0,0.013
2024-01-01 23:33:00,19.893,17.365,0.134,0.0,0.0,0.012
2024-01-01 23:34:00,20.317,17.569,0.132,0.0,0.0,0.012
2024-01-01 23:35:00,20.673,16.88,0.13,0.0,0.0,0.012
2024-01-01 23:36:00,20.28,17.321,0.127,0.0,0.0,0.012
2024-01-01 23:37:00,20.092,16.831,0.125,0.0,0.0,0.011
2024-01-01 23:38:00,21.635,18.342,0.123,0.0,0.0,0.011
2024-01-01 23:39:00,19.844,17.387,0.121,0.0,0.0,0.011
2024-01-01 23:40:00,21.306,16.988,0.119,0.0,0.0,0.01
2024-01-01 23:41:00,19.682,17.25,0.116,0.0,0.0,0.01
2024-01-01 23:42:00,20.767,17.047,0.114,0.0,0.0,0.01
2024-01-01 23:43:00,19.749,18.472,0.112,0.0,0.0,0.01
2024-01-01 23:44:00,19.583,17.105,0.11,0.0,0.0,0.009
2024-01-01 23:45:00,21.667,17.647,0.108,0.0,0.0,0.009
2024-01-01 23:46:00,21.384,17.521,0.106,0.0,0.0,0.009
2024-01-01 23:47:00,20.721,17.299,0.104,0.0,0.0,0.009
2024-01-01 23:48:00,21.133,17.125,0.103,0.0,0.0,0.008
2024-01-01 23:49:00,19.923,17.662,0.101,0.0,0.0,0.008
2024-01-01 23:50:00,19.654,18.31,0.099,0.0,0.0,0.008
2024-01-01 23:51:00,20.68,17.631,0.097,0.0,0.0,0.008
2024-01-01 23:52:00,21.507,16.857,0.095,0.0,0.0,0.008
2024-01-01 23:53:00,19.544,18.094,0.094,0.0,0.0,0.007
2024-01-01 23:54:00,20.892,17.01,0.092,0.0,0.0,0.007
2024-01-01 23:55:00,19.913,17.495,0.09,0.0,0.0,0.007
2024-01-01 23:56:00,20.545,17.427,0.089,0.0,0.0,0.007
2024-01-01 23:57:00,21.303,17.678,0.087,0.0,0.0,0.007
2024-01-01 23:58:00,20.047,18.136,0.085,0.0,0.0,0.007
2024-01-01 23:59:00,19.686,18.313,0.084,0.0,0.0,0.006
