timestamp,PFVJama-0,PFVJama-1,PFVJama,PFVSanPedro,PEValleDeLosVientos,PFVUsya,PECalama,PFVAzabache,JAM-LAS,LAS-CAL,VLV-CAL,CAL-CHU,CAL-SAL,SAL-CHU,CAL-NCH,NCH-CHU
2024-01-01 00:00:00,0.0,0.0,0.0,0,0,0,0,0,0,0,0,0,0,0,0,0
2024-01-01 00:01:00,0.0,0.0,0.0,0,0,0,0,0,0,0,0,0,0,0,0,0
2024-01-01 00:02:00,0.0,0.0,0.0,0,0,0,0,0,0,0,0,0,0,0,0,0
2024-01-01 00:03:00,0.0,0.0,0.0,0,0,0,0,0,0,0,0,0,0,0,0,0
2024-01-01 00:04:00,0.0,0.0,0.0,0,0,0,0,0,0,0,0,0,0,0,0,0
2024-01-01 00:05:00,0.0,0.0,0.0,0,0,0,0,0,0,0,0,0,0,0,0,0
2024-01-01 00:06:00,0.0,0.0,0.0,0,0,0,0,0,0,0,0,0,0,0,0,0
2024-01-01 00:07:00,0.0,0.0,0.0,0,0,0,0,0,0,0,0,0,0,0,0,0
2024-01-01 00:08:00,0.0,0.0,0.0,0,0,0,0,0,0,0,0,0,0,0,0,0
2024-01-01 00:09:00,0.0,0.0,0.0,0,0,0,0,0,0,0,0,0,0,0,0,0
2024-01-01 00:10:00,0.0,0.0,0.0,0,0,0,0,0,0,0,0,0,0,0,0,0
2024-01-01 00:11:00,0.0,0.0,0.0,0,0,0,0,0,0,0,0,0,0,0,0,0
2024-01-01 00:12:00,0.0,0.0,0.0,0,0,0,0,0,0,0,0,0,0,0,0,0
2024-01-01 00:13:00,0.0,0.0,0.0,0,0,0,0,0,0,0,0,0,0,0,0,0
2024-01-01 00:14:00,0.0,0.0,0.0,0,0,0,0,0,0,0,0,0,0,0,0,0
2024-01-01 00:15:00,0.0,0.0,0.0,0,0,0,0,0,0,0,0,0,0,0,0,0
2024-01-01 00:16:00,0.0,0.0,0.0,0,0,0,0,0,0,0,0,0,0,0,0,0
2024-01-01 00:17:00,0.0,0.0,0.0,0,0,0,0,0,0,0,0,0,0,0,0,0
2024-01-01 00:18:00,0.0,0.0,0.0,0,0,0,0,0,0,0,0,0,0,0,0,0
2024-01-01 00:19:00,0.0,0.0,0.0,0,0,0,0,0,0,0,0,0,0,0,0,0
2024-01-01 00:20:00,0.0,0.0,0.0,0,0,0,0,0,0,0,0,0,0,0,0,0
2024-01-01 00:21:00,0.0,0.0,0.0,0,0,0,0,0,0,0,0,0,0,0,0,0
2024-01-01 00:22:00,0.0,0.0,0.0,0,0,0,0,0,0,0,0,0,0,0,0,0
2024-01-01 00:23:00,0.0,0.0,0.0,0,0,0,0,0,0,0,0,0,0,0,0,0
2024-01-01 00:24:00,0.0,0.0,0.0,0,0,0,0,0,0,0,0,0,0,0,0,0
2024-01-01 00:25:00,0.0,0.0,0.0,0,0,0,0,0,0,0,0,0,0,0,0,0
2024-01-01 00:26:00,0.0,0.0,0.0,0,0,0,0,0,0,0,0,0,0,0,0,0
2024-01-01 00:27:00,0.0,0.0,0.0,0,0,0,0,0,0,0,0,0,0,0,0,0
2024-01-01 00:28:00,0.0,0.0,0.0,0,0,0,0,0,0,0,0,0,0,0,0,0
2024-01-01 00:29:00,0.0,0.0,0.0,0,0,0,0,0,0,0,0,0,0,0,0,0
2024-01-01 00:30:00,0.0,0.0,0.0,0,0,0,0,0,0,0,0,0,0,0,0,0
2024-01-01 00:31:00,0.0,0.0,0.0,0,0,0,0,0,0,0,0,0,0,0,0,0
2024-01-01 00:32:00,0.0,0.0,0.0,0,0,0,0,0,0,0,0,0,0,0,0,0
2024-01-01 00:33:00,0.0,0.0,0.0,0,0,0,0,0,0,0,0,0,0,0,0,0
2024-01-01 00:34:00,0.0,0.0,0.0,0,0,0,0,0,0,0,0,0,0,0,0,0
2024-01-01 00:35:00,0.0,0.0,0.0,0,0,0,0,0,0,0,0,0,0,0,0,0
2024-01-01 00:36:00,0.0,0.0,0.0,0,0,0,0,0,0,0,0,0,0,0,0,0
2024-01-01 00:37:00,0.0,0.0,0.0,0,0,0,0,0,0,0,0,0,0,0,0,0
2024-01-01 00:38:00,0.0,0.0,0.0,0,0,0,0,0,0,0,0,0,0,0,0,0
2024-01-01 00:39:00,0.0,0.0,0.0,0,0,0,0,0,0,0,0,0,0,0,0,0
2024-01-01 00:40:00,0.0,0.0,0.0,0,0,0,0,0,0,0,0,0,0,0,0,0
2024-01-01 00:41:00,0.0,0.0,0.0,0,0,0,0,0,0,0,0,0,0,0,0,0
2024-01-01 00:42:00,0.0,0.0,0.0,0,0,0,0,0,0,0,0,0,0,0,0,0
2024-01-01 00:43:00,0.0,0.0,0.0,0,0,0,0,0,0,0,0,0,0,0,0,0
2024-01-01 00:44:00,0.0,0.0,0.0,0,0,0,0,0,0,0,0,0,0,0,0,0
2024-01-01 00:45:00,0.0,0.0,0.0,0,0,0,0,0,0,0,0,0,0,0,0,0
2024-01-01 00:46:00,0.0,0.0,0.0,0,0,0,0,0,0,0,0,0,0,0,0,0
2024-01-01 00:47:00,0.0,0.0,0.0,0,0,0,0,0,0,0,0,0,0,0,0,0
2024-01-01 00:48:00,0.0,0.0,0.0,0,0,0,0,0,0,0,0,0,0,0,0,0
2024-01-01 00:49:00,0.0,0.0,0.0,0,0,0,0,0,0,0,0,0,0,0,0,0
2024-01-01 00:50:00,0.0,0.0,0.0,0,0,0,0,0,0,0,0,0,0,0,0,0
2024-01-01 00:51:00,0.0,0.0,0.0,0,0,0,0,0,0,0,0,0,0,0,0,0
2024-01-01 00:52:00,0.0,0.0,0.0,0,0,0,0,0,0,0,0,0,0,0,0,0
2024-01-01 00:53:00,0.0,0.0,0.0,0,0,0,0,0,0,0,0,0,0,0,0,0
2024-01-01 00:54:00,0.0,0.0,0.0,0,0,0,0,0,0,0,0,0,0,0,0,0
2024-01-01 00:55:00,0.0,0.0,0.0,0,0,0,0,0,0,0,0,0,0,0,0,0
2024-01-01 00:56:00,0.0,0.0,0.0,0,0,0,0,0,0,0,0,0,0,0,0,0
2024-01-01 00:57:00,0.0,0.0,0.0,0,0,0,0,0,0,0,0,0,0,0,0,0
2024-01-01 00:58:00,0.0,0.0,0.0,0,0,0,0,0,0,0,0,0,0,0,0,0
2024-01-01 00:59:00,0.0,0.0,0.0,0,0,0,0,0,0,0,0,0,0,0,0,0
2024-01-01 01:00:00,0.0,0.0,0.0,0,0,0,0,0,0,0,0,0,0,0,0,0
2024-01-01 01:01:00,0.0,0.0,0.0,0,0,0,0,0,0,0,0,0,0,0,0,0
2024-01-01 01:02:00,0.0,0.0,0.0,0,0,0,0,0,0,0,0,0,0,0,0,0
2024-01-01 01:03:00,0.0,0.0,0.0,0,0,0,0,0,0,0,0,0,0,0,0,0
2024-01-01 01:04:00,0.0,0.0,0.0,0,0,0,0,0,0,0,0,0,0,0,0,0
2024-01-01 01:05:00,0.0,0.0,0.0,0,0,0,0,0,0,0,0,0,0,0,0,0
2024-01-01 01:06:00,0.0,0.0,0.0,0,0,0,0,0,0,0,0,0,0,0,0,0
2024-01-01 01:07:00,0.0,0.0,0.0,0,0,0,0,0,0,0,0,0,0,0,0,0
2024-01-01 01:08:00,0.0,0.0,0.0,0,0,0,0,0,0,0,0,0,0,0,0,0
2024-01-01 01:09:00,0.0,0.0,0.0,0,0,0,0,0,0,0,0,0,0,0,0,0
2024-01-01 01:10:00,0.0,0.0,0.0,0,0,0,0,0,0,0,0,0,0,0,0,0
2024-01-01 01:11:00,0.0,0.0,0.0,0,0,0,0,0,0,0,0,0,0,0,0,0
2024-01-01 01:12:00,0.0,0.0,0.0,0,0,0,0,0,0,0,0,0,0,0,0,0
2024-01-01 01:13:00,0.0,0.0,0.0,0,0,0,0,0,0,0,0,0,0,0,0,0
2024-01-01 01:14:00,0.0,0.0,0.0,0,0,0,0,0,0,0,0,0,0,0,0,0
2024-01-01 01:15:00,0.0,0.0,0.0,0,0,0,0,0,0,0,0,0,0,0,0,0
2024-01-01 01:16:00,0.0,0.0,0.0,0,0,0,0,0,0,0,0,0,0,0,0,0
2024-01-01 01:17:00,0.0,0.0,0.0,0,0,0,0,0,0,0,0,0,0,0,0,0
2024-01-01 01:18:00,0.0,0.0,0.0,0,0,0,0,0,0,0,0,0,0,0,0,0
2024-01-01 01:19:00,0.0,0.0,0.0,0,0,0,0,0,0,0,0,0,0,0,0,0
2024-01-01 01:20:00,0.0,0.0,0.0,0,0,0,0,0,0,0,0,0,0,0,0,0
2024-01-01 01:21:00,0.0,0.0,0.0,0,0,0,0,0,0,0,0,0,0,0,0,0
2024-01-01 01:22:00,0.0,0.0,0.0,0,0,0,0,0,0,0,0,0,0,0,0,0
2024-01-01 01:23:00,0.0,0.0,0.0,0,0,0,0,0,0,0,0,0,0,0,0,0
2024-01-01 01:24:00,0.0,0.0,0.0,0,0,0,0,0,0,0,0,0,0,0,0,0
2024-01-01 01:25:00,0.0,0.0,0.0,0,0,0,0,0,0,0,0,0,0,0,0,0
2024-01-01 01:26:00,0.0,0.0,0.0,0,0,0,0,0,0,0,0,0,0,0,0,0
2024-01-01 01:27:00,0.0,0.0,0.0,0,0,0,0,0,0,0,0,0,0,0,0,0
2024-01-01 01:28:00,0.0,0.0,0.0,0,0,0,0,0,0,0,0,0,0,0,0,0
2024-01-01 01:29:00,0.0,0.0,0.0,0,0,0,0,0,0,0,0,0,0,0,0,0
2024-01-01 01:30:00,0.0,0.0,0.0,0,0,0,0,0,0,0,0,0,0,0,0,0
2024-01-01 01:31:00,0.0,0.0,0.0,0,0,0,0,0,0,0,0,0,0,0,0,0
2024-01-01 01:32:00,0.0,0.0,0.0,0,0,0,0,0,0,0,0,0,0,0,0,0
2024-01-01 01:33:00,0.0,0.0,0.0,0,0,0,0,0,0,0,0,0,0,0,0,0
2024-01-01 01:34:00,0.0,0.0,0.0,0,0,0,0,0,0,0,0,0,0,0,0,0
2024-01-01 01:35:00,0.0,0.0,0.0,0,0,0,0,0,0,0,0,0,0,0,0,0
2024-01-01 01:36:00,0.0,0.0,0.0,0,0,0,0,0,0,0,0,0,0,0,0,0
2024-01-01 01:37:00,0.0,0.0,0.0,0,0,0,0,0,0,0,0,0,0,0,0,0
2024-01-01 01:38:00,0.0,0.0,0.0,0,0,0,0,0,0,0,0,0,0,0,0,0
2024-01-01 01:39:00,0.0,0.0,0.0,0,0,0,0,0,0,0,0,0,0,0,0,0
2024-01-01 01:40:00,0.0,0.0,0.0,0,0,0,0,0,0,0,0,0,0,0,0,0
2024-01-01 01:41:00,0.0,0.0,0.0,0,0,0,0,0,0,0,0,0,0,0,0,0
2024-01-01 01:42:00,0.0,0.0,0.0,0,0,0,0,0,0,0,0,0,0,0,0,0
2024-01-01 01:43:00,0.0,0.0,0.0,0,0,0,0,0,0,0,0,0,0,0,0,0
2024-01-01 01:44:00,0.0,0.0,0.0,0,0,0,0,0,0,0,0,0,0,0,0,0
2024-01-01 01:45:00,0.0,0.0,0.0,0,0,0,0,0,0,0,0,0,0,0,0,0
2024-01-01 01:46:00,0.0,0.0,0.0,0,0,0,0,0,0,0,0,0,0,0,0,0
2024-01-01 01:47:00,0.0,0.0,0.0,0,0,0,0,0,0,0,0,0,0,0,0,0
2024-01-01 01:48:00,0.0,0.0,0.0,0,0,0,0,0,0,0,0,0,0,0,0,0
2024-01-01 01:49:00,0.0,0.0,0.0,0,0,0,0,0,0,0,0,0,0,0,0,0
2024-01-01 01:50:00,0.0,0.0,0.0,0,0,0,0,0,0,0,0,0,0,0,0,0
2024-01-01 01:51:00,0.0,0.0,0.0,0,0,0,0,0,0,0,0,0,0,0,0,0
2024-01-01 01:52:00,0.0,0.0,0.0,0,0,0,0,0,0,0,0,0,0,0,0,0
2024-01-01 01:53:00,0.0,0.0,0.0,0,0,0,0,0,0,0,0,0,0,0,0,0
2024-01-01 01:54:00,0.0,0.0,0.0,0,0,0,0,0,0,0,0,0,0,0,0,0
2024-01-01 01:55:00,0.0,0.0,0.0,0,0,0,0,0,0,0,0,0,0,0,0,0
2024-01-01 01:56:00,0.0,0.0,0.0,0,0,0,0,0,0,0,0,0,0,0,0,0
2024-01-01 01:57:00,0.0,0.0,0.0,0,0,0,0,0,0,0,0,0,0,0,0,0
2024-01-01 01:58:00,0.0,0.0,0.0,0,0,0,0,0,0,0,0,0,0,0,0,0
2024-01-01 01:59:00,0.0,0.0,0.0,0,0,0,0,0,0,0,0,0,0,0,0,0
2024-01-01 02:00:00,0.0,0.0,0.0,0,0,0,0,0,0,0,0,0,0,0,0,0
2024-01-01 02:01:00,0.0,0.0,0.0,0,0,0,0,0,0,0,0,0,0,0,0,0
2024-01-01 02:02:00,0.0,0.0,0.0,0,0,0,0,0,0,0,0,0,0,0,0,0
2024-01-01 02:03:00,0.0,0.0,0.0,0,0,0,0,0,0,0,0,0,0,0,0,0
2024-01-01 02:04:00,0.0,0.0,0.0,0,0,0,0,0,0,0,0,0,0,0,0,0
2024-01-01 02:05:00,0.0,0.0,0.0,0,0,0,0,0,0,0,0,0,0,0,0,0
2024-01-01 02:06:00,0.0,0.0,0.0,0,0,0,0,0,0,0,0,0,0,0,0,0
2024-01-01 02:07:00,0.0,0.0,0.0,0,0,0,0,0,0,0,0,0,0,0,0,0
2024-01-01 02:08:00,0.0,0.0,0.0,0,0,0,0,0,0,0,0,0,0,0,0,0
2024-01-01 02:09:00,0.0,0.0,0.0,0,0,0,0,0,0,0,0,0,0,0,0,0
2024-01-01 02:10:00,0.0,0.0,0.0,0,0,0,0,0,0,0,0,0,0,0,0,0
2024-01-01 02:11:00,0.0,0.0,0.0,0,0,0,0,0,0,0,0,0,0,0,0,0
2024-01-01 02:12:00,0.0,0.0,0.0,0,0,0,0,0,0,0,0,0,0,0,0,0
2024-01-01 02:13:00,0.0,0.0,0.0,0,0,0,0,0,0,0,0,0,0,0,0,0
2024-01-01 02:14:00,0.0,0.0,0.0,0,0,0,0,0,0,0,0,0,0,0,0,0
2024-01-01 02:15:00,0.0,0.0,0.0,0,0,0,0,0,0,0,0,0,0,0,0,0
2024-01-01 02:16:00,0.0,0.0,0.0,0,0,0,0,0,0,0,0,0,0,0,0,0
2024-01-01 02:17:00,0.0,0.0,0.0,0,0,0,0,0,0,0,0,0,0,0,0,0
2024-01-01 02:18:00,0.0,0.0,0.0,0,0,0,0,0,0,0,0,0,0,0,0,0
2024-01-01 02:19:00,0.0,0.0,0.0,0,0,0,0,0,0,0,0,0,0,0,0,0
2024-01-01 02:20:00,0.0,0.0,0.0,0,0,0,0,0,0,0,0,0,0,0,0,0
2024-01-01 02:21:00,0.0,0.0,0.0,0,0,0,0,0,0,0,0,0,0,0,0,0
2024-01-01 02:22:00,0.0,0.0,0.0,0,0,0,0,0,0,0,0,0,0,0,0,0
2024-01-01 02:23:00,0.0,0.0,0.0,0,0,0,0,0,0,0,0,0,0,0,0,0
2024-01-01 02:24:00,0.0,0.0,0.0,0,0,0,0,0,0,0,0,0,0,0,0,0
2024-01-01 02:25:00,0.0,0.0,0.0,0,0,0,0,0,0,0,0,0,0,0,0,0
2024-01-01 02:26:00,0.0,0.0,0.0,0,0,0,0,0,0,0,0,0,0,0,0,0
2024-01-01 02:27:00,0.0,0.0,0.0,0,0,0,0,0,0,0,0,0,0,0,0,0
2024-01-01 02:28:00,0.0,0.0,0.0,0,0,0,0,0,0,0,0,0,0,0,0,0
2024-01-01 02:29:00,0.0,0.0,0.0,0,0,0,0,0,0,0,0,0,0,0,0,0
2024-01-01 02:30:00,0.0,0.0,0.0,0,0,0,0,0,0,0,0,0,0,0,0,0
2024-01-01 02:31:00,0.0,0.0,0.0,0,0,0,0,0,0,0,0,0,0,0,0,0
2024-01-01 02:32:00,0.0,0.0,0.0,0,0,0,0,0,0,0,0,0,0,0,0,0
2024-01-01 02:33:00,0.0,0.0,0.0,0,0,0,0,0,0,0,0,0,0,0,0,0
2024-01-01 02:34:00,0.0,0.0,0.0,0,0,0,0,0,0,0,0,0,0,0,0,0
2024-01-01 02:35:00,0.0,0.0,0.0,0,0,0,0,0,0,0,0,0,0,0,0,0
2024-01-01 02:36:00,0.0,0.0,0.0,0,0,0,0,0,0,0,0,0,0,0,0,0
2024-01-01 02:37:00,0.0,0.0,0.0,0,0,0,0,0,0,0,0,0,0,0,0,0
2024-01-01 02:38:00,0.0,0.0,0.0,0,0,0,0,0,0,0,0,0,0,0,0,0
2024-01-01 02:39:00,0.0,0.0,0.0,0,0,0,0,0,0,0,0,0,0,0,0,0
2024-01-01 02:40:00,0.0,0.0,0.0,0,0,0,0,0,0,0,0,0,0,0,0,0
2024-01-01 02:41:00,0.0,0.0,0.0,0,0,0,0,0,0,0,0,0,0,0,0,0
2024-01-01 02:42:00,0.0,0.0,0.0,0,0,0,0,0,0,0,0,0,0,0,0,0
2024-01-01 02:43:00,0.0,0.0,0.0,0,0,0,0,0,0,0,0,0,0,0,0,0
2024-01-01 02:44:00,0.0,0.0,0.0,0,0,0,0,0,0,0,0,0,0,0,0,0
2024-01-01 02:45:00,0.0,0.0,0.0,0,0,0,0,0,0,0,0,0,0,0,0,0
2024-01-01 02:46:00,0.0,0.0,0.0,0,0,0,0,0,0,0,0,0,0,0,0,0
2024-01-01 02:47:00,0.0,0.0,0.0,0,0,0,0,0,0,0,0,0,0,0,0,0
2024-01-01 02:48:00,0.0,0.0,0.0,0,0,0,0,0,0,0,0,0,0,0,0,0
2024-01-01 02:49:00,0.0,0.0,0.0,0,0,0,0,0,0,0,0,0,0,0,0,0
2024-01-01 02:50:00,0.0,0.0,0.0,0,0,0,0,0,0,0,0,0,0,0,0,0
2024-01-01 02:51:00,0.0,0.0,0.0,0,0,0,0,0,0,0,0,0,0,0,0,0
2024-01-01 02:52:00,0.0,0.0,0.0,0,0,0,0,0,0,0,0,0,0,0,0,0
2024-01-01 02:53:00,0.0,0.0,0.0,0,0,0,0,0,0,0,0,0,0,0,0,0
2024-01-01 02:54:00,0.0,0.0,0.0,0,0,0,0,0,0,0,0,0,0,0,0,0
2024-01-01 02:55:00,0.0,0.0,0.0,0,0,0,0,0,0,0,0,0,0,0,0,0
2024-01-01 02:56:00,0.0,0.0,0.0,0,0,0,0,0,0,0,0,0,0,0,0,0
2024-01-01 02:57:00,0.0,0.0,0.0,0,0,0,0,0,0,0,0,0,0,0,0,0
2024-01-01 02:58:00,0.0,0.0,0.0,0,0,0,0,0,0,0,0,0,0,0,0,0
2024-01-01 02:59:00,0.0,0.0,0.0,0,0,0,0,0,0,0,0,0,0,0,0,0
2024-01-01 03:00:00,0.0,0.0,0.0,0,0,0,0,0,0,0,0,0,0,0,0,0
2024-01-01 03:01:00,0.0,0.0,0.0,0,0,0,0,0,0,0,0,0,0,0,0,0
2024-01-01 03:02:00,0.0,0.0,0.0,0,0,0,0,0,0,0,0,0,0,0,0,0
2024-01-01 03:03:00,0.0,0.0,0.0,0,0,0,0,0,0,0,0,0,0,0,0,0
2024-01-01 03:04:00,0.0,0.0,0.0,0,0,0,0,0,0,0,0,0,0,0,0,0
2024-01-01 03:05:00,0.0,0.0,0.0,0,0,0,0,0,0,0,0,0,0,0,0,0
2024-01-01 03:06:00,0.0,0.0,0.0,0,0,0,0,0,0,0,0,0,0,0,0,0
2024-01-01 03:07:00,0.0,0.0,0.0,0,0,0,0,0,0,0,0,0,0,0,0,0
2024-01-01 03:08:00,0.0,0.0,0.0,0,0,0,0,0,0,0,0,0,0,0,0,0
2024-01-01 03:09:00,0.0,0.0,0.0,0,0,0,0,0,0,0,0,0,0,0,0,0
2024-01-01 03:10:00,0.0,0.0,0.0,0,0,0,0,0,0,0,0,0,0,0,0,0
2024-01-01 03:11:00,0.0,0.0,0.0,0,0,0,0,0,0,0,0,0,0,0,0,0
2024-01-01 03:12:00,0.0,0.0,0.0,0,0,0,0,0,0,0,0,0,0,0,0,0
2024-01-01 03:13:00,0.0,0.0,0.0,0,0,0,0,0,0,0,0,0,0,0,0,0
2024-01-01 03:14:00,0.0,0.0,0.0,0,0,0,0,0,0,0,0,0,0,0,0,0
2024-01-01 03:15:00,0.0,0.0,0.0,0,0,0,0,0,0,0,0,0,0,0,0,0
2024-01-01 03:16:00,0.0,0.0,0.0,0,0,0,0,0,0,0,0,0,0,0,0,0
2024-01-01 03:17:00,0.0,0.0,0.0,0,0,0,0,0,0,0,0,0,0,0,0,0
2024-01-01 03:18:00,0.0,0.0,0.0,0,0,0,0,0,0,0,0,0,0,0,0,0
2024-01-01 03:19:00,0.0,0.0,0.0,0,0,0,0,0,0,0,0,0,0,0,0,0
2024-01-01 03:20:00,0.0,0.0,0.0,0,0,0,0,0,0,0,0,0,0,0,0,0
2024-01-01 03:21:00,0.0,0.0,0.0,0,0,0,0,0,0,0,0,0,0,0,0,0
2024-01-01 03:22:00,0.0,0.0,0.0,0,0,0,0,0,0,0,0,0,0,0,0,0
2024-01-01 03:23:00,0.0,0.0,0.0,0,0,0,0,0,0,0,0,0,0,0,0,0
2024-01-01 03:24:00,0.0,0.0,0.0,0,0,0,0,0,0,0,0,0,0,0,0,0
2024-01-01 03:25:00,0.0,0.0,0.0,0,0,0,0,0,0,0,0,0,0,0,0,0
2024-01-01 03:26:00,0.0,0.0,0.0,0,0,0,0,0,0,0,0,0,0,0,0,0
2024-01-01 03:27:00,0.0,0.0,0.0,0,0,0,0,0,0,0,0,0,0,0,0,0
2024-01-01 03:28:00,0.0,0.0,0.0,0,0,0,0,0,0,0,0,0,0,0,0,0
2024-01-01 03:29:00,0.0,0.0,0.0,0,0,0,0,0,0,0,0,0,0,0,0,0
2024-01-01 03:30:00,0.0,0.0,0.0,0,0,0,0,0,0,0,0,0,0,0,0,0
2024-01-01 03:31:00,0.0,0.0,0.0,0,0,0,0,0,0,0,0,0,0,0,0,0
2024-01-01 03:32:00,0.0,0.0,0.0,0,0,0,0,0,0,0,0,0,0,0,0,0
2024-01-01 03:33:00,0.0,0.0,0.0,0,0,0,0,0,0,0,0,0,0,0,0,0
2024-01-01 03:34:00,0.0,0.0,0.0,0,0,0,0,0,0,0,0,0,0,0,0,0
2024-01-01 03:35:00,0.0,0.0,0.0,0,0,0,0,0,0,0,0,0,0,0,0,0
2024-01-01 03:36:00,0.0,0.0,0.0,0,0,0,0,0,0,0,0,0,0,0,0,0
2024-01-01 03:37:00,0.0,0.0,0.0,0,0,0,0,0,0,0,0,0,0,0,0,0
2024-01-01 03:38:00,0.0,0.0,0.0,0,0,0,0,0,0,0,0,0,0,0,0,0
2024-01-01 03:39:00,0.0,0.0,0.0,0,0,0,0,0,0,0,0,0,0,0,0,0
2024-01-01 03:40:00,0.0,0.0,0.0,0,0,0,0,0,0,0,0,0,0,0,0,0
2024-01-01 03:41:00,0.0,0.0,0.0,0,0,0,0,0,0,0,0,0,0,0,0,0
2024-01-01 03:42:00,0.0,0.0,0.0,0,0,0,0,0,0,0,0,0,0,0,0,0
2024-01-01 03:43:00,0.0,0.0,0.0,0,0,0,0,0,0,0,0,0,0,0,0,0
2024-01-01 03:44:00,0.0,0.0,0.0,0,0,0,0,0,0,0,0,0,0,0,0,0
2024-01-01 03:45:00,0.0,0.0,0.0,0,0,0,0,0,0,0,0,0,0,0,0,0
2024-01-01 03:46:00,0.0,0.0,0.0,0,0,0,0,0,0,0,0,0,0,0,0,0
2024-01-01 03:47:00,0.0,0.0,0.0,0,0,0,0,0,0,0,0,0,0,0,0,0
2024-01-01 03:48:00,0.0,0.0,0.0,0,0,0,0,0,0,0,0,0,0,0,0,0
2024-01-01 03:49:00,0.0,0.0,0.0,0,0,0,0,0,0,0,0,0,0,0,0,0
2024-01-01 03:50:00,0.0,0.0,0.0,0,0,0,0,0,0,0,0,0,0,0,0,0
2024-01-01 03:51:00,0.0,0.0,0.0,0,0,0,0,0,0,0,0,0,0,0,0,0
2024-01-01 03:52:00,0.0,0.0,0.0,0,0,0,0,0,0,0,0,0,0,0,0,0
2024-01-01 03:53:00,0.0,0.0,0.0,0,0,0,0,0,0,0,0,0,0,0,0,0
2024-01-01 03:54:00,0.0,0.0,0.0,0,0,0,0,0,0,0,0,0,0,0,0,0
2024-01-01 03:55:00,0.0,0.0,0.0,0,0,0,0,0,0,0,0,0,0,0,0,0
2024-01-01 03:56:00,0.0,0.0,0.0,0,0,0,0,0,0,0,0,0,0,0,0,0
2024-01-01 03:57:00,0.0,0.0,0.0,0,0,0,0,0,0,0,0,0,0,0,0,0
2024-01-01 03:58:00,0.0,0.0,0.0,0,0,0,0,0,0,0,0,0,0,0,0,0
2024-01-01 03:59:00,0.0,0.0,0.0,0,0,0,0,0,0,0,0,0,0,0,0,0
2024-01-01 04:00:00,0.0,0.0,0.0,0,0,0,0,0,0,0,0,0,0,0,0,0
2024-01-01 04:01:00,0.0,0.0,0.0,0,0,0,0,0,0,0,0,0,0,0,0,0
2024-01-01 04:02:00,0.0,0.0,0.0,0,0,0,0,0,0,0,0,0,0,0,0,0
2024-01-01 04:03:00,0.0,0.0,0.0,0,0,0,0,0,0,0,0,0,0,0,0,0
2024-01-01 04:04:00,0.0,0.0,0.0,0,0,0,0,0,0,0,0,0,0,0,0,0
2024-01-01 04:05:00,0.0,0.0,0.0,0,0,0,0,0,0,0,0,0,0,0,0,0
2024-01-01 04:06:00,0.0,0.0,0.0,0,0,0,0,0,0,0,0,0,0,0,0,0
2024-01-01 04:07:00,0.0,0.0,0.0,0,0,0,0,0,0,0,0,0,0,0,0,0
2024-01-01 04:08:00,0.0,0.0,0.0,0,0,0,0,0,0,0,0,0,0,0,0,0
2024-01-01 04:09:00,0.0,0.0,0.0,0,0,0,0,0,0,0,0,0,0,0,0,0
2024-01-01 04:10:00,0.0,0.0,0.0,0,0,0,0,0,0,0,0,0,0,0,0,0
2024-01-01 04:11:00,0.0,0.0,0.0,0,0,0,0,0,0,0,0,0,0,0,0,0
2024-01-01 04:12:00,0.0,0.0,0.0,0,0,0,0,0,0,0,0,0,0,0,0,0
2024-01-01 04:13:00,0.0,0.0,0.0,0,0,0,0,0,0,0,0,0,0,0,0,0
2024-01-01 04:14:00,0.0,0.0,0.0,0,0,0,0,0,0,0,0,0,0,0,0,0
2024-01-01 04:15:00,0.0,0.0,0.0,0,0,0,0,0,0,0,0,0,0,0,0,0
2024-01-01 04:16:00,0.0,0.0,0.0,0,0,0,0,0,0,0,0,0,0,0,0,0
2024-01-01 04:17:00,0.0,0.0,0.0,0,0,0,0,0,0,0,0,0,0,0,0,0
2024-01-01 04:18:00,0.0,0.0,0.0,0,0,0,0,0,0,0,0,0,0,0,0,0
2024-01-01 04:19:00,0.0,0.0,0.0,0,0,0,0,0,0,0,0,0,0,0,0,0
2024-01-01 04:20:00,0.0,0.0,0.0,0,0,0,0,0,0,0,0,0,0,0,0,0
2024-01-01 04:21:00,0.0,0.0,0.0,0,0,0,0,0,0,0,0,0,0,0,0,0
2024-01-01 04:22:00,0.0,0.0,0.0,0,0,0,0,0,0,0,0,0,0,0,0,0
2024-01-01 04:23:00,0.0,0.0,0.0,0,0,0,0,0,0,0,0,0,0,0,0,0
2024-01-01 04:24:00,0.0,0.0,0.0,0,0,0,0,0,0,0,0,0,0,0,0,0
2024-01-01 04:25:00,0.0,0.0,0.0,0,0,0,0,0,0,0,0,0,0,0,0,0
2024-01-01 04:26:00,0.0,0.0,0.0,0,0,0,0,0,0,0,0,0,0,0,0,0
2024-01-01 04:27:00,0.0,0.0,0.0,0,0,0,0,0,0,0,0,0,0,0,0,0
2024-01-01 04:28:00,0.0,0.0,0.0,0,0,0,0,0,0,0,0,0,0,0,0,0
2024-01-01 04:29:00,0.0,0.0,0.0,0,0,0,0,0,0,0,0,0,0,0,0,0
2024-01-01 04:30:00,0.0,0.0,0.0,0,0,0,0,0,0,0,0,0,0,0,0,0
2024-01-01 04:31:00,0.0,0.0,0.0,0,0,0,0,0,0,0,0,0,0,0,0,0
2024-01-01 04:32:00,0.0,0.0,0.0,0,0,0,0,0,0,0,0,0,0,0,0,0
2024-01-01 04:33:00,0.0,0.0,0.0,0,0,0,0,0,0,0,0,0,0,0,0,0
2024-01-01 04:34:00,0.0,0.0,0.0,0,0,0,0,0,0,0,0,0,0,0,0,0
2024-01-01 04:35:00,0.0,0.0,0.0,0,0,0,0,0,0,0,0,0,0,0,0,0
2024-01-01 04:36:00,0.0,0.0,0.0,0,0,0,0,0,0,0,0,0,0,0,0,0
2024-01-01 04:37:00,0.0,0.0,0.0,0,0,0,0,0,0,0,0,0,0,0,0,0
2024-01-01 04:38:00,0.0,0.0,0.0,0,0,0,0,0,0,0,0,0,0,0,0,0
2024-01-01 04:39:00,0.0,0.0,0.0,0,0,0,0,0,0,0,0,0,0,0,0,0
2024-01-01 04:40:00,0.0,0.0,0.0,0,0,0,0,0,0,0,0,0,0,0,0,0
2024-01-01 04:41:00,0.0,0.0,0.0,0,0,0,0,0,0,0,0,0,0,0,0,0
2024-01-01 04:42:00,0.0,0.0,0.0,0,0,0,0,0,0,0,0,0,0,0,0,0
2024-01-01 04:43:00,0.0,0.0,0.0,0,0,0,0,0,0,0,0,0,0,0,0,0
2024-01-01 04:44:00,0.0,0.0,0.0,0,0,0,0,0,0,0,0,0,0,0,0,0
2024-01-01 04:45:00,0.0,0.0,0.0,0,0,0,0,0,0,0,0,0,0,0,0,0
2024-01-01 04:46:00,0.0,0.0,0.0,0,0,0,0,0,0,0,0,0,0,0,0,0
2024-01-01 04:47:00,0.0,0.0,0.0,0,0,0,0,0,0,0,0,0,0,0,0,0
2024-01-01 04:48:00,0.0,0.0,0.0,0,0,0,0,0,0,0,0,0,0,0,0,0
2024-01-01 04:49:00,0.0,0.0,0.0,0,0,0,0,0,0,0,0,0,0,0,0,0
2024-01-01 04:50:00,0.0,0.0,0.0,0,0,0,0,0,0,0,0,0,0,0,0,0
2024-01-01 04:51:00,0.0,0.0,0.0,0,0,0,0,0,0,0,0,0,0,0,0,0
2024-01-01 04:52:00,0.0,0.0,0.0,0,0,0,0,0,0,0,0,0,0,0,0,0
2024-01-01 04:53:00,0.0,0.0,0.0,0,0,0,0,0,0,0,0,0,0,0,0,0
2024-01-01 04:54:00,0.0,0.0,0.0,0,0,0,0,0,0,0,0,0,0,0,0,0
2024-01-01 04:55:00,0.0,0.0,0.0,0,0,0,0,0,0,0,0,0,0,0,0,0
2024-01-01 04:56:00,0.0,0.0,0.0,0,0,0,0,0,0,0,0,0,0,0,0,0
2024-01-01 04:57:00,0.0,0.0,0.0,0,0,0,0,0,0,0,0,0,0,0,0,0
2024-01-01 04:58:00,0.0,0.0,0.0,0,0,0,0,0,0,0,0,0,0,0,0,0
2024-01-01 04:59:00,0.0,0.0,0.0,0,0,0,0,0,0,0,0,0,0,0,0,0
2024-01-01 05:00:00,0.0,0.0,0.0,0,0,0,0,0,0,0,0,0,0,0,0,0
2024-01-01 05:01:00,0.0,0.0,0.0,0,0,0,0,0,0,0,0,0,0,0,0,0
2024-01-01 05:02:00,0.0,0.0,0.0,0,0,0,0,0,0,0,0,0,0,0,0,0
2024-01-01 05:03:00,0.0,0.0,0.0,0,0,0,0,0,0,0,0,0,0,0,0,0
2024-01-01 05:04:00,0.0,0.0,0.0,0,0,0,0,0,0,0,0,0,0,0,0,0
2024-01-01 05:05:00,0.0,0.0,0.0,0,0,0,0,0,0,0,0,0,0,0,0,0
2024-01-01 05:06:00,0.0,0.0,0.0,0,0,0,0,0,0,0,0,0,0,0,0,0
2024-01-01 05:07:00,0.0,0.0,0.0,0,0,0,0,0,0,0,0,0,0,0,0,0
2024-01-01 05:08:00,0.0,0.0,0.0,0,0,0,0,0,0,0,0,0,0,0,0,0
2024-01-01 05:09:00,0.0,0.0,0.0,0,0,0,0,0,0,0,0,0,0,0,0,0
2024-01-01 05:10:00,0.0,0.0,0.0,0,0,0,0,0,0,0,0,0,0,0,0,0
2024-01-01 05:11:00,0.0,0.0,0.0,0,0,0,0,0,0,0,0,0,0,0,0,0
2024-01-01 05:12:00,0.0,0.0,0.0,0,0,0,0,0,0,0,0,0,0,0,0,0
2024-01-01 05:13:00,0.0,0.0,0.0,0,0,0,0,0,0,0,0,0,0,0,0,0
2024-01-01 05:14:00,0.0,0.0,0.0,0,0,0,0,0,0,0,0,0,0,0,0,0
2024-01-01 05:15:00,0.0,0.0,0.0,0,0,0,0,0,0,0,0,0,0,0,0,0
2024-01-01 05:16:00,0.0,0.06,0.06,0,0,0,0,0,0,0,0,0,0,0,0,0
2024-01-01 05:17:00,0.0,0.06,0.06,0,0,0,0,0,0,0,0,0,0,0,0,0
2024-01-01 05:18:00,0.0,0.06,0.06,0,0,0,0,0,0,0,0,0,0,0,0,0
2024-01-01 05:19:00,0.0,0.06,0.06,0,0,0,0,0,0,0,0,0,0,0,0,0
2024-01-01 05:20:00,0.0,0.06,0.06,0,0,0,0,0,0,0,0,0,0,0,0,0
2024-01-01 05:21:00,0.0,0.06,0.06,0,0,0,0,0,0,0,0,0,0,0,0,0
2024-01-01 05:22:00,0.0,0.06,0.06,0,0,0,0,0,0,0,0,0,0,0,0,0
2024-01-01 05:23:00,0.0,0.06,0.06,0,0,0,0,0,0,0,0,0,0,0,0,0
2024-01-01 05:24:00,0.0,0.06,0.06,0,0,0,0,0,0,0,0,0,0,0,0,0
2024-01-01 05:25:00,0.0,0.06,0.06,0,0,0,0,0,0,0,0,0,0,0,0,0
2024-01-01 05:26:00,0.0,0.06,0.06,0,0,0,0,0,0,0,0,0,0,0,0,0
2024-01-01 05:27:00,0.0,0.06,0.06,0,0,0,0,0,0,0,0,0,0,0,0,0
2024-01-01 05:28:00,0.0,0.06,0.06,0,0,0,0,0,0,0,0,0,0,0,0,0
2024-01-01 05:29:00,0.0,0.06,0.06,0,0,0,0,0,0,0,0,0,0,0,0,0
2024-01-01 05:30:00,0.0,0.06,0.06,0,0,0,0,0,0,0,0,0,0,0,0,0
2024-01-01 05:31:00,0.0,0.06,0.06,0,0,0,0,0,0,0,0,0,0,0,0,0
2024-01-01 05:32:00,0.0,0.06,0.06,0,0,0,0,0,0,0,0,0,0,0,0,0
2024-01-01 05:33:00,0.0,0.06,0.06,0,0,0,0,0,0,0,0,0,0,0,0,0
2024-01-01 05:34:00,0.0,0.06,0.06,0,0,0,0,0,0,0,0,0,0,0,0,0
2024-01-01 05:35:00,0.0,0.06,0.06,0,0,0,0,0,0,0,0,0,0,0,0,0
2024-01-01 05:36:00,0.06,0.06,0.12,0,0,0,0,0,0,0,0,0,0,0,0,0
2024-01-01 05:37:00,0.06,0.06,0.12,0,0,0,0,0,0,0,0,0,0,0,0,0
2024-01-01 05:38:00,0.06,0.06,0.12,0,0,0,0,0,0,0,0,0,0,0,0,0
2024-01-01 05:39:00,0.06,0.06,0.12,0,0,0,0,0,0,0,0,0,0,0,0,0
2024-01-01 05:40:00,0.06,0.06,0.12,0,0,0,0,0,0,0,0,0,0,0,0,0
2024-01-01 05:41:00,0.06,0.06,0.12,0,0,0,0,0,0,0,0,0,0,0,0,0
2024-01-01 05:42:00,0.06,0.06,0.12,0,0,0,0,0,0,0,0,0,0,0,0,0
2024-01-01 05:43:00,0.06,0.06,0.12,0,0,0,0,0,0,0,0,0,0,0,0,0
2024-01-01 05:44:00,0.06,0.06,0.12,0,0,0,0,0,0,0,0,0,0,0,0,0
2024-01-01 05:45:00,0.06,0.06,0.12,0,0,0,0,0,0,0,0,0,0,0,0,0
2024-01-01 05:46:00,0.06,0.06,0.12,0,0,0,0,0,0,0,0,0,0,0,0,0
2024-01-01 05:47:00,0.06,0.06,0.12,0,0,0,0,0,0,0,0,0,0,0,0,0
2024-01-01 05:48:00,0.06,0.12,0.18,0,0,0,0,0,0,0,0,0,0,0,0,0
2024-01-01 05:49:00,0.06,0.12,0.18,0,0,0,0,0,0,0,0,0,0,0,0,0
2024-01-01 05:50:00,0.06,0.12,0.18,0,0,0,0,0,0,0,0,0,0,0,0,0
2024-01-01 05:51:00,0.06,0.12,0.18,0,0,0,0,0,0,0,0,0,0,0,0,0
2024-01-01 05:52:00,0.06,0.12,0.18,0,0,0,0,0,0,0,0,0,0,0,0,0
2024-01-01 05:53:00,0.06,0.12,0.18,0,0,0,0,0,0,0,0,0,0,0,0,0
2024-01-01 05:54:00,0.06,0.12,0.18,0,0,0,0,0,0,0,0,0,0,0,0,0
2024-01-01 05:55:00,0.06,0.12,0.18,0,0,0,0,0,0,0,0,0,0,0,0,0
2024-01-01 05:56:00,0.06,0.12,0.18,0,0,0,0,0,0,0,0,0,0,0,0,0
2024-01-01 05:57:00,0.06,0.12,0.18,0,0,0,0,0,0,0,0,0,0,0,0,0
2024-01-01 05:58:00,0.06,0.12,0.18,0,0,0,0,0,0,0,0,0,0,0,0,0
2024-01-01 05:59:00,0.06,0.12,0.18,0,0,0,0,0,0,0,0,0,0,0,0,0
2024-01-01 06:00:00,0.06,0.12,0.18,0,0,0,0,0,0,0,0,0,0,0,0,0
2024-01-01 06:01:00,0.06,0.12,0.18,0,0,0,0,0,0,0,0,0,0,0,0,0
2024-01-01 06:02:00,0.06,0.12,0.18,0,0,0,0,0,0,0,0,0,0,0,0,0
2024-01-01 06:03:00,0.06,0.18,0.24,0,0,0,0,0,0,0,0,0,0,0,0,0
2024-01-01 06:04:00,0.06,0.18,0.24,0,0,0,0,0,0,0,0,0,0,0,0,0
2024-01-01 06:05:00,0.06,0.18,0.24,0,0,0,0,0,0,0,0,0,0,0,0,0
2024-01-01 06:06:00,0.06,0.18,0.24,0,0,0,0,0,0,0,0,0,0,0,0,0
2024-01-01 06:07:00,0.06,0.18,0.24,0,0,0,0,0,0,0,0,0,0,0,0,0
2024-01-01 06:08:00,0.12,0.18,0.3,0,0,0,0,0,0,0,0,0,0,0,0,0
2024-01-01 06:09:00,0.12,0.18,0.3,0,0,0,0,0,0,0,0,0,0,0,0,0
2024-01-01 06:10:00,0.12,0.18,0.3,0,0,0,0,0,0,0,0,0,0,0,0,0
2024-01-01 06:11:00,0.12,0.18,0.3,0,0,0,0,0,0,0,0,0,0,0,0,0
2024-01-01 06:12:00,0.12,0.18,0.3,0,0,0,0,0,0,0,0,0,0,0,0,0
2024-01-01 06:13:00,0.12,0.24,0.36,0,0,0,0,0,0,0,0,0,0,0,0,0
2024-01-01 06:14:00,0.12,0.24,0.36,0,0,0,0,0,0,0,0,0,0,0,0,0
2024-01-01 06:15:00,0.12,0.24,0.36,0,0,0,0,0,0,0,0,0,0,0,0,0
2024-01-01 06:16:00,0.12,0.24,0.36,0,0,0,0,0,0,0,0,0,0,0,0,0
2024-01-01 06:17:00,0.12,0.24,0.36,0,0,0,0,0,0,0,0,0,0,0,0,0
2024-01-01 06:18:00,0.12,0.24,0.36,0,0,0,0,0,0,0,0,0,0,0,0,0
2024-01-01 06:19:00,0.12,0.24,0.36,0,0,0,0,0,0,0,0,0,0,0,0,0
2024-01-01 06:20:00,0.12,0.24,0.36,0,0,0,0,0,0,0,0,0,0,0,0,0
2024-01-01 06:21:00,0.12,0.3,0.42,0,0,0,0,0,0,0,0,0,0,0,0,0
2024-01-01 06:22:00,0.12,0.3,0.42,0,0,0,0,0,0,0,0,0,0,0,0,0
2024-01-01 06:23:00,0.12,0.3,0.42,0,0,0,0,0,0,0,0,0,0,0,0,0
2024-01-01 06:24:00,0.18,0.3,0.48,0,0,0,0,0,0,0,0,0,0,0,0,0
2024-01-01 06:25:00,0.18,0.3,0.48,0,0,0,0,0,0,0,0,0,0,0,0,0
2024-01-01 06:26:00,0.18,0.3,0.48,0,0,0,0,0,0,0,0,0,0,0,0,0
2024-01-01 06:27:00,0.18,0.36,0.54,0,0,0,0,0,0,0,0,0,0,0,0,0
2024-01-01 06:28:00,0.18,0.36,0.54,0,0,0,0,0,0,0,0,0,0,0,0,0
2024-01-01 06:29:00,0.18,0.36,0.54,0,0,0,0,0,0,0,0,0,0,0,0,0
2024-01-01 06:30:00,0.18,0.36,0.54,0,0,0,0,0,0,0,0,0,0,0,0,0
2024-01-01 06:31:00,0.18,0.36,0.54,0,0,0,0,0,0,0,0,0,0,0,0,0
2024-01-01 06:32:00,0.18,0.36,0.54,0,0,0,0,0,0,0,0,0,0,0,0,0
2024-01-01 06:33:00,0.18,0.42,0.6,0,0,0,0,0,0,0,0,0,0,0,0,0
2024-01-01 06:34:00,0.18,0.42,0.6,0,0,0,0,0,0,0,0,0,0,0,0,0
2024-01-01 06:35:00,0.24,0.42,0.66,0,0,0,0,0,0,0,0,0,0,0,0,0
2024-01-01 06:36:00,0.24,0.42,0.66,0,0,0,0,0,0,0,0,0,0,0,0,0
2024-01-01 06:37:00,0.24,0.48,0.72,0,0,0,0,0,0,0,0,0,0,0,0,0
2024-01-01 06:38:00,0.24,0.48,0.72,0,0,0,0,0,0,0,0,0,0,0,0,0
2024-01-01 06:39:00,0.24,0.48,0.72,0,0,0,0,0,0,0,0,0,0,0,0,0
2024-01-01 06:40:00,0.24,0.48,0.72,0,0,0,0,0,0,0,0,0,0,0,0,0
2024-01-01 06:41:00,0.24,0.54,0.78,0,0,0,0,0,0,0,0,0,0,0,0,0
2024-01-01 06:42:00,0.24,0.54,0.78,0,0,0,0,0,0,0,0,0,0,0,0,0
2024-01-01 06:43:00,0.3,0.54,0.84,0,0,0,0,0,0,0,0,0,0,0,0,0
2024-01-01 06:44:00,0.3,0.54,0.84,0,0,0,0,0,0,0,0,0,0,0,0,0
2024-01-01 06:45:00,0.3,0.6,0.9,0,0,0,0,0,0,0,0,0,0,0,0,0
2024-01-01 06:46:00,0.3,0.6,0.9,0,0,0,0,0,0,0,0,0,0,0,0,0
2024-01-01 06:47:00,0.3,0.6,0.9,0,0,0,0,0,0,0,0,0,0,0,0,0
2024-01-01 06:48:00,0.3,0.66,0.96,0,0,0,0,0,0,0,0,0,0,0,0,0
2024-01-01 06:49:00,0.3,0.66,0.96,0,0,0,0,0,0,0,0,0,0,0,0,0
2024-01-01 06:50:00,0.36,0.66,1.02,0,0,0,0,0,0,0,0,0,0,0,0,0
2024-01-01 06:51:00,0.36,0.72,1.08,0,0,0,0,0,0,0,0,0,0,0,0,0
2024-01-01 06:52:00,0.36,0.72,1.08,0,0,0,0,0,0,0,0,0,0,0,0,0
2024-01-01 06:53:00,0.36,0.72,1.08,0,0,0,0,0,0,0,0,0,0,0,0,0
2024-01-01 06:54:00,0.36,0.78,1.14,0,0,0,0,0,0,0,0,0,0,0,0,0
2024-01-01 06:55:00,0.36,0.78,1.14,0,0,0,0,0,0,0,0,0,0,0,0,0
2024-01-01 06:56:00,0.42,0.78,1.2,0,0,0,0,0,0,0,0,0,0,0,0,0
2024-01-01 06:57:00,0.42,0.84,1.26,0,0,0,0,0,0,0,0,0,0,0,0,0
2024-01-01 06:58:00,0.42,0.84,1.26,0,0,0,0,0,0,0,0,0,0,0,0,0
2024-01-01 06:59:00,0.42,0.9,1.32,0,0,0,0,0,0,0,0,0,0,0,0,0
2024-01-01 07:00:00,0.48,0.9,1.38,0,0,0,0,0,0,0,0,0,0,0,0,0
2024-01-01 07:01:00,0.48,0.9,1.38,0,0,0,0,0,0,0,0,0,0,0,0,0
2024-01-01 07:02:00,0.48,0.96,1.44,0,0,0,0,0,0,0,0,0,0,0,0,0
2024-01-01 07:03:00,0.48,0.96,1.44,0,0,0,0,0,0,0,0,0,0,0,0,0
2024-01-01 07:04:00,0.48,1.02,1.5,0,0,0,0,0,0,0,0,0,0,0,0,0
2024-01-01 07:05:00,0.54,1.02,1.56,0,0,0,0,0,0,0,0,0,0,0,0,0
2024-01-01 07:06:00,0.54,1.08,1.62,0,0,0,0,0,0,0,0,0,0,0,0,0
2024-01-01 07:07:00,0.54,1.08,1.62,0,0,0,0,0,0,0,0,0,0,0,0,0
2024-01-01 07:08:00,0.54,1.14,1.68,0,0,0,0,0,0,0,0,0,0,0,0,0
2024-01-01 07:09:00,0.6,1.14,1.74,0,0,0,0,0,0,0,0,0,0,0,0,0
2024-01-01 07:10:00,0.6,1.2,1.8,0,0,0,0,0,0,0,0,0,0,0,0,0
2024-01-01 07:11:00,0.6,1.26,1.86,0,0,0,0,0,0,0,0,0,0,0,0,0
2024-01-01 07:12:00,0.66,1.26,1.92,0,0,0,0,0,0,0,0,0,0,0,0,0
2024-01-01 07:13:00,0.66,1.32,1.98,0,0,0,0,0,0,0,0,0,0,0,0,0
2024-01-01 07:14:00,0.66,1.32,1.98,0,0,0,0,0,0,0,0,0,0,0,0,0
2024-01-01 07:15:00,0.72,1.38,2.1,0,0,0,0,0,0,0,0,0,0,0,0,0
2024-01-01 07:16:00,0.72,1.44,2.16,0,0,0,0,0,0,0,0,0,0,0,0,0
2024-01-01 07:17:00,0.72,1.44,2.16,0,0,0,0,0,0,0,0,0,0,0,0,0
2024-01-01 07:18:00,0.78,1.5,2.28,0,0,0,0,0,0,0,0,0,0,0,0,0
2024-01-01 07:19:00,0.78,1.56,2.34,0,0,0,0,0,0,0,0,0,0,0,0,0
2024-01-01 07:20:00,0.78,1.56,2.34,0,0,0,0,0,0,0,0,0,0,0,0,0
2024-01-01 07:21:00,0.84,1.62,2.46,0,0,0,0,0,0,0,0,0,0,0,0,0
2024-01-01 07:22:00,0.84,1.68,2.52,0,0,0,0,0,0,0,0,0,0,0,0,0
2024-01-01 07:23:00,0.84,1.74,2.58,0,0,0,0,0,0,0,0,0,0,0,0,0
2024-01-01 07:24:00,0.9,1.8,2.7,0,0,0,0,0,0,0,0,0,0,0,0,0
2024-01-01 07:25:00,0.9,1.8,2.7,0,0,0,0,0,0,0,0,0,0,0,0,0
2024-01-01 07:26:00,0.96,1.86,2.82,0,0,0,0,0,0,0,0,0,0,0,0,0
2024-01-01 07:27:00,0.96,1.92,2.88,0,0,0,0,0,0,0,0,0,0,0,0,0
2024-01-01 07:28:00,0.96,1.98,2.94,0,0,0,0,0,0,0,0,0,0,0,0,0
2024-01-01 07:29:00,1.02,2.04,3.06,0,0,0,0,0,0,0,0,0,0,0,0,0
2024-01-01 07:30:00,1.02,2.1,3.12,0,0,0,0,0,0,0,0,0,0,0,0,0
2024-01-01 07:31:00,1.08,2.16,3.24,0,0,0,0,0,0,0,0,0,0,0,0,0
2024-01-01 07:32:00,1.08,2.22,3.3,0,0,0,0,0,0,0,0,0,0,0,0,0
2024-01-01 07:33:00,1.14,2.28,3.42,0,0,0,0,0,0,0,0,0,0,0,0,0
2024-01-01 07:34:00,1.14,2.34,3.48,0,0,0,0,0,0,0,0,0,0,0,0,0
2024-01-01 07:35:00,1.2,2.4,3.6,0,0,0,0,0,0,0,0,0,0,0,0,0
2024-01-01 07:36:00,1.2,2.46,3.66,0,0,0,0,0,0,0,0,0,0,0,0,0
2024-01-01 07:37:00,1.26,2.52,3.78,0,0,0,0,0,0,0,0,0,0,0,0,0
2024-01-01 07:38:00,1.32,2.58,3.9,0,0,0,0,0,0,0,0,0,0,0,0,0
2024-01-01 07:39:00,1.32,2.64,3.96,0,0,0,0,0,0,0,0,0,0,0,0,0
2024-01-01 07:40:00,1.38,2.7,4.08,0,0,0,0,0,0,0,0,0,0,0,0,0
2024-01-01 07:41:00,1.38,2.82,4.2,0,0,0,0,0,0,0,0,0,0,0,0,0
2024-01-01 07:42:00,1.44,2.88,4.32,0,0,0,0,0,0,0,0,0,0,0,0,0
2024-01-01 07:43:00,1.5,2.94,4.44,0,0,0,0,0,0,0,0,0,0,0,0,0
2024-01-01 07:44:00,1.5,3.06,4.56,0,0,0,0,0,0,0,0,0,0,0,0,0
2024-01-01 07:45:00,1.56,3.12,4.68,0,0,0,0,0,0,0,0,0,0,0,0,0
2024-01-01 07:46:00,1.62,3.18,4.8,0,0,0,0,0,0,0,0,0,0,0,0,0
2024-01-01 07:47:00,1.62,3.3,4.92,0,0,0,0,0,0,0,0,0,0,0,0,0
2024-01-01 07:48:00,1.68,3.36,5.04,0,0,0,0,0,0,0,0,0,0,0,0,0
2024-01-01 07:49:00,1.74,3.42,5.16,0,0,0,0,0,0,0,0,0,0,0,0,0
2024-01-01 07:50:00,1.74,3.54,5.28,0,0,0,0,0,0,0,0,0,0,0,0,0
2024-01-01 07:51:00,1.8,3.66,5.46,0,0,0,0,0,0,0,0,0,0,0,0,0
2024-01-01 07:52:00,1.86,3.72,5.58,0,0,0,0,0,0,0,0,0,0,0,0,0
2024-01-01 07:53:00,1.92,3.84,5.76,0,0,0,0,0,0,0,0,0,0,0,0,0
2024-01-01 07:54:00,1.98,3.9,5.88,0,0,0,0,0,0,0,0,0,0,0,0,0
2024-01-01 07:55:00,1.98,4.02,6.0,0,0,0,0,0,0,0,0,0,0,0,0,0
2024-01-01 07:56:00,2.04,4.14,6.18,0,0,0,0,0,0,0,0,0,0,0,0,0
2024-01-01 07:57:00,2.1,4.2,6.3,0,0,0,0,0,0,0,0,0,0,0,0,0
2024-01-01 07:58:00,2.16,4.32,6.48,0,0,0,0,0,0,0,0,0,0,0,0,0
2024-01-01 07:59:00,2.22,4.44,6.66,0,0,0,0,0,0,0,0,0,0,0,0,0
2024-01-01 08:00:00,2.28,4.56,6.84,0,0,0,0,0,0,0,0,0,0,0,0,0
2024-01-01 08:01:00,2.34,4.68,7.02,0,0,0,0,0,0,0,0,0,0,0,0,0
2024-01-01 08:02:00,2.4,4.8,7.2,0,0,0,0,0,0,0,0,0,0,0,0,0
2024-01-01 08:03:00,2.46,4.92,7.38,0,0,0,0,0,0,0,0,0,0,0,0,0
2024-01-01 08:04:00,2.52,5.04,7.56,0,0,0,0,0,0,0,0,0,0,0,0,0
2024-01-01 08:05:00,2.58,5.16,7.74,0,0,0,0,0,0,0,0,0,0,0,0,0
2024-01-01 08:06:00,2.64,5.28,7.92,0,0,0,0,0,0,0,0,0,0,0,0,0
2024-01-01 08:07:00,2.7,5.4,8.1,0,0,0,0,0,0,0,0,0,0,0,0,0
2024-01-01 08:08:00,2.76,5.52,8.28,0,0,0,0,0,0,0,0,0,0,0,0,0
2024-01-01 08:09:00,2.82,5.7,8.52,0,0,0,0,0,0,0,0,0,0,0,0,0
2024-01-01 08:10:00,2.94,5.82,8.76,0,0,0,0,0,0,0,0,0,0,0,0,0
2024-01-01 08:11:00,3.0,5.94,8.94,0,0,0,0,0,0,0,0,0,0,0,0,0
2024-01-01 08:12:00,3.06,6.12,9.18,0,0,0,0,0,0,0,0,0,0,0,0,0
2024-01-01 08:13:00,3.12,6.24,9.36,0,0,0,0,0,0,0,0,0,0,0,0,0
2024-01-01 08:14:00,3.18,6.42,9.6,0,0,0,0,0,0,0,0,0,0,0,0,0
2024-01-01 08:15:00,3.3,6.6,9.9,0,0,0,0,0,0,0,0,0,0,0,0,0
2024-01-01 08:16:00,3.36,6.72,10.08,0,0,0,0,0,0,0,0,0,0,0,0,0
2024-01-01 08:17:00,3.42,6.9,10.32,0,0,0,0,0,0,0,0,0,0,0,0,0
2024-01-01 08:18:00,3.54,7.08,10.62,0,0,0,0,0,0,0,0,0,0,0,0,0
2024-01-01 08:19:00,3.6,7.2,10.8,0,0,0,0,0,0,0,0,0,0,0,0,0
2024-01-01 08:20:00,3.72,7.38,11.1,0,0,0,0,0,0,0,0,0,0,0,0,0
2024-01-01 08:21:00,3.78,7.56,11.34,0,0,0,0,0,0,0,0,0,0,0,0,0
2024-01-01 08:22:00,3.9,7.74,11.64,0,0,0,0,0,0,0,0,0,0,0,0,0
2024-01-01 08:23:00,3.96,7.92,11.88,0,0,0,0,0,0,0,0,0,0,0,0,0
2024-01-01 08:24:00,4.08,8.1,12.18,0,0,0,0,0,0,0,0,0,0,0,0,0
2024-01-01 08:25:00,4.14,8.34,12.48,0,0,0,0,0,0,0,0,0,0,0,0,0
2024-01-01 08:26:00,4.26,8.52,12.78,0,0,0,0,0,0,0,0,0,0,0,0,0
2024-01-01 08:27:00,4.38,8.7,13.08,0,0,0,0,0,0,0,0,0,0,0,0,0
2024-01-01 08:28:00,4.44,8.94,13.38,0,0,0,0,0,0,0,0,0,0,0,0,0
2024-01-01 08:29:00,4.56,9.12,13.68,0,0,0,0,0,0,0,0,0,0,0,0,0
2024-01-01 08:30:00,4.68,9.3,13.98,0,0,0,0,0,0,0,0,0,0,0,0,0
2024-01-01 08:31:00,4.8,9.54,14.34,0,0,0,0,0,0,0,0,0,0,0,0,0
2024-01-01 08:32:00,4.86,9.78,14.64,0,0,0,0,0,0,0,0,0,0,0,0,0
2024-01-01 08:33:00,4.98,9.96,14.94,0,0,0,0,0,0,0,0,0,0,0,0,0
2024-01-01 08:34:00,5.1,10.2,15.3,0,0,0,0,0,0,0,0,0,0,0,0,0
2024-01-01 08:35:00,5.22,10.44,15.66,0,0,0,0,0,0,0,0,0,0,0,0,0
2024-01-01 08:36:00,5.34,10.68,16.02,0,0,0,0,0,0,0,0,0,0,0,0,0
2024-01-01 08:37:00,5.46,10.92,16.38,0,0,0,0,0,0,0,0,0,0,0,0,0
2024-01-01 08:38:00,5.58,11.16,16.74,0,0,0,0,0,0,0,0,0,0,0,0,0
2024-01-01 08:39:00,5.7,11.4,17.1,0,0,0,0,0,0,0,0,0,0,0,0,0
2024-01-01 08:40:00,5.82,11.7,17.52,0,0,0,0,0,0,0,0,0,0,0,0,0
2024-01-01 08:41:00,6.0,11.94,17.94,0,0,0,0,0,0,0,0,0,0,0,0,0
2024-01-01 08:42:00,6.12,12.24,18.36,0,0,0,0,0,0,0,0,0,0,0,0,0
2024-01-01 08:43:00,6.24,12.48,18.72,0,0,0,0,0,0,0,0,0,0,0,0,0
2024-01-01 08:44:00,6.36,12.78,19.14,0,0,0,0,0,0,0,0,0,0,0,0,0
2024-01-01 08:45:00,6.54,13.02,19.56,0,0,0,0,0,0,0,0,0,0,0,0,0
2024-01-01 08:46:00,6.66,13.32,19.98,0,0,0,0,0,0,0,0,0,0,0,0,0
2024-01-01 08:47:00,6.78,13.62,20.4,0,0,0,0,0,0,0,0,0,0,0,0,0
2024-01-01 08:48:00,6.96,13.92,20.88,0,0,0,0,0,0,0,0,0,0,0,0,0
2024-01-01 08:49:00,7.14,14.22,21.36,0,0,0,0,0,0,0,0,0,0,0,0,0
2024-01-01 08:50:00,7.26,14.52,21.78,0,0,0,0,0,0,0,0,0,0,0,0,0
2024-01-01 08:51:00,7.44,14.82,22.26,0,0,0,0,0,0,0,0,0,0,0,0,0
2024-01-01 08:52:00,7.56,15.18,22.74,0,0,0,0,0,0,0,0,0,0,0,0,0
2024-01-01 08:53:00,7.74,15.48,23.22,0,0,0,0,0,0,0,0,0,0,0,0,0
2024-01-01 08:54:00,7.92,15.84,23.76,0,0,0,0,0,0,0,0,0,0,0,0,0
2024-01-01 08:55:00,8.1,16.14,24.24,0,0,0,0,0,0,0,0,0,0,0,0,0
2024-01-01 08:56:00,8.28,16.5,24.78,0,0,0,0,0,0,0,0,0,0,0,0,0
2024-01-01 08:57:00,8.4,16.86,25.26,0,0,0,0,0,0,0,0,0,0,0,0,0
2024-01-01 08:58:00,8.58,17.22,25.8,0,0,0,0,0,0,0,0,0,0,0,0,0
2024-01-01 08:59:00,8.76,17.58,26.34,0,0,0,0,0,0,0,0,0,0,0,0,0
2024-01-01 09:00:00,9.0,17.94,26.94,0,0,0,0,0,0,0,0,0,0,0,0,0
2024-01-01 09:01:00,9.18,18.3,27.48,0,0,0,0,0,0,0,0,0,0,0,0,0
2024-01-01 09:02:00,9.36,18.72,28.08,0,0,0,0,0,0,0,0,0,0,0,0,0
2024-01-01 09:03:00,9.54,19.08,28.62,0,0,0,0,0,0,0,0,0,0,0,0,0
2024-01-01 09:04:00,9.72,19.5,29.22,0,0,0,0,0,0,0,0,0,0,0,0,0
2024-01-01 09:05:00,9.96,19.86,29.82,0,0,0,0,0,0,0,0,0,0,0,0,0
2024-01-01 09:06:00,10.14,20.28,30.42,0,0,0,0,0,0,0,0,0,0,0,0,0
2024-01-01 09:07:00,10.38,20.7,31.08,0,0,0,0,0,0,0,0,0,0,0,0,0
2024-01-01 09:08:00,10.56,21.12,31.68,0,0,0,0,0,0,0,0,0,0,0,0,0
2024-01-01 09:09:00,10.8,21.6,32.4,0,0,0,0,0,0,0,0,0,0,0,0,0
2024-01-01 09:10:00,10.98,22.02,33.0,0,0,0,0,0,0,0,0,0,0,0,0,0
2024-01-01 09:11:00,11.22,22.44,33.66,0,0,0,0,0,0,0,0,0,0,0,0,0
2024-01-01 09:12:00,11.46,22.92,34.38,0,0,0,0,0,0,0,0,0,0,0,0,0
2024-01-01 09:13:00,11.7,23.34,35.04,0,0,0,0,0,0,0,0,0,0,0,0,0
2024-01-01 09:14:00,11.94,23.82,35.76,0,0,0,0,0,0,0,0,0,0,0,0,0
2024-01-01 09:15:00,12.18,24.3,36.48,0,0,0,0,0,0,0,0,0,0,0,0,0
2024-01-01 09:16:00,12.42,24.78,37.2,0,0,0,0,0,0,0,0,0,0,0,0,0
2024-01-01 09:17:00,12.66,25.26,37.92,0,0,0,0,0,0,0,0,0,0,0,0,0
2024-01-01 09:18:00,12.9,25.8,38.7,0,0,0,0,0,0,0,0,0,0,0,0,0
2024-01-01 09:19:00,13.14,26.28,39.42,0,0,0,0,0,0,0,0,0,0,0,0,0
2024-01-01 09:20:00,13.38,26.82,40.2,0,0,0,0,0,0,0,0,0,0,0,0,0
2024-01-01 09:21:00,13.68,27.36,41.04,0,0,0,0,0,0,0,0,0,0,0,0,0
2024-01-01 09:22:00,13.92,27.84,41.76,0,0,0,0,0,0,0,0,0,0,0,0,0
2024-01-01 09:23:00,14.22,28.38,42.6,0,0,0,0,0,0,0,0,0,0,0,0,0
2024-01-01 09:24:00,14.46,28.98,43.44,0,0,0,0,0,0,0,0,0,0,0,0,0
2024-01-01 09:25:00,14.76,29.52,44.28,0,0,0,0,0,0,0,0,0,0,0,0,0
2024-01-01 09:26:00,15.06,30.06,45.12,0,0,0,0,0,0,0,0,0,0,0,0,0
2024-01-01 09:27:00,15.3,30.66,45.96,0,0,0,0,0,0,0,0,0,0,0,0,0
2024-01-01 09:28:00,15.6,31.26,46.86,0,0,0,0,0,0,0,0,0,0,0,0,0
2024-01-01 09:29:00,15.9,31.8,47.7,0,0,0,0,0,0,0,0,0,0,0,0,0
2024-01-01 09:30:00,16.2,32.4,48.6,0,0,0,0,0,0,0,0,0,0,0,0,0
2024-01-01 09:31:00,16.5,33.06,49.56,0,0,0,0,0,0,0,0,0,0,0,0,0
2024-01-01 09:32:00,16.8,33.66,50.46,0,0,0,0,0,0,0,0,0,0,0,0,0
2024-01-01 09:33:00,17.16,34.26,51.42,0,0,0,0,0,0,0,0,0,0,0,0,0
2024-01-01 09:34:00,17.46,34.92,52.38,0,0,0,0,0,0,0,0,0,0,0,0,0
2024-01-01 09:35:00,17.76,35.58,53.34,0,0,0,0,0,0,0,0,0,0,0,0,0
2024-01-01 09:36:00,18.12,36.24,54.36,0,0,0,0,0,0,0,0,0,0,0,0,0
2024-01-01 09:37:00,18.42,36.9,55.32,0,0,0,0,0,0,0,0,0,0,0,0,0
2024-01-01 09:38:00,18.78,37.56,56.34,0,0,0,0,0,0,0,0,0,0,0,0,0
2024-01-01 09:39:00,19.14,38.28,57.42,0,0,0,0,0,0,0,0,0,0,0,0,0
2024-01-01 09:40:00,19.5,38.94,58.44,0,0,0,0,0,0,0,0,0,0,0,0,0
2024-01-01 09:41:00,19.8,39.66,59.46,0,0,0,0,0,0,0,0,0,0,0,0,0
2024-01-01 09:42:00,20.16,40.38,60.54,0,0,0,0,0,0,0,0,0,0,0,0,0
2024-01-01 09:43:00,20.52,41.1,61.62,0,0,0,0,0,0,0,0,0,0,0,0,0
2024-01-01 09:44:00,20.94,41.82,62.76,0,0,0,0,0,0,0,0,0,0,0,0,0
2024-01-01 09:45:00,21.3,42.6,63.9,0,0,0,0,0,0,0,0,0,0,0,0,0
2024-01-01 09:46:00,21.66,43.32,64.98,0,0,0,0,0,0,0,0,0,0,0,0,0
2024-01-01 09:47:00,22.08,44.1,66.18,0,0,0,0,0,0,0,0,0,0,0,0,0
2024-01-01 09:48:00,22.44,44.88,67.32,0,0,0,0,0,0,0,0,0,0,0,0,0
2024-01-01 09:49:00,22.86,45.66,68.52,0,0,0,0,0,0,0,0,0,0,0,0,0
2024-01-01 09:50:00,23.22,46.44,69.66,0,0,0,0,0,0,0,0,0,0,0,0,0
2024-01-01 09:51:00,23.64,47.28,70.92,0,0,0,0,0,0,0,0,0,0,0,0,0
2024-01-01 09:52:00,24.06,48.12,72.18,0,0,0,0,0,0,0,0,0,0,0,0,0
2024-01-01 09:53:00,24.48,48.9,73.38,0,0,0,0,0,0,0,0,0,0,0,0,0
2024-01-01 09:54:00,24.9,49.74,74.64,0,0,0,0,0,0,0,0,0,0,0,0,0
2024-01-01 09:55:00,25.32,50.64,75.96,0,0,0,0,0,0,0,0,0,0,0,0,0
2024-01-01 09:56:00,25.74,51.48,77.22,0,0,0,0,0,0,0,0,0,0,0,0,0
2024-01-01 09:57:00,26.16,52.38,78.54,0,0,0,0,0,0,0,0,0,0,0,0,0
2024-01-01 09:58:00,26.64,53.22,79.86,0,0,0,0,0,0,0,0,0,0,0,0,0
2024-01-01 09:59:00,27.06,54.12,81.18,0,0,0,0,0,0,0,0,0,0,0,0,0
2024-01-01 10:00:00,27.54,55.02,82.56,0,0,0,0,0,0,0,0,0,0,0,0,0
2024-01-01 10:01:00,27.96,55.98,83.94,0,0,0,0,0,0,0,0,0,0,0,0,0
2024-01-01 10:02:00,28.44,56.88,85.32,0,0,0,0,0,0,0,0,0,0,0,0,0
2024-01-01 10:03:00,28.92,57.84,86.76,0,0,0,0,0,0,0,0,0,0,0,0,0
2024-01-01 10:04:00,29.4,58.8,88.2,0,0,0,0,0,0,0,0,0,0,0,0,0
2024-01-01 10:05:00,29.88,59.76,89.64,0,0,0,0,0,0,0,0,0,0,0,0,0
2024-01-01 10:06:00,30.36,60.72,91.08,0,0,0,0,0,0,0,0,0,0,0,0,0
2024-01-01 10:07:00,30.84,61.74,92.58,0,0,0,0,0,0,0,0,0,0,0,0,0
2024-01-01 10:08:00,31.38,62.7,94.08,0,0,0,0,0,0,0,0,0,0,0,0,0
2024-01-01 10:09:00,31.86,63.72,95.58,0,0,0,0,0,0,0,0,0,0,0,0,0
2024-01-01 10:10:00,32.4,64.74,97.14,0,0,0,0,0,0,0,0,0,0,0,0,0
2024-01-01 10:11:00,32.88,65.76,98.64,0,0,0,0,0,0,0,0,0,0,0,0,0
2024-01-01 10:12:00,33.42,66.84,100.26,0,0,0,0,0,0,0,0,0,0,0,0,0
2024-01-01 10:13:00,33.96,67.92,101.88,0,0,0,0,0,0,0,0,0,0,0,0,0
2024-01-01 10:14:00,34.5,68.94,103.44,0,0,0,0,0,0,0,0,0,0,0,0,0
2024-01-01 10:15:00,35.04,70.08,105.12,0,0,0,0,0,0,0,0,0,0,0,0,0
2024-01-01 10:16:00,35.58,71.16,106.74,0,0,0,0,0,0,0,0,0,0,0,0,0
2024-01-01 10:17:00,36.12,72.24,108.36,0,0,0,0,0,0,0,0,0,0,0,0,0
2024-01-01 10:18:00,36.66,73.38,110.04,0,0,0,0,0,0,0,0,0,0,0,0,0
2024-01-01 10:19:00,37.26,74.52,111.78,0,0,0,0,0,0,0,0,0,0,0,0,0
2024-01-01 10:20:00,37.8,75.66,113.46,0,0,0,0,0,0,0,0,0,0,0,0,0
2024-01-01 10:21:00,38.4,76.8,115.2,0,0,0,0,0,0,0,0,0,0,0,0,0
2024-01-01 10:22:00,39.0,78.0,117.0,0,0,0,0,0,0,0,0,0,0,0,0,0
2024-01-01 10:23:00,39.6,79.14,118.74,0,0,0,0,0,0,0,0,0,0,0,0,0
2024-01-01 10:24:00,40.2,80.34,120.54,0,0,0,0,0,0,0,0,0,0,0,0,0
2024-01-01 10:25:00,40.8,81.54,122.34,0,0,0,0,0,0,0,0,0,0,0,0,0
2024-01-01 10:26:00,41.4,82.8,124.2,0,0,0,0,0,0,0,0,0,0,0,0,0
2024-01-01 10:27:00,42.0,84.0,126.0,0,0,0,0,0,0,0,0,0,0,0,0,0
2024-01-01 10:28:00,42.6,85.26,127.86,0,0,0,0,0,0,0,0,0,0,0,0,0
2024-01-01 10:29:00,43.26,86.52,129.78,0,0,0,0,0,0,0,0,0,0,0,0,0
2024-01-01 10:30:00,43.86,87.78,131.64,0,0,0,0,0,0,0,0,0,0,0,0,0
2024-01-01 10:31:00,44.52,89.04,133.56,0,0,0,0,0,0,0,0,0,0,0,0,0
2024-01-01 10:32:00,45.18,90.36,135.54,0,0,0,0,0,0,0,0,0,0,0,0,0
2024-01-01 10:33:00,45.84,91.68,137.52,0,0,0,0,0,0,0,0,0,0,0,0,0
2024-01-01 10:34:00,46.5,92.94,139.44,0,0,0,0,0,0,0,0,0,0,0,0,0
2024-01-01 10:35:00,47.16,94.32,141.48,0,0,0,0,0,0,0,0,0,0,0,0,0
2024-01-01 10:36:00,47.82,95.64,143.46,0,0,0,0,0,0,0,0,0,0,0,0,0
2024-01-01 10:37:00,48.48,97.02,145.5,0,0,0,0,0,0,0,0,0,0,0,0,0
2024-01-01 10:38:00,49.2,98.34,147.54,0,0,0,0,0,0,0,0,0,0,0,0,0
2024-01-01 10:39:00,49.86,99.72,149.58,0,0,0,0,0,0,0,0,0,0,0,0,0
2024-01-01 10:40:00,50.58,101.16,151.74,0,0,0,0,0,0,0,0,0,0,0,0,0
2024-01-01 10:41:00,51.24,102.54,153.78,0,0,0,0,0,0,0,0,0,0,0,0,0
2024-01-01 10:42:00,51.96,103.98,155.94,0,0,0,0,0,0,0,0,0,0,0,0,0
2024-01-01 10:43:00,52.68,105.36,158.04,0,0,0,0,0,0,0,0,0,0,0,0,0
2024-01-01 10:44:00,53.4,106.8,160.2,0,0,0,0,0,0,0,0,0,0,0,0,0
2024-01-01 10:45:00,54.12,108.3,162.42,0,0,0,0,0,0,0,0,0,0,0,0,0
2024-01-01 10:46:00,54.84,109.74,164.58,0,0,0,0,0,0,0,0,0,0,0,0,0
2024-01-01 10:47:00,55.62,111.24,166.86,0,0,0,0,0,0,0,0,0,0,0,0,0
2024-01-01 10:48:00,56.34,112.68,169.02,0,0,0,0,0,0,0,0,0,0,0,0,0
2024-01-01 10:49:00,57.12,114.18,171.3,0,0,0,0,0,0,0,0,0,0,0,0,0
2024-01-01 10:50:00,57.84,115.74,173.58,0,0,0,0,0,0,0,0,0,0,0,0,0
2024-01-01 10:51:00,58.62,117.24,175.86,0,0,0,0,0,0,0,0,0,0,0,0,0
2024-01-01 10:52:00,59.4,118.8,178.2,0,0,0,0,0,0,0,0,0,0,0,0,0
2024-01-01 10:53:00,60.18,120.3,180.48,0,0,0,0,0,0,0,0,0,0,0,0,0
2024-01-01 10:54:00,60.96,121.86,182.82,0,0,0,0,0,0,0,0,0,0,0,0,0
2024-01-01 10:55:00,61.74,123.48,185.22,0,0,0,0,0,0,0,0,0,0,0,0,0
2024-01-01 10:56:00,62.52,125.04,187.56,0,0,0,0,0,0,0,0,0,0,0,0,0
2024-01-01 10:57:00,63.3,126.66,189.96,0,0,0,0,0,0,0,0,0,0,0,0,0
2024-01-01 10:58:00,64.14,128.22,192.36,0,0,0,0,0,0,0,0,0,0,0,0,0
2024-01-01 10:59:00,64.92,129.84,194.76,0,0,0,0,0,0,0,0,0,0,0,0,0
2024-01-01 11:00:00,65.76,131.46,197.22,0,0,0,0,0,0,0,0,0,0,0,0,0
2024-01-01 11:01:00,66.54,133.14,199.68,0,0,0,0,0,0,0,0,0,0,0,0,0
2024-01-01 11:02:00,67.38,134.76,202.14,0,0,0,0,0,0,0,0,0,0,0,0,0
2024-01-01 11:03:00,68.22,136.44,204.66,0,0,0,0,0,0,0,0,0,0,0,0,0
2024-01-01 11:04:00,69.06,138.12,207.18,0,0,0,0,0,0,0,0,0,0,0,0,0
2024-01-01 11:05:00,69.9,139.8,209.7,0,0,0,0,0,0,0,0,0,0,0,0,0
2024-01-01 11:06:00,70.74,141.48,212.22,0,0,0,0,0,0,0,0,0,0,0,0,0
2024-01-01 11:07:00,71.58,143.22,214.8,0,0,0,0,0,0,0,0,0,0,0,0,0
2024-01-01 11:08:00,72.48,144.9,217.38,0,0,0,0,0,0,0,0,0,0,0,0,0
2024-01-01 11:09:00,73.32,146.64,219.96,0,0,0,0,0,0,0,0,0,0,0,0,0
2024-01-01 11:10:00,74.16,148.38,222.54,0,0,0,0,0,0,0,0,0,0,0,0,0
2024-01-01 11:11:00,75.06,150.12,225.18,0,0,0,0,0,0,0,0,0,0,0,0,0
2024-01-01 11:12:00,75.96,151.86,227.82,0,0,0,0,0,0,0,0,0,0,0,0,0
2024-01-01 11:13:00,76.8,153.66,230.46,0,0,0,0,0,0,0,0,0,0,0,0,0
2024-01-01 11:14:00,77.7,155.4,233.1,0,0,0,0,0,0,0,0,0,0,0,0,0
2024-01-01 11:15:00,78.6,157.2,235.8,0,0,0,0,0,0,0,0,0,0,0,0,0
2024-01-01 11:16:00,79.5,159.0,238.5,0,0,0,0,0,0,0,0,0,0,0,0,0
2024-01-01 11:17:00,80.4,160.8,241.2,0,0,0,0,0,0,0,0,0,0,0,0,0
2024-01-01 11:18:00,81.3,162.6,243.9,0,0,0,0,0,0,0,0,0,0,0,0,0
2024-01-01 11:19:00,82.2,164.46,246.66,0,0,0,0,0,0,0,0,0,0,0,0,0
2024-01-01 11:20:00,83.16,166.26,249.42,0,0,0,0,0,0,0,0,0,0,0,0,0
2024-01-01 11:21:00,84.06,168.12,252.18,0,0,0,0,0,0,0,0,0,0,0,0,0
2024-01-01 11:22:00,84.96,169.98,254.94,0,0,0,0,0,0,0,0,0,0,0,0,0
2024-01-01 11:23:00,85.92,171.84,257.76,0,0,0,0,0,0,0,0,0,0,0,0,0
2024-01-01 11:24:00,86.82,173.7,260.52,0,0,0,0,0,0,0,0,0,0,0,0,0
2024-01-01 11:25:00,87.78,175.56,263.34,0,0,0,0,0,0,0,0,0,0,0,0,0
2024-01-01 11:26:00,88.74,177.42,266.16,0,0,0,0,0,0,0,0,0,0,0,0,0
2024-01-01 11:27:00,89.64,179.34,268.98,0,0,0,0,0,0,0,0,0,0,0,0,0
2024-01-01 11:28:00,90.6,181.2,271.8,0,0,0,0,0,0,0,0,0,0,0,0,0
2024-01-01 11:29:00,91.56,183.12,274.68,0,0,0,0,0,0,0,0,0,0,0,0,0
2024-01-01 11:30:00,92.52,185.04,277.56,0,0,0,0,0,0,0,0,0,0,0,0,0
2024-01-01 11:31:00,93.48,186.96,280.44,0,0,0,0,0,0,0,0,0,0,0,0,0
2024-01-01 11:32:00,94.44,188.88,283.32,0,0,0,0,0,0,0,0,0,0,0,0,0
2024-01-01 11:33:00,95.4,190.8,286.2,0,0,0,0,0,0,0,0,0,0,0,0,0
2024-01-01 11:34:00,96.36,192.78,289.14,0,0,0,0,0,0,0,0,0,0,0,0,0
2024-01-01 11:35:00,97.38,194.7,292.08,0,0,0,0,0,0,0,0,0,0,0,0,0
2024-01-01 11:36:00,98.34,196.68,295.02,0,0,0,0,0,0,0,0,0,0,0,0,0
2024-01-01 11:37:00,99.3,198.6,297.9,0,0,0,0,0,0,0,0,0,0,0,0,0
2024-01-01 11:38:00,100.26,200.58,300.84,0,0,0,0,0,0,0,0,0,0,0,0,0
2024-01-01 11:39:00,101.28,202.56,303.84,0,0,0,0,0,0,0,0,0,0,0,0,0
2024-01-01 11:40:00,102.24,204.48,306.72,0,0,0,0,0,0,0,0,0,0,0,0,0
2024-01-01 11:41:00,103.26,206.46,309.72,0,0,0,0,0,0,0,0,0,0,0,0,0
2024-01-01 11:42:00,104.22,208.44,312.66,0,0,0,0,0,0,0,0,0,0,0,0,0
2024-01-01 11:43:00,105.24,210.42,315.66,0,0,0,0,0,0,0,0,0,0,0,0,0
2024-01-01 11:44:00,106.2,212.46,318.66,0,0,0,0,0,0,0,0,0,0,0,0,0
2024-01-01 11:45:00,107.22,214.44,321.66,0,0,0,0,0,0,0,0,0,0,0,0,0
2024-01-01 11:46:00,108.24,216.42,324.66,0,0,0,0,0,0,0,0,0,0,0,0,0
2024-01-01 11:47:00,109.2,218.4,327.6,0,0,0,0,0,0,0,0,0,0,0,0,0
2024-01-01 11:48:00,110.22,220.44,330.66,0,0,0,0,0,0,0,0,0,0,0,0,0
2024-01-01 11:49:00,111.24,222.42,333.66,0,0,0,0,0,0,0,0,0,0,0,0,0
2024-01-01 11:50:00,112.2,224.46,336.66,0,0,0,0,0,0,0,0,0,0,0,0,0
2024-01-01 11:51:00,113.22,226.44,339.66,0,0,0,0,0,0,0,0,0,0,0,0,0
2024-01-01 11:52:00,114.24,228.48,342.72,0,0,0,0,0,0,0,0,0,0,0,0,0
2024-01-01 11:53:00,115.26,230.52,345.78,0,0,0,0,0,0,0,0,0,0,0,0,0
2024-01-01 11:54:00,116.28,232.5,348.78,0,0,0,0,0,0,0,0,0,0,0,0,0
2024-01-01 11:55:00,117.24,234.54,351.78,0,0,0,0,0,0,0,0,0,0,0,0,0
2024-01-01 11:56:00,118.26,236.52,354.78,0,0,0,0,0,0,0,0,0,0,0,0,0
2024-01-01 11:57:00,119.28,238.56,357.84,0,0,0,0,0,0,0,0,0,0,0,0,0
2024-01-01 11:58:00,120.3,240.6,360.9,0,0,0,0,0,0,0,0,0,0,0,0,0
2024-01-01 11:59:00,121.32,242.64,363.96,0,0,0,0,0,0,0,0,0,0,0,0,0
2024-01-01 12:00:00,122.34,244.62,366.96,0,0,0,0,0,0,0,0,0,0,0,0,0
2024-01-01 12:01:00,123.3,246.66,369.96,0,0,0,0,0,0,0,0,0,0,0,0,0
2024-01-01 12:02:00,124.32,248.7,373.02,0,0,0,0,0,0,0,0,0,0,0,0,0
2024-01-01 12:03:00,125.34,250.68,376.02,0,0,0,0,0,0,0,0,0,0,0,0,0
2024-01-01 12:04:00,126.36,252.72,379.08,0,0,0,0,0,0,0,0,0,0,0,0,0
2024-01-01 12:05:00,127.38,254.76,382.14,0,0,0,0,0,0,0,0,0,0,0,0,0
2024-01-01 12:06:00,128.4,256.74,385.14,0,0,0,0,0,0,0,0,0,0,0,0,0
2024-01-01 12:07:00,129.36,258.78,388.14,0,0,0,0,0,0,0,0,0,0,0,0,0
2024-01-01 12:08:00,130.38,260.76,391.14,0,0,0,0,0,0,0,0,0,0,0,0,0
2024-01-01 12:09:00,131.4,262.8,394.2,0,0,0,0,0,0,0,0,0,0,0,0,0
2024-01-01 12:10:00,132.42,264.78,397.2,0,0,0,0,0,0,0,0,0,0,0,0,0
2024-01-01 12:11:00,133.38,266.82,400.2,0,0,0,0,0,0,0,0,0,0,0,0,0
2024-01-01 12:12:00,134.4,268.8,403.2,0,0,0,0,0,0,0,0,0,0,0,0,0
2024-01-01 12:13:00,135.42,270.78,406.2,0,0,0,0,0,0,0,0,0,0,0,0,0
2024-01-01 12:14:00,136.38,272.76,409.14,0,0,0,0,0,0,0,0,0,0,0,0,0
2024-01-01 12:15:00,137.4,274.74,412.14,0,0,0,0,0,0,0,0,0,0,0,0,0
2024-01-01 12:16:00,138.36,276.72,415.08,0,0,0,0,0,0,0,0,0,0,0,0,0
2024-01-01 12:17:00,139.38,278.7,418.08,0,0,0,0,0,0,0,0,0,0,0,0,0
2024-01-01 12:18:00,140.34,280.68,421.02,0,0,0,0,0,0,0,0,0,0,0,0,0
2024-01-01 12:19:00,141.3,282.66,423.96,0,0,0,0,0,0,0,0,0,0,0,0,0
2024-01-01 12:20:00,142.32,284.64,426.96,0,0,0,0,0,0,0,0,0,0,0,0,0
2024-01-01 12:21:00,143.28,286.56,429.84,0,0,0,0,0,0,0,0,0,0,0,0,0
2024-01-01 12:22:00,144.24,288.54,432.78,0,0,0,0,0,0,0,0,0,0,0,0,0
2024-01-01 12:23:00,145.2,290.46,435.66,0,0,0,0,0,0,0,0,0,0,0,0,0
2024-01-01 12:24:00,146.22,292.38,438.6,0,0,0,0,0,0,0,0,0,0,0,0,0
2024-01-01 12:25:00,147.18,294.3,441.48,0,0,0,0,0,0,0,0,0,0,0,0,0
2024-01-01 12:26:00,148.14,296.22,444.36,0,0,0,0,0,0,0,0,0,0,0,0,0
2024-01-01 12:27:00,149.1,298.14,447.24,0,0,0,0,0,0,0,0,0,0,0,0,0
2024-01-01 12:28:00,150.0,300.06,450.06,0,0,0,0,0,0,0,0,0,0,0,0,0
2024-01-01 12:29:00,150.96,301.92,452.88,0,0,0,0,0,0,0,0,0,0,0,0,0
2024-01-01 12:30:00,151.92,303.84,455.76,0,0,0,0,0,0,0,0,0,0,0,0,0
2024-01-01 12:31:00,152.82,305.7,458.52,0,0,0,0,0,0,0,0,0,0,0,0,0
2024-01-01 12:32:00,153.78,307.56,461.34,0,0,0,0,0,0,0,0,0,0,0,0,0
2024-01-01 12:33:00,154.68,309.42,464.1,0,0,0,0,0,0,0,0,0,0,0,0,0
2024-01-01 12:34:00,155.64,311.28,466.92,0,0,0,0,0,0,0,0,0,0,0,0,0
2024-01-01 12:35:00,156.54,313.08,469.62,0,0,0,0,0,0,0,0,0,0,0,0,0
2024-01-01 12:36:00,157.44,314.88,472.32,0,0,0,0,0,0,0,0,0,0,0,0,0
2024-01-01 12:37:00,158.34,316.74,475.08,0,0,0,0,0,0,0,0,0,0,0,0,0
2024-01-01 12:38:00,159.24,318.48,477.72,0,0,0,0,0,0,0,0,0,0,0,0,0
2024-01-01 12:39:00,160.14,320.28,480.42,0,0,0,0,0,0,0,0,0,0,0,0,0
2024-01-01 12:40:00,161.04,322.08,483.12,0,0,0,0,0,0,0,0,0,0,0,0,0
2024-01-01 12:41:00,161.94,323.82,485.76,0,0,0,0,0,0,0,0,0,0,0,0,0
2024-01-01 12:42:00,162.78,325.56,488.34,0,0,0,0,0,0,0,0,0,0,0,0,0
2024-01-01 12:43:00,163.68,327.3,490.98,0,0,0,0,0,0,0,0,0,0,0,0,0
2024-01-01 12:44:00,164.52,329.04,493.56,0,0,0,0,0,0,0,0,0,0,0,0,0
2024-01-01 12:45:00,165.36,330.72,496.08,0,0,0,0,0,0,0,0,0,0,0,0,0
2024-01-01 12:46:00,166.2,332.46,498.66,0,0,0,0,0,0,0,0,0,0,0,0,0
2024-01-01 12:47:00,167.04,334.08,501.12,0,0,0,0,0,0,0,0,0,0,0,0,0
2024-01-01 12:48:00,167.88,335.76,503.64,0,0,0,0,0,0,0,0,0,0,0,0,0
2024-01-01 12:49:00,168.72,337.44,506.16,0,0,0,0,0,0,0,0,0,0,0,0,0
2024-01-01 12:50:00,169.5,339.06,508.56,0,0,0,0,0,0,0,0,0,0,0,0,0
2024-01-01 12:51:00,170.34,340.68,511.02,0,0,0,0,0,0,0,0,0,0,0,0,0
2024-01-01 12:52:00,171.12,342.24,513.36,0,0,0,0,0,0,0,0,0,0,0,0,0
2024-01-01 12:53:00,171.9,343.86,515.76,0,0,0,0,0,0,0,0,0,0,0,0,0
2024-01-01 12:54:00,172.74,345.42,518.16,0,0,0,0,0,0,0,0,0,0,0,0,0
2024-01-01 12:55:00,173.46,346.98,520.44,0,0,0,0,0,0,0,0,0,0,0,0,0
2024-01-01 12:56:00,174.24,348.48,522.72,0,0,0,0,0,0,0,0,0,0,0,0,0
2024-01-01 12:57:00,175.02,350.04,525.06,0,0,0,0,0,0,0,0,0,0,0,0,0
2024-01-01 12:58:00,175.74,351.54,527.28,0,0,0,0,0,0,0,0,0,0,0,0,0
2024-01-01 12:59:00,176.52,352.98,529.5,0,0,0,0,0,0,0,0,0,0,0,0,0
2024-01-01 13:00:00,177.24,354.48,531.72,0,0,0,0,0,0,0,0,0,0,0,0,0
2024-01-01 13:01:00,177.96,355.92,533.88,0,0,0,0,0,0,0,0,0,0,0,0,0
2024-01-01 13:02:00,178.68,357.3,535.98,0,0,0,0,0,0,0,0,0,0,0,0,0
2024-01-01 13:03:00,179.34,358.74,538.08,0,0,0,0,0,0,0,0,0,0,0,0,0
2024-01-01 13:04:00,180.06,360.12,540.18,0,0,0,0,0,0,0,0,0,0,0,0,0
2024-01-01 13:05:00,180.72,361.5,542.22,0,0,0,0,0,0,0,0,0,0,0,0,0
2024-01-01 13:06:00,181.44,362.82,544.26,0,0,0,0,0,0,0,0,0,0,0,0,0
2024-01-01 13:07:00,182.1,364.14,546.24,0,0,0,0,0,0,0,0,0,0,0,0,0
2024-01-01 13:08:00,182.7,365.46,548.16,0,0,0,0,0,0,0,0,0,0,0,0,0
2024-01-01 13:09:00,183.36,366.72,550.08,0,0,0,0,0,0,0,0,0,0,0,0,0
2024-01-01 13:10:00,184.02,367.98,552.0,0,0,0,0,0,0,0,0,0,0,0,0,0
2024-01-01 13:11:00,184.62,369.24,553.86,0,0,0,0,0,0,0,0,0,0,0,0,0
2024-01-01 13:12:00,185.22,370.44,555.66,0,0,0,0,0,0,0,0,0,0,0,0,0
2024-01-01 13:13:00,185.82,371.64,557.46,0,0,0,0,0,0,0,0,0,0,0,0,0
2024-01-01 13:14:00,186.42,372.84,559.26,0,0,0,0,0,0,0,0,0,0,0,0,0
2024-01-01 13:15:00,187.02,373.98,561.0,0,0,0,0,0,0,0,0,0,0,0,0,0
2024-01-01 13:16:00,187.56,375.12,562.68,0,0,0,0,0,0,0,0,0,0,0,0,0
2024-01-01 13:17:00,188.1,376.26,564.36,0,0,0,0,0,0,0,0,0,0,0,0,0
2024-01-01 13:18:00,188.64,377.34,565.98,0,0,0,0,0,0,0,0,0,0,0,0,0
2024-01-01 13:19:00,189.18,378.36,567.54,0,0,0,0,0,0,0,0,0,0,0,0,0
2024-01-01 13:20:00,189.72,379.44,569.16,0,0,0,0,0,0,0,0,0,0,0,0,0
2024-01-01 13:21:00,190.2,380.46,570.66,0,0,0,0,0,0,0,0,0,0,0,0,0
2024-01-01 13:22:00,190.74,381.42,572.16,0,0,0,0,0,0,0,0,0,0,0,0,0
2024-01-01 13:23:00,191.22,382.38,573.6,0,0,0,0,0,0,0,0,0,0,0,0,0
2024-01-01 13:24:00,191.7,383.34,575.04,0,0,0,0,0,0,0,0,0,0,0,0,0
2024-01-01 13:25:00,192.12,384.24,576.36,0,0,0,0,0,0,0,0,0,0,0,0,0
2024-01-01 13:26:00,192.6,385.14,577.74,0,0,0,0,0,0,0,0,0,0,0,0,0
2024-01-01 13:27:00,193.02,386.04,579.06,0,0,0,0,0,0,0,0,0,0,0,0,0
2024-01-01 13:28:00,193.44,386.88,580.32,0,0,0,0,0,0,0,0,0,0,0,0,0
2024-01-01 13:29:00,193.86,387.72,581.58,0,0,0,0,0,0,0,0,0,0,0,0,0
2024-01-01 13:30:00,194.22,388.5,582.72,0,0,0,0,0,0,0,0,0,0,0,0,0
2024-01-01 13:31:00,194.64,389.28,583.92,0,0,0,0,0,0,0,0,0,0,0,0,0
2024-01-01 13:32:00,195.0,390.0,585.0,0,0,0,0,0,0,0,0,0,0,0,0,0
2024-01-01 13:33:00,195.36,390.72,586.08,0,0,0,0,0,0,0,0,0,0,0,0,0
2024-01-01 13:34:00,195.72,391.44,587.16,0,0,0,0,0,0,0,0,0,0,0,0,0
2024-01-01 13:35:00,196.02,392.1,588.12,0,0,0,0,0,0,0,0,0,0,0,0,0
2024-01-01 13:36:00,196.38,392.7,589.08,0,0,0,0,0,0,0,0,0,0,0,0,0
2024-01-01 13:37:00,196.68,393.36,590.04,0,0,0,0,0,0,0,0,0,0,0,0,0
2024-01-01 13:38:00,196.98,393.9,590.88,0,0,0,0,0,0,0,0,0,0,0,0,0
2024-01-01 13:39:00,197.22,394.5,591.72,0,0,0,0,0,0,0,0,0,0,0,0,0
2024-01-01 13:40:00,197.52,395.04,592.56,0,0,0,0,0,0,0,0,0,0,0,0,0
2024-01-01 13:41:00,197.76,395.52,593.28,0,0,0,0,0,0,0,0,0,0,0,0,0
2024-01-01 13:42:00,198.0,396.0,594.0,0,0,0,0,0,0,0,0,0,0,0,0,0
2024-01-01 13:43:00,198.24,396.48,594.72,0,0,0,0,0,0,0,0,0,0,0,0,0
2024-01-01 13:44:00,198.42,396.9,595.32,0,0,0,0,0,0,0,0,0,0,0,0,0
2024-01-01 13:45:00,198.66,397.26,595.92,0,0,0,0,0,0,0,0,0,0,0,0,0
2024-01-01 13:46:00,198.84,397.68,596.52,0,0,0,0,0,0,0,0,0,0,0,0,0
2024-01-01 13:47:00,199.02,397.98,597.0,0,0,0,0,0,0,0,0,0,0,0,0,0
2024-01-01 13:48:00,199.14,398.34,597.48,0,0,0,0,0,0,0,0,0,0,0,0,0
2024-01-01 13:49:00,199.32,398.64,597.96,0,0,0,0,0,0,0,0,0,0,0,0,0
2024-01-01 13:50:00,199.44,398.88,598.32,0,0,0,0,0,0,0,0,0,0,0,0,0
2024-01-01 13:51:00,199.56,399.12,598.68,0,0,0,0,0,0,0,0,0,0,0,0,0
2024-01-01 13:52:00,199.68,399.3,598.98,0,0,0,0,0,0,0,0,0,0,0,0,0
2024-01-01 13:53:00,199.74,399.48,599.22,0,0,0,0,0,0,0,0,0,0,0,0,0
2024-01-01 13:54:00,199.8,399.66,599.46,0,0,0,0,0,0,0,0,0,0,0,0,0
2024-01-01 13:55:00,199.86,399.78,599.64,0,0,0,0,0,0,0,0,0,0,0,0,0
2024-01-01 13:56:00,199.92,399.9,599.82,0,0,0,0,0,0,0,0,0,0,0,0,0
2024-01-01 13:57:00,199.98,399.96,599.94,0,0,0,0,0,0,0,0,0,0,0,0,0
2024-01-01 13:58:00,199.98,399.96,599.94,0,0,0,0,0,0,0,0,0,0,0,0,0
2024-01-01 13:59:00,199.98,400.02,600.0,0,0,0,0,0,0,0,0,0,0,0,0,0
2024-01-01 14:00:00,199.98,400.02,600.0,0,0,0,0,0,0,0,0,0,0,0,0,0
2024-01-01 14:01:00,199.98,400.02,600.0,0,0,0,0,0,0,0,0,0,0,0,0,0
2024-01-01 14:02:00,199.98,400.02,600.0,0,0,0,0,0,0,0,0,0,0,0,0,0
2024-01-01 14:03:00,199.98,400.02,600.0,0,0,0,0,0,0,0,0,0,0,0,0,0
2024-01-01 14:04:00,199.98,400.02,600.0,0,0,0,0,0,0,0,0,0,0,0,0,0
2024-01-01 14:05:00,199.98,400.02,600.0,0,0,0,0,0,0,0,0,0,0,0,0,0
2024-01-01 14:06:00,199.98,400.02,600.0,0,0,0,0,0,0,0,0,0,0,0,0,0
2024-01-01 14:07:00,199.98,400.02,600.0,0,0,0,0,0,0,0,0,0,0,0,0,0
2024-01-01 14:08:00,199.98,400.02,600.0,0,0,0,0,0,0,0,0,0,0,0,0,0
2024-01-01 14:09:00,199.98,400.02,600.0,0,0,0,0,0,0,0,0,0,0,0,0,0
2024-01-01 14:10:00,199.98,400.02,600.0,0,0,0,0,0,0,0,0,0,0,0,0,0
2024-01-01 14:11:00,199.98,400.02,600.0,0,0,0,0,0,0,0,0,0,0,0,0,0
2024-01-01 14:12:00,199.98,400.02,600.0,0,0,0,0,0,0,0,0,0,0,0,0,0
2024-01-01 14:13:00,199.98,400.02,600.0,0,0,0,0,0,0,0,0,0,0,0,0,0
2024-01-01 14:14:00,199.98,400.02,600.0,0,0,0,0,0,0,0,0,0,0,0,0,0
2024-01-01 14:15:00,199.98,400.02,600.0,0,0,0,0,0,0,0,0,0,0,0,0,0
2024-01-01 14:16:00,199.98,400.02,600.0,0,0,0,0,0,0,0,0,0,0,0,0,0
2024-01-01 14:17:00,199.98,400.02,600.0,0,0,0,0,0,0,0,0,0,0,0,0,0
2024-01-01 14:18:00,199.98,400.02,600.0,0,0,0,0,0,0,0,0,0,0,0,0,0
2024-01-01 14:19:00,199.98,400.02,600.0,0,0,0,0,0,0,0,0,0,0,0,0,0
2024-01-01 14:20:00,199.98,400.02,600.0,0,0,0,0,0,0,0,0,0,0,0,0,0
2024-01-01 14:21:00,199.98,400.02,600.0,0,0,0,0,0,0,0,0,0,0,0,0,0
2024-01-01 14:22:00,199.98,400.02,600.0,0,0,0,0,0,0,0,0,0,0,0,0,0
2024-01-01 14:23:00,199.98,400.02,600.0,0,0,0,0,0,0,0,0,0,0,0,0,0
2024-01-01 14:24:00,199.98,400.02,600.0,0,0,0,0,0,0,0,0,0,0,0,0,0
2024-01-01 14:25:00,199.98,400.02,600.0,0,0,0,0,0,0,0,0,0,0,0,0,0
2024-01-01 14:26:00,199.98,400.02,600.0,0,0,0,0,0,0,0,0,0,0,0,0,0
2024-01-01 14:27:00,199.98,400.02,600.0,0,0,0,0,0,0,0,0,0,0,0,0,0
2024-01-01 14:28:00,199.98,400.02,600.0,0,0,0,0,0,0,0,0,0,0,0,0,0
2024-01-01 14:29:00,199.98,400.02,600.0,0,0,0,0,0,0,0,0,0,0,0,0,0
2024-01-01 14:30:00,199.98,400.02,600.0,0,0,0,0,0,0,0,0,0,0,0,0,0
2024-01-01 14:31:00,199.98,400.02,600.0,0,0,0,0,0,0,0,0,0,0,0,0,0
2024-01-01 14:32:00,199.98,400.02,600.0,0,0,0,0,0,0,0,0,0,0,0,0,0
2024-01-01 14:33:00,199.98,400.02,600.0,0,0,0,0,0,0,0,0,0,0,0,0,0
2024-01-01 14:34:00,199.98,400.02,600.0,0,0,0,0,0,0,0,0,0,0,0,0,0
2024-01-01 14:35:00,199.98,400.02,600.0,0,0,0,0,0,0,0,0,0,0,0,0,0
2024-01-01 14:36:00,199.98,400.02,600.0,0,0,0,0,0,0,0,0,0,0,0,0,0
2024-01-01 14:37:00,199.98,400.02,600.0,0,0,0,0,0,0,0,0,0,0,0,0,0
2024-01-01 14:38:00,199.98,400.02,600.0,0,0,0,0,0,0,0,0,0,0,0,0,0
2024-01-01 14:39:00,199.98,400.02,600.0,0,0,0,0,0,0,0,0,0,0,0,0,0
2024-01-01 14:40:00,199.98,400.02,600.0,0,0,0,0,0,0,0,0,0,0,0,0,0
2024-01-01 14:41:00,199.98,400.02,600.0,0,0,0,0,0,0,0,0,0,0,0,0,0
2024-01-01 14:42:00,199.98,400.02,600.0,0,0,0,0,0,0,0,0,0,0,0,0,0
2024-01-01 14:43:00,199.98,400.02,600.0,0,0,0,0,0,0,0,0,0,0,0,0,0
2024-01-01 14:44:00,199.98,400.02,600.0,0,0,0,0,0,0,0,0,0,0,0,0,0
2024-01-01 14:45:00,199.98,400.02,600.0,0,0,0,0,0,0,0,0,0,0,0,0,0
2024-01-01 14:46:00,199.98,400.02,600.0,0,0,0,0,0,0,0,0,0,0,0,0,0
2024-01-01 14:47:00,199.98,400.02,600.0,0,0,0,0,0,0,0,0,0,0,0,0,0
2024-01-01 14:48:00,199.98,400.02,600.0,0,0,0,0,0,0,0,0,0,0,0,0,0
2024-01-01 14:49:00,199.98,400.02,600.0,0,0,0,0,0,0,0,0,0,0,0,0,0
2024-01-01 14:50:00,199.98,400.02,600.0,0,0,0,0,0,0,0,0,0,0,0,0,0
2024-01-01 14:51:00,199.98,400.02,600.0,0,0,0,0,0,0,0,0,0,0,0,0,0
2024-01-01 14:52:00,199.98,400.02,600.0,0,0,0,0,0,0,0,0,0,0,0,0,0
2024-01-01 14:53:00,199.98,400.02,600.0,0,0,0,0,0,0,0,0,0,0,0,0,0
2024-01-01 14:54:00,199.98,400.02,600.0,0,0,0,0,0,0,0,0,0,0,0,0,0
2024-01-01 14:55:00,199.98,400.02,600.0,0,0,0,0,0,0,0,0,0,0,0,0,0
2024-01-01 14:56:00,199.98,400.02,600.0,0,0,0,0,0,0,0,0,0,0,0,0,0
2024-01-01 14:57:00,199.98,400.02,600.0,0,0,0,0,0,0,0,0,0,0,0,0,0
2024-01-01 14:58:00,199.98,400.02,600.0,0,0,0,0,0,0,0,0,0,0,0,0,0
2024-01-01 14:59:00,199.98,400.02,600.0,0,0,0,0,0,0,0,0,0,0,0,0,0
2024-01-01 15:00:00,199.98,400.02,600.0,0,0,0,0,0,0,0,0,0,0,0,0,0
2024-01-01 15:01:00,199.98,400.02,600.0,0,0,0,0,0,0,0,0,0,0,0,0,0
2024-01-01 15:02:00,199.98,400.02,600.0,0,0,0,0,0,0,0,0,0,0,0,0,0
2024-01-01 15:03:00,199.98,400.02,600.0,0,0,0,0,0,0,0,0,0,0,0,0,0
2024-01-01 15:04:00,199.98,400.02,600.0,0,0,0,0,0,0,0,0,0,0,0,0,0
2024-01-01 15:05:00,199.98,400.02,600.0,0,0,0,0,0,0,0,0,0,0,0,0,0
2024-01-01 15:06:00,199.98,400.02,600.0,0,0,0,0,0,0,0,0,0,0,0,0,0
2024-01-01 15:07:00,199.98,400.02,600.0,0,0,0,0,0,0,0,0,0,0,0,0,0
2024-01-01 15:08:00,199.98,400.02,600.0,0,0,0,0,0,0,0,0,0,0,0,0,0
2024-01-01 15:09:00,199.98,400.02,600.0,0,0,0,0,0,0,0,0,0,0,0,0,0
2024-01-01 15:10:00,199.98,400.02,600.0,0,0,0,0,0,0,0,0,0,0,0,0,0
2024-01-01 15:11:00,199.98,400.02,600.0,0,0,0,0,0,0,0,0,0,0,0,0,0
2024-01-01 15:12:00,199.98,400.02,600.0,0,0,0,0,0,0,0,0,0,0,0,0,0
2024-01-01 15:13:00,199.98,400.02,600.0,0,0,0,0,0,0,0,0,0,0,0,0,0
2024-01-01 15:14:00,199.98,400.02,600.0,0,0,0,0,0,0,0,0,0,0,0,0,0
2024-01-01 15:15:00,199.98,400.02,600.0,0,0,0,0,0,0,0,0,0,0,0,0,0
2024-01-01 15:16:00,199.98,400.02,600.0,0,0,0,0,0,0,0,0,0,0,0,0,0
2024-01-01 15:17:00,199.98,400.02,600.0,0,0,0,0,0,0,0,0,0,0,0,0,0
2024-01-01 15:18:00,199.98,400.02,600.0,0,0,0,0,0,0,0,0,0,0,0,0,0
2024-01-01 15:19:00,199.98,400.02,600.0,0,0,0,0,0,0,0,0,0,0,0,0,0
2024-01-01 15:20:00,199.98,400.02,600.0,0,0,0,0,0,0,0,0,0,0,0,0,0
2024-01-01 15:21:00,199.98,400.02,600.0,0,0,0,0,0,0,0,0,0,0,0,0,0
2024-01-01 15:22:00,199.98,400.02,600.0,0,0,0,0,0,0,0,0,0,0,0,0,0
2024-01-01 15:23:00,199.98,400.02,600.0,0,0,0,0,0,0,0,0,0,0,0,0,0
2024-01-01 15:24:00,199.98,400.02,600.0,0,0,0,0,0,0,0,0,0,0,0,0,0
2024-01-01 15:25:00,199.98,400.02,600.0,0,0,0,0,0,0,0,0,0,0,0,0,0
2024-01-01 15:26:00,199.98,400.02,600.0,0,0,0,0,0,0,0,0,0,0,0,0,0
2024-01-01 15:27:00,199.98,400.02,600.0,0,0,0,0,0,0,0,0,0,0,0,0,0
2024-01-01 15:28:00,199.98,400.02,600.0,0,0,0,0,0,0,0,0,0,0,0,0,0
2024-01-01 15:29:00,199.98,400.02,600.0,0,0,0,0,0,0,0,0,0,0,0,0,0
2024-01-01 15:30:00,199.98,400.02,600.0,0,0,0,0,0,0,0,0,0,0,0,0,0
2024-01-01 15:31:00,199.98,400.02,600.0,0,0,0,0,0,0,0,0,0,0,0,0,0
2024-01-01 15:32:00,199.98,400.02,600.0,0,0,0,0,0,0,0,0,0,0,0,0,0
2024-01-01 15:33:00,199.98,400.02,600.0,0,0,0,0,0,0,0,0,0,0,0,0,0
2024-01-01 15:34:00,199.98,400.02,600.0,0,0,0,0,0,0,0,0,0,0,0,0,0
2024-01-01 15:35:00,199.98,400.02,600.0,0,0,0,0,0,0,0,0,0,0,0,0,0
2024-01-01 15:36:00,199.98,400.02,600.0,0,0,0,0,0,0,0,0,0,0,0,0,0
2024-01-01 15:37:00,199.98,400.02,600.0,0,0,0,0,0,0,0,0,0,0,0,0,0
2024-01-01 15:38:00,199.98,400.02,600.0,0,0,0,0,0,0,0,0,0,0,0,0,0
2024-01-01 15:39:00,199.98,400.02,600.0,0,0,0,0,0,0,0,0,0,0,0,0,0
2024-01-01 15:40:00,199.98,400.02,600.0,0,0,0,0,0,0,0,0,0,0,0,0,0
2024-01-01 15:41:00,199.98,400.02,600.0,0,0,0,0,0,0,0,0,0,0,0,0,0
2024-01-01 15:42:00,199.98,400.02,600.0,0,0,0,0,0,0,0,0,0,0,0,0,0
2024-01-01 15:43:00,199.98,400.02,600.0,0,0,0,0,0,0,0,0,0,0,0,0,0
2024-01-01 15:44:00,199.98,400.02,600.0,0,0,0,0,0,0,0,0,0,0,0,0,0
2024-01-01 15:45:00,199.98,400.02,600.0,0,0,0,0,0,0,0,0,0,0,0,0,0
2024-01-01 15:46:00,199.98,400.02,600.0,0,0,0,0,0,0,0,0,0,0,0,0,0
2024-01-01 15:47:00,199.98,400.02,600.0,0,0,0,0,0,0,0,0,0,0,0,0,0
2024-01-01 15:48:00,199.98,400.02,600.0,0,0,0,0,0,0,0,0,0,0,0,0,0
2024-01-01 15:49:00,199.98,400.02,600.0,0,0,0,0,0,0,0,0,0,0,0,0,0
2024-01-01 15:50:00,199.98,400.02,600.0,0,0,0,0,0,0,0,0,0,0,0,0,0
2024-01-01 15:51:00,199.98,400.02,600.0,0,0,0,0,0,0,0,0,0,0,0,0,0
2024-01-01 15:52:00,199.98,400.02,600.0,0,0,0,0,0,0,0,0,0,0,0,0,0
2024-01-01 15:53:00,199.98,400.02,600.0,0,0,0,0,0,0,0,0,0,0,0,0,0
2024-01-01 15:54:00,199.98,400.02,600.0,0,0,0,0,0,0,0,0,0,0,0,0,0
2024-01-01 15:55:00,199.98,400.02,600.0,0,0,0,0,0,0,0,0,0,0,0,0,0
2024-01-01 15:56:00,199.98,400.02,600.0,0,0,0,0,0,0,0,0,0,0,0,0,0
2024-01-01 15:57:00,199.98,400.02,600.0,0,0,0,0,0,0,0,0,0,0,0,0,0
2024-01-01 15:58:00,199.98,400.02,600.0,0,0,0,0,0,0,0,0,0,0,0,0,0
2024-01-01 15:59:00,199.98,400.02,600.0,0,0,0,0,0,0,0,0,0,0,0,0,0
2024-01-01 16:00:00,199.98,400.02,600.0,0,0,0,0,0,0,0,0,0,0,0,0,0
2024-01-01 16:01:00,199.98,400.02,600.0,0,0,0,0,0,0,0,0,0,0,0,0,0
2024-01-01 16:02:00,199.98,400.02,600.0,0,0,0,0,0,0,0,0,0,0,0,0,0
2024-01-01 16:03:00,199.98,400.02,600.0,0,0,0,0,0,0,0,0,0,0,0,0,0
2024-01-01 16:04:00,199.98,400.02,600.0,0,0,0,0,0,0,0,0,0,0,0,0,0
2024-01-01 16:05:00,199.98,400.02,600.0,0,0,0,0,0,0,0,0,0,0,0,0,0
2024-01-01 16:06:00,199.98,400.02,600.0,0,0,0,0,0,0,0,0,0,0,0,0,0
2024-01-01 16:07:00,199.98,400.02,600.0,0,0,0,0,0,0,0,0,0,0,0,0,0
2024-01-01 16:08:00,199.98,400.02,600.0,0,0,0,0,0,0,0,0,0,0,0,0,0
2024-01-01 16:09:00,199.98,400.02,600.0,0,0,0,0,0,0,0,0,0,0,0,0,0
2024-01-01 16:10:00,199.98,400.02,600.0,0,0,0,0,0,0,0,0,0,0,0,0,0
2024-01-01 16:11:00,199.98,400.02,600.0,0,0,0,0,0,0,0,0,0,0,0,0,0
2024-01-01 16:12:00,199.98,400.02,600.0,0,0,0,0,0,0,0,0,0,0,0,0,0
2024-01-01 16:13:00,199.98,400.02,600.0,0,0,0,0,0,0,0,0,0,0,0,0,0
2024-01-01 16:14:00,199.98,400.02,600.0,0,0,0,0,0,0,0,0,0,0,0,0,0
2024-01-01 16:15:00,199.98,400.02,600.0,0,0,0,0,0,0,0,0,0,0,0,0,0
2024-01-01 16:16:00,199.98,400.02,600.0,0,0,0,0,0,0,0,0,0,0,0,0,0
2024-01-01 16:17:00,199.98,400.02,600.0,0,0,0,0,0,0,0,0,0,0,0,0,0
2024-01-01 16:18:00,199.98,400.02,600.0,0,0,0,0,0,0,0,0,0,0,0,0,0
2024-01-01 16:19:00,199.98,400.02,600.0,0,0,0,0,0,0,0,0,0,0,0,0,0
2024-01-01 16:20:00,199.98,400.02,600.0,0,0,0,0,0,0,0,0,0,0,0,0,0
2024-01-01 16:21:00,199.98,400.02,600.0,0,0,0,0,0,0,0,0,0,0,0,0,0
2024-01-01 16:22:00,199.98,400.02,600.0,0,0,0,0,0,0,0,0,0,0,0,0,0
2024-01-01 16:23:00,199.98,400.02,600.0,0,0,0,0,0,0,0,0,0,0,0,0,0
2024-01-01 16:24:00,199.98,400.02,600.0,0,0,0,0,0,0,0,0,0,0,0,0,0
2024-01-01 16:25:00,199.98,400.02,600.0,0,0,0,0,0,0,0,0,0,0,0,0,0
2024-01-01 16:26:00,199.98,400.02,600.0,0,0,0,0,0,0,0,0,0,0,0,0,0
2024-01-01 16:27:00,199.98,400.02,600.0,0,0,0,0,0,0,0,0,0,0,0,0,0
2024-01-01 16:28:00,199.98,400.02,600.0,0,0,0,0,0,0,0,0,0,0,0,0,0
2024-01-01 16:29:00,199.98,400.02,600.0,0,0,0,0,0,0,0,0,0,0,0,0,0
2024-01-01 16:30:00,199.98,400.02,600.0,0,0,0,0,0,0,0,0,0,0,0,0,0
2024-01-01 16:31:00,199.98,400.02,600.0,0,0,0,0,0,0,0,0,0,0,0,0,0
2024-01-01 16:32:00,199.98,400.02,600.0,0,0,0,0,0,0,0,0,0,0,0,0,0
2024-01-01 16:33:00,199.98,400.02,600.0,0,0,0,0,0,0,0,0,0,0,0,0,0
2024-01-01 16:34:00,199.98,400.02,600.0,0,0,0,0,0,0,0,0,0,0,0,0,0
2024-01-01 16:35:00,199.98,400.02,600.0,0,0,0,0,0,0,0,0,0,0,0,0,0
2024-01-01 16:36:00,199.98,400.02,600.0,0,0,0,0,0,0,0,0,0,0,0,0,0
2024-01-01 16:37:00,199.98,400.02,600.0,0,0,0,0,0,0,0,0,0,0,0,0,0
2024-01-01 16:38:00,199.98,400.02,600.0,0,0,0,0,0,0,0,0,0,0,0,0,0
2024-01-01 16:39:00,199.98,400.02,600.0,0,0,0,0,0,0,0,0,0,0,0,0,0
2024-01-01 16:40:00,199.98,400.02,600.0,0,0,0,0,0,0,0,0,0,0,0,0,0
2024-01-01 16:41:00,199.98,400.02,600.0,0,0,0,0,0,0,0,0,0,0,0,0,0
2024-01-01 16:42:00,199.98,400.02,600.0,0,0,0,0,0,0,0,0,0,0,0,0,0
2024-01-01 16:43:00,199.98,400.02,600.0,0,0,0,0,0,0,0,0,0,0,0,0,0
2024-01-01 16:44:00,199.98,400.02,600.0,0,0,0,0,0,0,0,0,0,0,0,0,0
2024-01-01 16:45:00,199.98,400.02,600.0,0,0,0,0,0,0,0,0,0,0,0,0,0
2024-01-01 16:46:00,199.98,400.02,600.0,0,0,0,0,0,0,0,0,0,0,0,0,0
2024-01-01 16:47:00,199.98,400.02,600.0,0,0,0,0,0,0,0,0,0,0,0,0,0
2024-01-01 16:48:00,199.98,400.02,600.0,0,0,0,0,0,0,0,0,0,0,0,0,0
2024-01-01 16:49:00,199.98,400.02,600.0,0,0,0,0,0,0,0,0,0,0,0,0,0
2024-01-01 16:50:00,199.98,400.02,600.0,0,0,0,0,0,0,0,0,0,0,0,0,0
2024-01-01 16:51:00,199.98,400.02,600.0,0,0,0,0,0,0,0,0,0,0,0,0,0
2024-01-01 16:52:00,199.98,400.02,600.0,0,0,0,0,0,0,0,0,0,0,0,0,0
2024-01-01 16:53:00,199.98,400.02,600.0,0,0,0,0,0,0,0,0,0,0,0,0,0
2024-01-01 16:54:00,199.98,400.02,600.0,0,0,0,0,0,0,0,0,0,0,0,0,0
2024-01-01 16:55:00,199.98,400.02,600.0,0,0,0,0,0,0,0,0,0,0,0,0,0
2024-01-01 16:56:00,199.98,400.02,600.0,0,0,0,0,0,0,0,0,0,0,0,0,0
2024-01-01 16:57:00,199.98,400.02,600.0,0,0,0,0,0,0,0,0,0,0,0,0,0
2024-01-01 16:58:00,199.98,400.02,600.0,0,0,0,0,0,0,0,0,0,0,0,0,0
2024-01-01 16:59:00,199.98,400.02,600.0,0,0,0,0,0,0,0,0,0,0,0,0,0
2024-01-01 17:00:00,199.98,400.02,600.0,0,0,0,0,0,0,0,0,0,0,0,0,0
2024-01-01 17:01:00,199.98,400.02,600.0,0,0,0,0,0,0,0,0,0,0,0,0,0
2024-01-01 17:02:00,199.98,400.02,600.0,0,0,0,0,0,0,0,0,0,0,0,0,0
2024-01-01 17:03:00,199.98,400.02,600.0,0,0,0,0,0,0,0,0,0,0,0,0,0
2024-01-01 17:04:00,199.98,400.02,600.0,0,0,0,0,0,0,0,0,0,0,0,0,0
2024-01-01 17:05:00,199.98,400.02,600.0,0,0,0,0,0,0,0,0,0,0,0,0,0
2024-01-01 17:06:00,199.98,400.02,600.0,0,0,0,0,0,0,0,0,0,0,0,0,0
2024-01-01 17:07:00,199.98,400.02,600.0,0,0,0,0,0,0,0,0,0,0,0,0,0
2024-01-01 17:08:00,199.98,400.02,600.0,0,0,0,0,0,0,0,0,0,0,0,0,0
2024-01-01 17:09:00,199.98,400.02,600.0,0,0,0,0,0,0,0,0,0,0,0,0,0
2024-01-01 17:10:00,199.98,400.02,600.0,0,0,0,0,0,0,0,0,0,0,0,0,0
2024-01-01 17:11:00,199.98,400.02,600.0,0,0,0,0,0,0,0,0,0,0,0,0,0
2024-01-01 17:12:00,199.98,400.02,600.0,0,0,0,0,0,0,0,0,0,0,0,0,0
2024-01-01 17:13:00,199.98,400.02,600.0,0,0,0,0,0,0,0,0,0,0,0,0,0
2024-01-01 17:14:00,199.98,400.02,600.0,0,0,0,0,0,0,0,0,0,0,0,0,0
2024-01-01 17:15:00,199.98,400.02,600.0,0,0,0,0,0,0,0,0,0,0,0,0,0
2024-01-01 17:16:00,199.98,400.02,600.0,0,0,0,0,0,0,0,0,0,0,0,0,0
2024-01-01 17:17:00,199.98,400.02,600.0,0,0,0,0,0,0,0,0,0,0,0,0,0
2024-01-01 17:18:00,199.98,400.02,600.0,0,0,0,0,0,0,0,0,0,0,0,0,0
2024-01-01 17:19:00,199.98,400.02,600.0,0,0,0,0,0,0,0,0,0,0,0,0,0
2024-01-01 17:20:00,199.98,400.02,600.0,0,0,0,0,0,0,0,0,0,0,0,0,0
2024-01-01 17:21:00,199.98,400.02,600.0,0,0,0,0,0,0,0,0,0,0,0,0,0
2024-01-01 17:22:00,199.98,400.02,600.0,0,0,0,0,0,0,0,0,0,0,0,0,0
2024-01-01 17:23:00,199.98,400.02,600.0,0,0,0,0,0,0,0,0,0,0,0,0,0
2024-01-01 17:24:00,199.98,400.02,600.0,0,0,0,0,0,0,0,0,0,0,0,0,0
2024-01-01 17:25:00,199.98,400.02,600.0,0,0,0,0,0,0,0,0,0,0,0,0,0
2024-01-01 17:26:00,199.98,400.02,600.0,0,0,0,0,0,0,0,0,0,0,0,0,0
2024-01-01 17:27:00,199.98,400.02,600.0,0,0,0,0,0,0,0,0,0,0,0,0,0
2024-01-01 17:28:00,199.98,400.02,600.0,0,0,0,0,0,0,0,0,0,0,0,0,0
2024-01-01 17:29:00,199.98,400.02,600.0,0,0,0,0,0,0,0,0,0,0,0,0,0
2024-01-01 17:30:00,199.98,400.02,600.0,0,0,0,0,0,0,0,0,0,0,0,0,0
2024-01-01 17:31:00,199.98,400.02,600.0,0,0,0,0,0,0,0,0,0,0,0,0,0
2024-01-01 17:32:00,199.98,400.02,600.0,0,0,0,0,0,0,0,0,0,0,0,0,0
2024-01-01 17:33:00,199.98,400.02,600.0,0,0,0,0,0,0,0,0,0,0,0,0,0
2024-01-01 17:34:00,199.98,400.02,600.0,0,0,0,0,0,0,0,0,0,0,0,0,0
2024-01-01 17:35:00,199.98,400.02,600.0,0,0,0,0,0,0,0,0,0,0,0,0,0
2024-01-01 17:36:00,199.98,400.02,600.0,0,0,0,0,0,0,0,0,0,0,0,0,0
2024-01-01 17:37:00,199.98,400.02,600.0,0,0,0,0,0,0,0,0,0,0,0,0,0
2024-01-01 17:38:00,199.98,400.02,600.0,0,0,0,0,0,0,0,0,0,0,0,0,0
2024-01-01 17:39:00,199.98,400.02,600.0,0,0,0,0,0,0,0,0,0,0,0,0,0
2024-01-01 17:40:00,199.98,400.02,600.0,0,0,0,0,0,0,0,0,0,0,0,0,0
2024-01-01 17:41:00,199.98,400.02,600.0,0,0,0,0,0,0,0,0,0,0,0,0,0
2024-01-01 17:42:00,199.98,400.02,600.0,0,0,0,0,0,0,0,0,0,0,0,0,0
2024-01-01 17:43:00,199.98,400.02,600.0,0,0,0,0,0,0,0,0,0,0,0,0,0
2024-01-01 17:44:00,199.98,400.02,600.0,0,0,0,0,0,0,0,0,0,0,0,0,0
2024-01-01 17:45:00,199.98,400.02,600.0,0,0,0,0,0,0,0,0,0,0,0,0,0
2024-01-01 17:46:00,199.98,400.02,600.0,0,0,0,0,0,0,0,0,0,0,0,0,0
2024-01-01 17:47:00,199.98,400.02,600.0,0,0,0,0,0,0,0,0,0,0,0,0,0
2024-01-01 17:48:00,199.98,400.02,600.0,0,0,0,0,0,0,0,0,0,0,0,0,0
2024-01-01 17:49:00,199.98,400.02,600.0,0,0,0,0,0,0,0,0,0,0,0,0,0
2024-01-01 17:50:00,199.98,400.02,600.0,0,0,0,0,0,0,0,0,0,0,0,0,0
2024-01-01 17:51:00,199.98,400.02,600.0,0,0,0,0,0,0,0,0,0,0,0,0,0
2024-01-01 17:52:00,199.98,400.02,600.0,0,0,0,0,0,0,0,0,0,0,0,0,0
2024-01-01 17:53:00,199.98,400.02,600.0,0,0,0,0,0,0,0,0,0,0,0,0,0
2024-01-01 17:54:00,199.98,400.02,600.0,0,0,0,0,0,0,0,0,0,0,0,0,0
2024-01-01 17:55:00,199.98,400.02,600.0,0,0,0,0,0,0,0,0,0,0,0,0,0
2024-01-01 17:56:00,199.98,400.02,600.0,0,0,0,0,0,0,0,0,0,0,0,0,0
2024-01-01 17:57:00,199.98,400.02,600.0,0,0,0,0,0,0,0,0,0,0,0,0,0
2024-01-01 17:58:00,199.98,400.02,600.0,0,0,0,0,0,0,0,0,0,0,0,0,0
2024-01-01 17:59:00,199.98,400.02,600.0,0,0,0,0,0,0,0,0,0,0,0,0,0
2024-01-01 18:00:00,199.98,400.02,600.0,0,0,0,0,0,0,0,0,0,0,0,0,0
2024-01-01 18:01:00,199.98,400.02,600.0,0,0,0,0,0,0,0,0,0,0,0,0,0
2024-01-01 18:02:00,199.98,400.02,600.0,0,0,0,0,0,0,0,0,0,0,0,0,0
2024-01-01 18:03:00,199.98,400.02,600.0,0,0,0,0,0,0,0,0,0,0,0,0,0
2024-01-01 18:04:00,199.98,400.02,600.0,0,0,0,0,0,0,0,0,0,0,0,0,0
2024-01-01 18:05:00,199.98,400.02,600.0,0,0,0,0,0,0,0,0,0,0,0,0,0
2024-01-01 18:06:00,199.98,400.02,600.0,0,0,0,0,0,0,0,0,0,0,0,0,0
2024-01-01 18:07:00,199.98,400.02,600.0,0,0,0,0,0,0,0,0,0,0,0,0,0
2024-01-01 18:08:00,199.98,400.02,600.0,0,0,0,0,0,0,0,0,0,0,0,0,0
2024-01-01 18:09:00,199.98,400.02,600.0,0,0,0,0,0,0,0,0,0,0,0,0,0
2024-01-01 18:10:00,199.98,400.02,600.0,0,0,0,0,0,0,0,0,0,0,0,0,0
2024-01-01 18:11:00,199.98,400.02,600.0,0,0,0,0,0,0,0,0,0,0,0,0,0
2024-01-01 18:12:00,199.98,400.02,600.0,0,0,0,0,0,0,0,0,0,0,0,0,0
2024-01-01 18:13:00,199.98,400.02,600.0,0,0,0,0,0,0,0,0,0,0,0,0,0
2024-01-01 18:14:00,199.98,400.02,600.0,0,0,0,0,0,0,0,0,0,0,0,0,0
2024-01-01 18:15:00,199.98,400.02,600.0,0,0,0,0,0,0,0,0,0,0,0,0,0
2024-01-01 18:16:00,199.98,400.02,600.0,0,0,0,0,0,0,0,0,0,0,0,0,0
2024-01-01 18:17:00,199.98,400.02,600.0,0,0,0,0,0,0,0,0,0,0,0,0,0
2024-01-01 18:18:00,199.98,400.02,600.0,0,0,0,0,0,0,0,0,0,0,0,0,0
2024-01-01 18:19:00,199.98,400.02,600.0,0,0,0,0,0,0,0,0,0,0,0,0,0
2024-01-01 18:20:00,199.98,400.02,600.0,0,0,0,0,0,0,0,0,0,0,0,0,0
2024-01-01 18:21:00,199.98,400.02,600.0,0,0,0,0,0,0,0,0,0,0,0,0,0
2024-01-01 18:22:00,199.98,400.02,600.0,0,0,0,0,0,0,0,0,0,0,0,0,0
2024-01-01 18:23:00,199.98,400.02,600.0,0,0,0,0,0,0,0,0,0,0,0,0,0
2024-01-01 18:24:00,199.98,400.02,600.0,0,0,0,0,0,0,0,0,0,0,0,0,0
2024-01-01 18:25:00,199.98,400.02,600.0,0,0,0,0,0,0,0,0,0,0,0,0,0
2024-01-01 18:26:00,199.98,400.02,600.0,0,0,0,0,0,0,0,0,0,0,0,0,0
2024-01-01 18:27:00,199.98,400.02,600.0,0,0,0,0,0,0,0,0,0,0,0,0,0
2024-01-01 18:28:00,199.98,400.02,600.0,0,0,0,0,0,0,0,0,0,0,0,0,0
2024-01-01 18:29:00,199.98,400.02,600.0,0,0,0,0,0,0,0,0,0,0,0,0,0
2024-01-01 18:30:00,199.98,400.02,600.0,0,0,0,0,0,0,0,0,0,0,0,0,0
2024-01-01 18:31:00,199.98,400.02,600.0,0,0,0,0,0,0,0,0,0,0,0,0,0
2024-01-01 18:32:00,199.98,400.02,600.0,0,0,0,0,0,0,0,0,0,0,0,0,0
2024-01-01 18:33:00,199.98,400.02,600.0,0,0,0,0,0,0,0,0,0,0,0,0,0
2024-01-01 18:34:00,199.98,400.02,600.0,0,0,0,0,0,0,0,0,0,0,0,0,0
2024-01-01 18:35:00,199.98,400.02,600.0,0,0,0,0,0,0,0,0,0,0,0,0,0
2024-01-01 18:36:00,199.98,400.02,600.0,0,0,0,0,0,0,0,0,0,0,0,0,0
2024-01-01 18:37:00,199.98,400.02,600.0,0,0,0,0,0,0,0,0,0,0,0,0,0
2024-01-01 18:38:00,199.98,400.02,600.0,0,0,0,0,0,0,0,0,0,0,0,0,0
2024-01-01 18:39:00,199.98,400.02,600.0,0,0,0,0,0,0,0,0,0,0,0,0,0
2024-01-01 18:40:00,199.98,400.02,600.0,0,0,0,0,0,0,0,0,0,0,0,0,0
2024-01-01 18:41:00,199.98,400.02,600.0,0,0,0,0,0,0,0,0,0,0,0,0,0
2024-01-01 18:42:00,199.98,400.02,600.0,0,0,0,0,0,0,0,0,0,0,0,0,0
2024-01-01 18:43:00,199.98,400.02,600.0,0,0,0,0,0,0,0,0,0,0,0,0,0
2024-01-01 18:44:00,199.98,400.02,600.0,0,0,0,0,0,0,0,0,0,0,0,0,0
2024-01-01 18:45:00,199.98,400.02,600.0,0,0,0,0,0,0,0,0,0,0,0,0,0
2024-01-01 18:46:00,199.98,400.02,600.0,0,0,0,0,0,0,0,0,0,0,0,0,0
2024-01-01 18:47:00,199.98,400.02,600.0,0,0,0,0,0,0,0,0,0,0,0,0,0
2024-01-01 18:48:00,199.98,400.02,600.0,0,0,0,0,0,0,0,0,0,0,0,0,0
2024-01-01 18:49:00,199.98,400.02,600.0,0,0,0,0,0,0,0,0,0,0,0,0,0
2024-01-01 18:50:00,199.98,400.02,600.0,0,0,0,0,0,0,0,0,0,0,0,0,0
2024-01-01 18:51:00,199.98,400.02,600.0,0,0,0,0,0,0,0,0,0,0,0,0,0
2024-01-01 18:52:00,199.98,400.02,600.0,0,0,0,0,0,0,0,0,0,0,0,0,0
2024-01-01 18:53:00,199.98,400.02,600.0,0,0,0,0,0,0,0,0,0,0,0,0,0
2024-01-01 18:54:00,199.98,400.02,600.0,0,0,0,0,0,0,0,0,0,0,0,0,0
2024-01-01 18:55:00,199.98,400.02,600.0,0,0,0,0,0,0,0,0,0,0,0,0,0
2024-01-01 18:56:00,199.98,400.02,600.0,0,0,0,0,0,0,0,0,0,0,0,0,0
2024-01-01 18:57:00,199.98,400.02,600.0,0,0,0,0,0,0,0,0,0,0,0,0,0
2024-01-01 18:58:00,199.98,400.02,600.0,0,0,0,0,0,0,0,0,0,0,0,0,0
2024-01-01 18:59:00,199.98,400.02,600.0,0,0,0,0,0,0,0,0,0,0,0,0,0
2024-01-01 19:00:00,199.98,400.02,600.0,0,0,0,0,0,0,0,0,0,0,0,0,0
2024-01-01 19:01:00,199.98,400.02,600.0,0,0,0,0,0,0,0,0,0,0,0,0,0
2024-01-01 19:02:00,199.98,400.02,600.0,0,0,0,0,0,0,0,0,0,0,0,0,0
2024-01-01 19:03:00,199.98,400.02,600.0,0,0,0,0,0,0,0,0,0,0,0,0,0
2024-01-01 19:04:00,199.98,400.02,600.0,0,0,0,0,0,0,0,0,0,0,0,0,0
2024-01-01 19:05:00,199.98,400.02,600.0,0,0,0,0,0,0,0,0,0,0,0,0,0
2024-01-01 19:06:00,199.98,400.02,600.0,0,0,0,0,0,0,0,0,0,0,0,0,0
2024-01-01 19:07:00,199.98,400.02,600.0,0,0,0,0,0,0,0,0,0,0,0,0,0
2024-01-01 19:08:00,199.98,400.02,600.0,0,0,0,0,0,0,0,0,0,0,0,0,0
2024-01-01 19:09:00,199.98,400.02,600.0,0,0,0,0,0,0,0,0,0,0,0,0,0
2024-01-01 19:10:00,199.98,400.02,600.0,0,0,0,0,0,0,0,0,0,0,0,0,0
2024-01-01 19:11:00,199.98,400.02,600.0,0,0,0,0,0,0,0,0,0,0,0,0,0
2024-01-01 19:12:00,199.98,400.02,600.0,0,0,0,0,0,0,0,0,0,0,0,0,0
2024-01-01 19:13:00,199.98,400.02,600.0,0,0,0,0,0,0,0,0,0,0,0,0,0
2024-01-01 19:14:00,199.98,400.02,600.0,0,0,0,0,0,0,0,0,0,0,0,0,0
2024-01-01 19:15:00,199.98,400.02,600.0,0,0,0,0,0,0,0,0,0,0,0,0,0
2024-01-01 19:16:00,199.98,400.02,600.0,0,0,0,0,0,0,0,0,0,0,0,0,0
2024-01-01 19:17:00,199.98,400.02,600.0,0,0,0,0,0,0,0,0,0,0,0,0,0
2024-01-01 19:18:00,199.98,400.02,600.0,0,0,0,0,0,0,0,0,0,0,0,0,0
2024-01-01 19:19:00,199.98,400.02,600.0,0,0,0,0,0,0,0,0,0,0,0,0,0
2024-01-01 19:20:00,199.98,400.02,600.0,0,0,0,0,0,0,0,0,0,0,0,0,0
2024-01-01 19:21:00,199.98,400.02,600.0,0,0,0,0,0,0,0,0,0,0,0,0,0
2024-01-01 19:22:00,199.98,400.02,600.0,0,0,0,0,0,0,0,0,0,0,0,0,0
2024-01-01 19:23:00,199.98,400.02,600.0,0,0,0,0,0,0,0,0,0,0,0,0,0
2024-01-01 19:24:00,199.98,400.02,600.0,0,0,0,0,0,0,0,0,0,0,0,0,0
2024-01-01 19:25:00,199.98,400.02,600.0,0,0,0,0,0,0,0,0,0,0,0,0,0
2024-01-01 19:26:00,199.98,400.02,600.0,0,0,0,0,0,0,0,0,0,0,0,0,0
2024-01-01 19:27:00,199.98,400.02,600.0,0,0,0,0,0,0,0,0,0,0,0,0,0
2024-01-01 19:28:00,199.98,400.02,600.0,0,0,0,0,0,0,0,0,0,0,0,0,0
2024-01-01 19:29:00,199.98,400.02,600.0,0,0,0,0,0,0,0,0,0,0,0,0,0
2024-01-01 19:30:00,199.98,400.02,600.0,0,0,0,0,0,0,0,0,0,0,0,0,0
2024-01-01 19:31:00,199.98,400.02,600.0,0,0,0,0,0,0,0,0,0,0,0,0,0
2024-01-01 19:32:00,199.98,400.02,600.0,0,0,0,0,0,0,0,0,0,0,0,0,0
2024-01-01 19:33:00,199.98,400.02,600.0,0,0,0,0,0,0,0,0,0,0,0,0,0
2024-01-01 19:34:00,199.98,400.02,600.0,0,0,0,0,0,0,0,0,0,0,0,0,0
2024-01-01 19:35:00,199.98,400.02,600.0,0,0,0,0,0,0,0,0,0,0,0,0,0
2024-01-01 19:36:00,199.98,400.02,600.0,0,0,0,0,0,0,0,0,0,0,0,0,0
2024-01-01 19:37:00,199.98,400.02,600.0,0,0,0,0,0,0,0,0,0,0,0,0,0
2024-01-01 19:38:00,199.98,400.02,600.0,0,0,0,0,0,0,0,0,0,0,0,0,0
2024-01-01 19:39:00,199.98,400.02,600.0,0,0,0,0,0,0,0,0,0,0,0,0,0
2024-01-01 19:40:00,199.98,400.02,600.0,0,0,0,0,0,0,0,0,0,0,0,0,0
2024-01-01 19:41:00,199.98,400.02,600.0,0,0,0,0,0,0,0,0,0,0,0,0,0
2024-01-01 19:42:00,199.98,400.02,600.0,0,0,0,0,0,0,0,0,0,0,0,0,0
2024-01-01 19:43:00,199.98,400.02,600.0,0,0,0,0,0,0,0,0,0,0,0,0,0
2024-01-01 19:44:00,199.98,400.02,600.0,0,0,0,0,0,0,0,0,0,0,0,0,0
2024-01-01 19:45:00,199.98,400.02,600.0,0,0,0,0,0,0,0,0,0,0,0,0,0
2024-01-01 19:46:00,199.98,400.02,600.0,0,0,0,0,0,0,0,0,0,0,0,0,0
2024-01-01 19:47:00,199.98,400.02,600.0,0,0,0,0,0,0,0,0,0,0,0,0,0
2024-01-01 19:48:00,199.98,400.02,600.0,0,0,0,0,0,0,0,0,0,0,0,0,0
2024-01-01 19:49:00,199.98,400.02,600.0,0,0,0,0,0,0,0,0,0,0,0,0,0
2024-01-01 19:50:00,199.98,400.02,600.0,0,0,0,0,0,0,0,0,0,0,0,0,0
2024-01-01 19:51:00,199.98,400.02,600.0,0,0,0,0,0,0,0,0,0,0,0,0,0
2024-01-01 19:52:00,199.98,400.02,600.0,0,0,0,0,0,0,0,0,0,0,0,0,0
2024-01-01 19:53:00,199.98,400.02,600.0,0,0,0,0,0,0,0,0,0,0,0,0,0
2024-01-01 19:54:00,199.98,400.02,600.0,0,0,0,0,0,0,0,0,0,0,0,0,0
2024-01-01 19:55:00,199.98,400.02,600.0,0,0,0,0,0,0,0,0,0,0,0,0,0
2024-01-01 19:56:00,199.98,400.02,600.0,0,0,0,0,0,0,0,0,0,0,0,0,0
2024-01-01 19:57:00,199.98,400.02,600.0,0,0,0,0,0,0,0,0,0,0,0,0,0
2024-01-01 19:58:00,199.98,400.02,600.0,0,0,0,0,0,0,0,0,0,0,0,0,0
2024-01-01 19:59:00,199.98,400.02,600.0,0,0,0,0,0,0,0,0,0,0,0,0,0
2024-01-01 20:00:00,199.98,400.02,600.0,0,0,0,0,0,0,0,0,0,0,0,0,0
2024-01-01 20:01:00,199.98,400.02,600.0,0,0,0,0,0,0,0,0,0,0,0,0,0
2024-01-01 20:02:00,199.98,400.02,600.0,0,0,0,0,0,0,0,0,0,0,0,0,0
2024-01-01 20:03:00,199.98,400.02,600.0,0,0,0,0,0,0,0,0,0,0,0,0,0
2024-01-01 20:04:00,199.98,400.02,600.0,0,0,0,0,0,0,0,0,0,0,0,0,0
2024-01-01 20:05:00,199.98,400.02,600.0,0,0,0,0,0,0,0,0,0,0,0,0,0
2024-01-01 20:06:00,199.98,400.02,600.0,0,0,0,0,0,0,0,0,0,0,0,0,0
2024-01-01 20:07:00,199.98,400.02,600.0,0,0,0,0,0,0,0,0,0,0,0,0,0
2024-01-01 20:08:00,199.98,400.02,600.0,0,0,0,0,0,0,0,0,0,0,0,0,0
2024-01-01 20:09:00,199.98,400.02,600.0,0,0,0,0,0,0,0,0,0,0,0,0,0
2024-01-01 20:10:00,199.98,400.02,600.0,0,0,0,0,0,0,0,0,0,0,0,0,0
2024-01-01 20:11:00,199.98,400.02,600.0,0,0,0,0,0,0,0,0,0,0,0,0,0
2024-01-01 20:12:00,199.98,400.02,600.0,0,0,0,0,0,0,0,0,0,0,0,0,0
2024-01-01 20:13:00,199.98,400.02,600.0,0,0,0,0,0,0,0,0,0,0,0,0,0
2024-01-01 20:14:00,199.98,400.02,600.0,0,0,0,0,0,0,0,0,0,0,0,0,0
2024-01-01 20:15:00,199.98,400.02,600.0,0,0,0,0,0,0,0,0,0,0,0,0,0
2024-01-01 20:16:00,199.98,400.02,600.0,0,0,0,0,0,0,0,0,0,0,0,0,0
2024-01-01 20:17:00,199.98,400.02,600.0,0,0,0,0,0,0,0,0,0,0,0,0,0
2024-01-01 20:18:00,199.98,400.02,600.0,0,0,0,0,0,0,0,0,0,0,0,0,0
2024-01-01 20:19:00,199.98,400.02,600.0,0,0,0,0,0,0,0,0,0,0,0,0,0
2024-01-01 20:20:00,199.98,400.02,600.0,0,0,0,0,0,0,0,0,0,0,0,0,0
2024-01-01 20:21:00,199.98,400.02,600.0,0,0,0,0,0,0,0,0,0,0,0,0,0
2024-01-01 20:22:00,199.98,400.02,600.0,0,0,0,0,0,0,0,0,0,0,0,0,0
2024-01-01 20:23:00,199.98,400.02,600.0,0,0,0,0,0,0,0,0,0,0,0,0,0
2024-01-01 20:24:00,199.98,400.02,600.0,0,0,0,0,0,0,0,0,0,0,0,0,0
2024-01-01 20:25:00,199.98,400.02,600.0,0,0,0,0,0,0,0,0,0,0,0,0,0
2024-01-01 20:26:00,199.98,400.02,600.0,0,0,0,0,0,0,0,0,0,0,0,0,0
2024-01-01 20:27:00,199.98,400.02,600.0,0,0,0,0,0,0,0,0,0,0,0,0,0
2024-01-01 20:28:00,199.98,400.02,600.0,0,0,0,0,0,0,0,0,0,0,0,0,0
2024-01-01 20:29:00,199.98,400.02,600.0,0,0,0,0,0,0,0,0,0,0,0,0,0
2024-01-01 20:30:00,199.98,400.02,600.0,0,0,0,0,0,0,0,0,0,0,0,0,0
2024-01-01 20:31:00,199.98,400.02,600.0,0,0,0,0,0,0,0,0,0,0,0,0,0
2024-01-01 20:32:00,199.98,400.02,600.0,0,0,0,0,0,0,0,0,0,0,0,0,0
2024-01-01 20:33:00,199.98,400.02,600.0,0,0,0,0,0,0,0,0,0,0,0,0,0
2024-01-01 20:34:00,199.98,400.02,600.0,0,0,0,0,0,0,0,0,0,0,0,0,0
2024-01-01 20:35:00,199.98,400.02,600.0,0,0,0,0,0,0,0,0,0,0,0,0,0
2024-01-01 20:36:00,199.98,400.02,600.0,0,0,0,0,0,0,0,0,0,0,0,0,0
2024-01-01 20:37:00,199.98,400.02,600.0,0,0,0,0,0,0,0,0,0,0,0,0,0
2024-01-01 20:38:00,199.98,400.02,600.0,0,0,0,0,0,0,0,0,0,0,0,0,0
2024-01-01 20:39:00,199.98,400.02,600.0,0,0,0,0,0,0,0,0,0,0,0,0,0
2024-01-01 20:40:00,199.98,400.02,600.0,0,0,0,0,0,0,0,0,0,0,0,0,0
2024-01-01 20:41:00,199.98,400.02,600.0,0,0,0,0,0,0,0,0,0,0,0,0,0
2024-01-01 20:42:00,199.98,400.02,600.0,0,0,0,0,0,0,0,0,0,0,0,0,0
2024-01-01 20:43:00,199.98,400.02,600.0,0,0,0,0,0,0,0,0,0,0,0,0,0
2024-01-01 20:44:00,199.98,400.02,600.0,0,0,0,0,0,0,0,0,0,0,0,0,0
2024-01-01 20:45:00,199.98,400.02,600.0,0,0,0,0,0,0,0,0,0,0,0,0,0
2024-01-01 20:46:00,199.98,400.02,600.0,0,0,0,0,0,0,0,0,0,0,0,0,0
2024-01-01 20:47:00,199.98,400.02,600.0,0,0,0,0,0,0,0,0,0,0,0,0,0
2024-01-01 20:48:00,199.98,400.02,600.0,0,0,0,0,0,0,0,0,0,0,0,0,0
2024-01-01 20:49:00,199.98,400.02,600.0,0,0,0,0,0,0,0,0,0,0,0,0,0
2024-01-01 20:50:00,199.98,400.02,600.0,0,0,0,0,0,0,0,0,0,0,0,0,0
2024-01-01 20:51:00,199.98,400.02,600.0,0,0,0,0,0,0,0,0,0,0,0,0,0
2024-01-01 20:52:00,199.98,400.02,600.0,0,0,0,0,0,0,0,0,0,0,0,0,0
2024-01-01 20:53:00,199.98,400.02,600.0,0,0,0,0,0,0,0,0,0,0,0,0,0
2024-01-01 20:54:00,199.98,400.02,600.0,0,0,0,0,0,0,0,0,0,0,0,0,0
2024-01-01 20:55:00,199.98,400.02,600.0,0,0,0,0,0,0,0,0,0,0,0,0,0
2024-01-01 20:56:00,199.98,400.02,600.0,0,0,0,0,0,0,0,0,0,0,0,0,0
2024-01-01 20:57:00,199.98,400.02,600.0,0,0,0,0,0,0,0,0,0,0,0,0,0
2024-01-01 20:58:00,199.98,400.02,600.0,0,0,0,0,0,0,0,0,0,0,0,0,0
2024-01-01 20:59:00,199.98,400.02,600.0,0,0,0,0,0,0,0,0,0,0,0,0,0
2024-01-01 21:00:00,199.98,400.02,600.0,0,0,0,0,0,0,0,0,0,0,0,0,0
2024-01-01 21:01:00,199.98,400.02,600.0,0,0,0,0,0,0,0,0,0,0,0,0,0
2024-01-01 21:02:00,199.98,400.02,600.0,0,0,0,0,0,0,0,0,0,0,0,0,0
2024-01-01 21:03:00,199.98,400.02,600.0,0,0,0,0,0,0,0,0,0,0,0,0,0
2024-01-01 21:04:00,199.98,400.02,600.0,0,0,0,0,0,0,0,0,0,0,0,0,0
2024-01-01 21:05:00,199.98,400.02,600.0,0,0,0,0,0,0,0,0,0,0,0,0,0
2024-01-01 21:06:00,199.98,400.02,600.0,0,0,0,0,0,0,0,0,0,0,0,0,0
2024-01-01 21:07:00,199.98,400.02,600.0,0,0,0,0,0,0,0,0,0,0,0,0,0
2024-01-01 21:08:00,199.98,400.02,600.0,0,0,0,0,0,0,0,0,0,0,0,0,0
2024-01-01 21:09:00,199.98,400.02,600.0,0,0,0,0,0,0,0,0,0,0,0,0,0
2024-01-01 21:10:00,199.98,400.02,600.0,0,0,0,0,0,0,0,0,0,0,0,0,0
2024-01-01 21:11:00,199.98,400.02,600.0,0,0,0,0,0,0,0,0,0,0,0,0,0
2024-01-01 21:12:00,199.98,400.02,600.0,0,0,0,0,0,0,0,0,0,0,0,0,0
2024-01-01 21:13:00,199.98,400.02,600.0,0,0,0,0,0,0,0,0,0,0,0,0,0
2024-01-01 21:14:00,199.98,400.02,600.0,0,0,0,0,0,0,0,0,0,0,0,0,0
2024-01-01 21:15:00,199.98,400.02,600.0,0,0,0,0,0,0,0,0,0,0,0,0,0
2024-01-01 21:16:00,199.98,400.02,600.0,0,0,0,0,0,0,0,0,0,0,0,0,0
2024-01-01 21:17:00,199.98,400.02,600.0,0,0,0,0,0,0,0,0,0,0,0,0,0
2024-01-01 21:18:00,199.98,400.02,600.0,0,0,0,0,0,0,0,0,0,0,0,0,0
2024-01-01 21:19:00,199.98,400.02,600.0,0,0,0,0,0,0,0,0,0,0,0,0,0
2024-01-01 21:20:00,199.98,400.02,600.0,0,0,0,0,0,0,0,0,0,0,0,0,0
2024-01-01 21:21:00,199.98,400.02,600.0,0,0,0,0,0,0,0,0,0,0,0,0,0
2024-01-01 21:22:00,199.98,400.02,600.0,0,0,0,0,0,0,0,0,0,0,0,0,0
2024-01-01 21:23:00,199.98,400.02,600.0,0,0,0,0,0,0,0,0,0,0,0,0,0
2024-01-01 21:24:00,199.98,400.02,600.0,0,0,0,0,0,0,0,0,0,0,0,0,0
2024-01-01 21:25:00,199.98,400.02,600.0,0,0,0,0,0,0,0,0,0,0,0,0,0
2024-01-01 21:26:00,199.98,400.02,600.0,0,0,0,0,0,0,0,0,0,0,0,0,0
2024-01-01 21:27:00,199.98,400.02,600.0,0,0,0,0,0,0,0,0,0,0,0,0,0
2024-01-01 21:28:00,199.98,400.02,600.0,0,0,0,0,0,0,0,0,0,0,0,0,0
2024-01-01 21:29:00,199.98,400.02,600.0,0,0,0,0,0,0,0,0,0,0,0,0,0
2024-01-01 21:30:00,199.98,400.02,600.0,0,0,0,0,0,0,0,0,0,0,0,0,0
2024-01-01 21:31:00,199.98,400.02,600.0,0,0,0,0,0,0,0,0,0,0,0,0,0
2024-01-01 21:32:00,199.98,400.02,600.0,0,0,0,0,0,0,0,0,0,0,0,0,0
2024-01-01 21:33:00,199.98,400.02,600.0,0,0,0,0,0,0,0,0,0,0,0,0,0
2024-01-01 21:34:00,199.98,400.02,600.0,0,0,0,0,0,0,0,0,0,0,0,0,0
2024-01-01 21:35:00,199.98,400.02,600.0,0,0,0,0,0,0,0,0,0,0,0,0,0
2024-01-01 21:36:00,199.98,400.02,600.0,0,0,0,0,0,0,0,0,0,0,0,0,0
2024-01-01 21:37:00,199.98,400.02,600.0,0,0,0,0,0,0,0,0,0,0,0,0,0
2024-01-01 21:38:00,199.98,400.02,600.0,0,0,0,0,0,0,0,0,0,0,0,0,0
2024-01-01 21:39:00,199.98,400.02,600.0,0,0,0,0,0,0,0,0,0,0,0,0,0
2024-01-01 21:40:00,199.98,400.02,600.0,0,0,0,0,0,0,0,0,0,0,0,0,0
2024-01-01 21:41:00,199.98,400.02,600.0,0,0,0,0,0,0,0,0,0,0,0,0,0
2024-01-01 21:42:00,199.98,400.02,600.0,0,0,0,0,0,0,0,0,0,0,0,0,0
2024-01-01 21:43:00,199.98,400.02,600.0,0,0,0,0,0,0,0,0,0,0,0,0,0
2024-01-01 21:44:00,199.98,400.02,600.0,0,0,0,0,0,0,0,0,0,0,0,0,0
2024-01-01 21:45:00,199.98,400.02,600.0,0,0,0,0,0,0,0,0,0,0,0,0,0
2024-01-01 21:46:00,199.98,400.02,600.0,0,0,0,0,0,0,0,0,0,0,0,0,0
2024-01-01 21:47:00,199.98,400.02,600.0,0,0,0,0,0,0,0,0,0,0,0,0,0
2024-01-01 21:48:00,199.98,400.02,600.0,0,0,0,0,0,0,0,0,0,0,0,0,0
2024-01-01 21:49:00,199.98,400.02,600.0,0,0,0,0,0,0,0,0,0,0,0,0,0
2024-01-01 21:50:00,199.98,400.02,600.0,0,0,0,0,0,0,0,0,0,0,0,0,0
2024-01-01 21:51:00,199.98,400.02,600.0,0,0,0,0,0,0,0,0,0,0,0,0,0
2024-01-01 21:52:00,199.98,400.02,600.0,0,0,0,0,0,0,0,0,0,0,0,0,0
2024-01-01 21:53:00,199.98,400.02,600.0,0,0,0,0,0,0,0,0,0,0,0,0,0
2024-01-01 21:54:00,199.98,400.02,600.0,0,0,0,0,0,0,0,0,0,0,0,0,0
2024-01-01 21:55:00,199.98,400.02,600.0,0,0,0,0,0,0,0,0,0,0,0,0,0
2024-01-01 21:56:00,199.98,400.02,600.0,0,0,0,0,0,0,0,0,0,0,0,0,0
2024-01-01 21:57:00,199.98,400.02,600.0,0,0,0,0,0,0,0,0,0,0,0,0,0
2024-01-01 21:58:00,199.98,400.02,600.0,0,0,0,0,0,0,0,0,0,0,0,0,0
2024-01-01 21:59:00,199.98,400.02,600.0,0,0,0,0,0,0,0,0,0,0,0,0,0
2024-01-01 22:00:00,199.98,400.02,600.0,0,0,0,0,0,0,0,0,0,0,0,0,0
2024-01-01 22:01:00,199.98,400.02,600.0,0,0,0,0,0,0,0,0,0,0,0,0,0
2024-01-01 22:02:00,199.98,400.02,600.0,0,0,0,0,0,0,0,0,0,0,0,0,0
2024-01-01 22:03:00,199.98,400.02,600.0,0,0,0,0,0,0,0,0,0,0,0,0,0
2024-01-01 22:04:00,199.98,400.02,600.0,0,0,0,0,0,0,0,0,0,0,0,0,0
2024-01-01 22:05:00,199.98,400.02,600.0,0,0,0,0,0,0,0,0,0,0,0,0,0
2024-01-01 22:06:00,199.98,400.02,600.0,0,0,0,0,0,0,0,0,0,0,0,0,0
2024-01-01 22:07:00,199.98,400.02,600.0,0,0,0,0,0,0,0,0,0,0,0,0,0
2024-01-01 22:08:00,199.98,400.02,600.0,0,0,0,0,0,0,0,0,0,0,0,0,0
2024-01-01 22:09:00,199.98,400.02,600.0,0,0,0,0,0,0,0,0,0,0,0,0,0
2024-01-01 22:10:00,199.98,400.02,600.0,0,0,0,0,0,0,0,0,0,0,0,0,0
2024-01-01 22:11:00,199.98,400.02,600.0,0,0,0,0,0,0,0,0,0,0,0,0,0
2024-01-01 22:12:00,199.98,400.02,600.0,0,0,0,0,0,0,0,0,0,0,0,0,0
2024-01-01 22:13:00,199.98,400.02,600.0,0,0,0,0,0,0,0,0,0,0,0,0,0
2024-01-01 22:14:00,199.98,400.02,600.0,0,0,0,0,0,0,0,0,0,0,0,0,0
2024-01-01 22:15:00,199.98,400.02,600.0,0,0,0,0,0,0,0,0,0,0,0,0,0
2024-01-01 22:16:00,199.98,400.02,600.0,0,0,0,0,0,0,0,0,0,0,0,0,0
2024-01-01 22:17:00,199.98,400.02,600.0,0,0,0,0,0,0,0,0,0,0,0,0,0
2024-01-01 22:18:00,199.98,400.02,600.0,0,0,0,0,0,0,0,0,0,0,0,0,0
2024-01-01 22:19:00,199.98,400.02,600.0,0,0,0,0,0,0,0,0,0,0,0,0,0
2024-01-01 22:20:00,199.98,400.02,600.0,0,0,0,0,0,0,0,0,0,0,0,0,0
2024-01-01 22:21:00,199.98,400.02,600.0,0,0,0,0,0,0,0,0,0,0,0,0,0
2024-01-01 22:22:00,199.98,400.02,600.0,0,0,0,0,0,0,0,0,0,0,0,0,0
2024-01-01 22:23:00,199.98,400.02,600.0,0,0,0,0,0,0,0,0,0,0,0,0,0
2024-01-01 22:24:00,199.98,400.02,600.0,0,0,0,0,0,0,0,0,0,0,0,0,0
2024-01-01 22:25:00,199.98,400.02,600.0,0,0,0,0,0,0,0,0,0,0,0,0,0
2024-01-01 22:26:00,199.98,400.02,600.0,0,0,0,0,0,0,0,0,0,0,0,0,0
2024-01-01 22:27:00,199.98,400.02,600.0,0,0,0,0,0,0,0,0,0,0,0,0,0
2024-01-01 22:28:00,199.98,400.02,600.0,0,0,0,0,0,0,0,0,0,0,0,0,0
2024-01-01 22:29:00,199.98,400.02,600.0,0,0,0,0,0,0,0,0,0,0,0,0,0
2024-01-01 22:30:00,199.98,400.02,600.0,0,0,0,0,0,0,0,0,0,0,0,0,0
2024-01-01 22:31:00,199.98,400.02,600.0,0,0,0,0,0,0,0,0,0,0,0,0,0
2024-01-01 22:32:00,199.98,400.02,600.0,0,0,0,0,0,0,0,0,0,0,0,0,0
2024-01-01 22:33:00,199.98,400.02,600.0,0,0,0,0,0,0,0,0,0,0,0,0,0
2024-01-01 22:34:00,199.98,400.02,600.0,0,0,0,0,0,0,0,0,0,0,0,0,0
2024-01-01 22:35:00,199.98,400.02,600.0,0,0,0,0,0,0,0,0,0,0,0,0,0
2024-01-01 22:36:00,199.98,400.02,600.0,0,0,0,0,0,0,0,0,0,0,0,0,0
2024-01-01 22:37:00,199.98,400.02,600.0,0,0,0,0,0,0,0,0,0,0,0,0,0
2024-01-01 22:38:00,199.98,400.02,600.0,0,0,0,0,0,0,0,0,0,0,0,0,0
2024-01-01 22:39:00,199.98,400.02,600.0,0,0,0,0,0,0,0,0,0,0,0,0,0
2024-01-01 22:40:00,199.98,400.02,600.0,0,0,0,0,0,0,0,0,0,0,0,0,0
2024-01-01 22:41:00,199.98,400.02,600.0,0,0,0,0,0,0,0,0,0,0,0,0,0
2024-01-01 22:42:00,199.98,400.02,600.0,0,0,0,0,0,0,0,0,0,0,0,0,0
2024-01-01 22:43:00,199.98,400.02,600.0,0,0,0,0,0,0,0,0,0,0,0,0,0
2024-01-01 22:44:00,199.98,400.02,600.0,0,0,0,0,0,0,0,0,0,0,0,0,0
2024-01-01 22:45:00,199.98,400.02,600.0,0,0,0,0,0,0,0,0,0,0,0,0,0
2024-01-01 22:46:00,199.98,400.02,600.0,0,0,0,0,0,0,0,0,0,0,0,0,0
2024-01-01 22:47:00,199.98,400.02,600.0,0,0,0,0,0,0,0,0,0,0,0,0,0
2024-01-01 22:48:00,199.98,400.02,600.0,0,0,0,0,0,0,0,0,0,0,0,0,0
2024-01-01 22:49:00,199.98,400.02,600.0,0,0,0,0,0,0,0,0,0,0,0,0,0
2024-01-01 22:50:00,199.98,400.02,600.0,0,0,0,0,0,0,0,0,0,0,0,0,0
2024-01-01 22:51:00,199.98,400.02,600.0,0,0,0,0,0,0,0,0,0,0,0,0,0
2024-01-01 22:52:00,199.98,400.02,600.0,0,0,0,0,0,0,0,0,0,0,0,0,0
2024-01-01 22:53:00,199.98,400.02,600.0,0,0,0,0,0,0,0,0,0,0,0,0,0
2024-01-01 22:54:00,199.98,400.02,600.0,0,0,0,0,0,0,0,0,0,0,0,0,0
2024-01-01 22:55:00,199.98,400.02,600.0,0,0,0,0,0,0,0,0,0,0,0,0,0
2024-01-01 22:56:00,199.98,400.02,600.0,0,0,0,0,0,0,0,0,0,0,0,0,0
2024-01-01 22:57:00,199.98,400.02,600.0,0,0,0,0,0,0,0,0,0,0,0,0,0
2024-01-01 22:58:00,199.98,400.02,600.0,0,0,0,0,0,0,0,0,0,0,0,0,0
2024-01-01 22:59:00,199.98,400.02,600.0,0,0,0,0,0,0,0,0,0,0,0,0,0
2024-01-01 23:00:00,199.98,400.02,600.0,0,0,0,0,0,0,0,0,0,0,0,0,0
2024-01-01 23:01:00,199.98,400.02,600.0,0,0,0,0,0,0,0,0,0,0,0,0,0
2024-01-01 23:02:00,199.98,400.02,600.0,0,0,0,0,0,0,0,0,0,0,0,0,0
2024-01-01 23:03:00,199.98,400.02,600.0,0,0,0,0,0,0,0,0,0,0,0,0,0
2024-01-01 23:04:00,199.98,400.02,600.0,0,0,0,0,0,0,0,0,0,0,0,0,0
2024-01-01 23:05:00,199.98,400.02,600.0,0,0,0,0,0,0,0,0,0,0,0,0,0
2024-01-01 23:06:00,199.98,400.02,600.0,0,0,0,0,0,0,0,0,0,0,0,0,0
2024-01-01 23:07:00,199.98,400.02,600.0,0,0,0,0,0,0,0,0,0,0,0,0,0
2024-01-01 23:08:00,199.98,400.02,600.0,0,0,0,0,0,0,0,0,0,0,0,0,0
2024-01-01 23:09:00,199.98,400.02,600.0,0,0,0,0,0,0,0,0,0,0,0,0,0
2024-01-01 23:10:00,199.98,400.02,600.0,0,0,0,0,0,0,0,0,0,0,0,0,0
2024-01-01 23:11:00,199.98,400.02,600.0,0,0,0,0,0,0,0,0,0,0,0,0,0
2024-01-01 23:12:00,199.98,400.02,600.0,0,0,0,0,0,0,0,0,0,0,0,0,0
2024-01-01 23:13:00,199.98,400.02,600.0,0,0,0,0,0,0,0,0,0,0,0,0,0
2024-01-01 23:14:00,199.98,400.02,600.0,0,0,0,0,0,0,0,0,0,0,0,0,0
2024-01-01 23:15:00,199.98,400.02,600.0,0,0,0,0,0,0,0,0,0,0,0,0,0
2024-01-01 23:16:00,199.98,400.02,600.0,0,0,0,0,0,0,0,0,0,0,0,0,0
2024-01-01 23:17:00,199.98,400.02,600.0,0,0,0,0,0,0,0,0,0,0,0,0,0
2024-01-01 23:18:00,199.98,400.02,600.0,0,0,0,0,0,0,0,0,0,0,0,0,0
2024-01-01 23:19:00,199.98,400.02,600.0,0,0,0,0,0,0,0,0,0,0,0,0,0
2024-01-01 23:20:00,199.98,400.02,600.0,0,0,0,0,0,0,0,0,0,0,0,0,0
2024-01-01 23:21:00,199.98,400.02,600.0,0,0,0,0,0,0,0,0,0,0,0,0,0
2024-01-01 23:22:00,199.98,400.02,600.0,0,0,0,0,0,0,0,0,0,0,0,0,0
2024-01-01 23:23:00,199.98,400.02,600.0,0,0,0,0,0,0,0,0,0,0,0,0,0
2024-01-01 23:24:00,199.98,400.02,600.0,0,0,0,0,0,0,0,0,0,0,0,0,0
2024-01-01 23:25:00,199.98,400.02,600.0,0,0,0,0,0,0,0,0,0,0,0,0,0
2024-01-01 23:26:00,199.98,400.02,600.0,0,0,0,0,0,0,0,0,0,0,0,0,0
2024-01-01 23:27:00,199.98,400.02,600.0,0,0,0,0,0,0,0,0,0,0,0,0,0
2024-01-01 23:28:00,199.98,400.02,600.0,0,0,0,0,0,0,0,0,0,0,0,0,0
2024-01-01 23:29:00,199.98,400.02,600.0,0,0,0,0,0,0,0,0,0,0,0,0,0
2024-01-01 23:30:00,199.98,400.02,600.0,0,0,0,0,0,0,0,0,0,0,0,0,0
2024-01-01 23:31:00,199.98,400.02,600.0,0,0,0,0,0,0,0,0,0,0,0,0,0
2024-01-01 23:32:00,199.98,400.02,600.0,0,0,0,0,0,0,0,0,0,0,0,0,0
2024-01-01 23:33:00,199.98,400.02,600.0,0,0,0,0,0,0,0,0,0,0,0,0,0
2024-01-01 23:34:00,199.98,400.02,600.0,0,0,0,0,0,0,0,0,0,0,0,0,0
2024-01-01 23:35:00,199.98,400.02,600.0,0,0,0,0,0,0,0,0,0,0,0,0,0
2024-01-01 23:36:00,199.98,400.02,600.0,0,0,0,0,0,0,0,0,0,0,0,0,0
2024-01-01 23:37:00,199.98,400.02,600.0,0,0,0,0,0,0,0,0,0,0,0,0,0
2024-01-01 23:38:00,199.98,400.02,600.0,0,0,0,0,0,0,0,0,0,0,0,0,0
2024-01-01 23:39:00,199.98,400.02,600.0,0,0,0,0,0,0,0,0,0,0,0,0,0
2024-01-01 23:40:00,199.98,400.02,600.0,0,0,0,0,0,0,0,0,0,0,0,0,0
2024-01-01 23:41:00,199.98,400.02,600.0,0,0,0,0,0,0,0,0,0,0,0,0,0
2024-01-01 23:42:00,199.98,400.02,600.0,0,0,0,0,0,0,0,0,0,0,0,0,0
2024-01-01 23:43:00,199.98,400.02,600.0,0,0,0,0,0,0,0,0,0,0,0,0,0
2024-01-01 23:44:00,199.98,400.02,600.0,0,0,0,0,0,0,0,0,0,0,0,0,0
2024-01-01 23:45:00,199.98,400.02,600.0,0,0,0,0,0,0,0,0,0,0,0,0,0
2024-01-01 23:46:00,199.98,400.02,600.0,0,0,0,0,0,0,0,0,0,0,0,0,0
2024-01-01 23:47:00,199.98,400.02,600.0,0,0,0,0,0,0,0,0,0,0,0,0,0
2024-01-01 23:48:00,199.98,400.02,600.0,0,0,0,0,0,0,0,0,0,0,0,0,0
2024-01-01 23:49:00,199.98,400.02,600.0,0,0,0,0,0,0,0,0,0,0,0,0,0
2024-01-01 23:50:00,199.98,400.02,600.0,0,0,0,0,0,0,0,0,0,0,0,0,0
2024-01-01 23:51:00,199.98,400.02,600.0,0,0,0,0,0,0,0,0,0,0,0,0,0
2024-01-01 23:52:00,199.98,400.02,600.0,0,0,0,0,0,0,0,0,0,0,0,0,0
2024-01-01 23:53:00,199.98,400.02,600.0,0,0,0,0,0,0,0,0,0,0,0,0,0
2024-01-01 23:54:00,199.98,400.02,600.0,0,0,0,0,0,0,0,0,0,0,0,0,0
2024-01-01 23:55:00,199.98,400.02,600.0,0,0,0,0,0,0,0,0,0,0,0,0,0
2024-01-01 23:56:00,199.98,400.02,600.0,0,0,0,0,0,0,0,0,0,0,0,0,0
2024-01-01 23:57:00,199.98,400.02,600.0,0,0,0,0,0,0,0,0,0,0,0,0,0
2024-01-01 23:58:00,199.98,400.02,600.0,0,0,0,0,0,0,0,0,0,0,0,0,0
2024-01-01 23:59:00,,,,0,0,0,0,0,0,0,0,0,0,0,0,0
