timestamp,PFVJama-0,PFVJama-1,PFVJama,PFVSanPedro,PEValleDeLosVientos,PFVUsya,PECalama,PFVAzabache,JAM-LAS,LAS-CAL,VLV-CAL,CAL-SAL,SAL-CHU,CAL-NCH,NCH-CHU
2024-01-01 00:00:00,0.0,0.0,0,0,0,0,0,0,0,0,0,0,0,0,0
2024-01-01 00:01:00,0.0,0.0,0,0,0,0,0,0,0,0,0,0,0,0,0
2024-01-01 00:02:00,0.0,0.0,0,0,0,0,0,0,0,0,0,0,0,0,0
2024-01-01 00:03:00,0.0,0.0,0,0,0,0,0,0,0,0,0,0,0,0,0
2024-01-01 00:04:00,0.0,0.0,0,0,0,0,0,0,0,0,0,0,0,0,0
2024-01-01 00:05:00,0.0,0.0,0,0,0,0,0,0,0,0,0,0,0,0,0
2024-01-01 00:06:00,0.0,0.0,0,0,0,0,0,0,0,0,0,0,0,0,0
2024-01-01 00:07:00,0.0,0.0,0,0,0,0,0,0,0,0,0,0,0,0,0
2024-01-01 00:08:00,0.0,0.0,0,0,0,0,0,0,0,0,0,0,0,0,0
2024-01-01 00:09:00,0.0,0.0,0,0,0,0,0,0,0,0,0,0,0,0,0
2024-01-01 00:10:00,0.0,0.0,0,0,0,0,0,0,0,0,0,0,0,0,0
2024-01-01 00:11:00,0.0,0.0,0,0,0,0,0,0,0,0,0,0,0,0,0
2024-01-01 00:12:00,0.0,0.0,0,0,0,0,0,0,0,0,0,0,0,0,0
2024-01-01 00:13:00,0.0,0.0,0,0,0,0,0,0,0,0,0,0,0,0,0
2024-01-01 00:14:00,0.0,0.0,0,0,0,0,0,0,0,0,0,0,0,0,0
2024-01-01 00:15:00,0.0,0.0,0,0,0,0,0,0,0,0,0,0,0,0,0
2024-01-01 00:16:00,0.0,0.0,0,0,0,0,0,0,0,0,0,0,0,0,0
2024-01-01 00:17:00,0.0,0.0,0,0,0,0,0,0,0,0,0,0,0,0,0
2024-01-01 00:18:00,0.0,0.0,0,0,0,0,0,0,0,0,0,0,0,0,0
2024-01-01 00:19:00,0.0,0.0,0,0,0,0,0,0,0,0,0,0,0,0,0
2024-01-01 00:20:00,0.0,0.0,0,0,0,0,0,0,0,0,0,0,0,0,0
2024-01-01 00:21:00,0.0,0.0,0,0,0,0,0,0,0,0,0,0,0,0,0
2024-01-01 00:22:00,0.0,0.0,0,0,0,0,0,0,0,0,0,0,0,0,0
2024-01-01 00:23:00,0.0,0.0,0,0,0,0,0,0,0,0,0,0,0,0,0
2024-01-01 00:24:00,0.0,0.0,0,0,0,0,0,0,0,0,0,0,0,0,0
2024-01-01 00:25:00,0.0,0.0,0,0,0,0,0,0,0,0,0,0,0,0,0
2024-01-01 00:26:00,0.0,0.0,0,0,0,0,0,0,0,0,0,0,0,0,0
2024-01-01 00:27:00,0.0,0.0,0,0,0,0,0,0,0,0,0,0,0,0,0
2024-01-01 00:28:00,0.0,0.0,0,0,0,0,0,0,0,0,0,0,0,0,0
2024-01-01 00:29:00,0.0,0.0,0,0,0,0,0,0,0,0,0,0,0,0,0
2024-01-01 00:30:00,0.0,0.0,0,0,0,0,0,0,0,0,0,0,0,0,0
2024-01-01 00:31:00,0.0,0.0,0,0,0,0,0,0,0,0,0,0,0,0,0
2024-01-01 00:32:00,0.0,0.0,0,0,0,0,0,0,0,0,0,0,0,0,0
2024-01-01 00:33:00,0.0,0.0,0,0,0,0,0,0,0,0,0,0,0,0,0
2024-01-01 00:34:00,0.0,0.0,0,0,0,0,0,0,0,0,0,0,0,0,0
2024-01-01 00:35:00,0.0,0.0,0,0,0,0,0,0,0,0,0,0,0,0,0
2024-01-01 00:36:00,0.0,0.0,0,0,0,0,0,0,0,0,0,0,0,0,0
2024-01-01 00:37:00,0.0,0.0,0,0,0,0,0,0,0,0,0,0,0,0,0
2024-01-01 00:38:00,0.0,0.0,0,0,0,0,0,0,0,0,0,0,0,0,0
2024-01-01 00:39:00,0.0,0.0,0,0,0,0,0,0,0,0,0,0,0,0,0
2024-01-01 00:40:00,0.0,0.0,0,0,0,0,0,0,0,0,0,0,0,0,0
2024-01-01 00:41:00,0.0,0.0,0,0,0,0,0,0,0,0,0,0,0,0,0
2024-01-01 00:42:00,0.0,0.0,0,0,0,0,0,0,0,0,0,0,0,0,0
2024-01-01 00:43:00,0.0,0.0,0,0,0,0,0,0,0,0,0,0,0,0,0
2024-01-01 00:44:00,0.0,0.0,0,0,0,0,0,0,0,0,0,0,0,0,0
2024-01-01 00:45:00,0.0,0.0,0,0,0,0,0,0,0,0,0,0,0,0,0
2024-01-01 00:46:00,0.0,0.0,0,0,0,0,0,0,0,0,0,0,0,0,0
2024-01-01 00:47:00,0.0,0.0,0,0,0,0,0,0,0,0,0,0,0,0,0
2024-01-01 00:48:00,0.0,0.0,0,0,0,0,0,0,0,0,0,0,0,0,0
2024-01-01 00:49:00,0.0,0.0,0,0,0,0,0,0,0,0,0,0,0,0,0
2024-01-01 00:50:00,0.0,0.0,0,0,0,0,0,0,0,0,0,0,0,0,0
2024-01-01 00:51:00,0.0,0.0,0,0,0,0,0,0,0,0,0,0,0,0,0
2024-01-01 00:52:00,0.0,0.0,0,0,0,0,0,0,0,0,0,0,0,0,0
2024-01-01 00:53:00,0.0,0.0,0,0,0,0,0,0,0,0,0,0,0,0,0
2024-01-01 00:54:00,0.0,0.0,0,0,0,0,0,0,0,0,0,0,0,0,0
2024-01-01 00:55:00,0.0,0.0,0,0,0,0,0,0,0,0,0,0,0,0,0
2024-01-01 00:56:00,0.0,0.0,0,0,0,0,0,0,0,0,0,0,0,0,0
2024-01-01 00:57:00,0.0,0.0,0,0,0,0,0,0,0,0,0,0,0,0,0
2024-01-01 00:58:00,0.0,0.0,0,0,0,0,0,0,0,0,0,0,0,0,0
2024-01-01 00:59:00,0.0,0.0,0,0,0,0,0,0,0,0,0,0,0,0,0
2024-01-01 01:00:00,0.0,0.0,0,0,0,0,0,0,0,0,0,0,0,0,0
2024-01-01 01:01:00,0.0,0.0,0,0,0,0,0,0,0,0,0,0,0,0,0
2024-01-01 01:02:00,0.0,0.0,0,0,0,0,0,0,0,0,0,0,0,0,0
2024-01-01 01:03:00,0.0,0.0,0,0,0,0,0,0,0,0,0,0,0,0,0
2024-01-01 01:04:00,0.0,0.0,0,0,0,0,0,0,0,0,0,0,0,0,0
2024-01-01 01:05:00,0.0,0.0,0,0,0,0,0,0,0,0,0,0,0,0,0
2024-01-01 01:06:00,0.0,0.0,0,0,0,0,0,0,0,0,0,0,0,0,0
2024-01-01 01:07:00,0.0,0.0,0,0,0,0,0,0,0,0,0,0,0,0,0
2024-01-01 01:08:00,0.0,0.0,0,0,0,0,0,0,0,0,0,0,0,0,0
2024-01-01 01:09:00,0.0,0.0,0,0,0,0,0,0,0,0,0,0,0,0,0
2024-01-01 01:10:00,0.0,0.0,0,0,0,0,0,0,0,0,0,0,0,0,0
2024-01-01 01:11:00,0.0,0.0,0,0,0,0,0,0,0,0,0,0,0,0,0
2024-01-01 01:12:00,0.0,0.0,0,0,0,0,0,0,0,0,0,0,0,0,0
2024-01-01 01:13:00,0.0,0.0,0,0,0,0,0,0,0,0,0,0,0,0,0
2024-01-01 01:14:00,0.0,0.0,0,0,0,0,0,0,0,0,0,0,0,0,0
2024-01-01 01:15:00,0.0,0.0,0,0,0,0,0,0,0,0,0,0,0,0,0
2024-01-01 01:16:00,0.0,0.0,0,0,0,0,0,0,0,0,0,0,0,0,0
2024-01-01 01:17:00,0.0,0.0,0,0,0,0,0,0,0,0,0,0,0,0,0
2024-01-01 01:18:00,0.0,0.0,0,0,0,0,0,0,0,0,0,0,0,0,0
2024-01-01 01:19:00,0.0,0.0,0,0,0,0,0,0,0,0,0,0,0,0,0
2024-01-01 01:20:00,0.0,0.0,0,0,0,0,0,0,0,0,0,0,0,0,0
2024-01-01 01:21:00,0.0,0.0,0,0,0,0,0,0,0,0,0,0,0,0,0
2024-01-01 01:22:00,0.0,0.0,0,0,0,0,0,0,0,0,0,0,0,0,0
2024-01-01 01:23:00,0.0,0.0,0,0,0,0,0,0,0,0,0,0,0,0,0
2024-01-01 01:24:00,0.0,0.0,0,0,0,0,0,0,0,0,0,0,0,0,0
2024-01-01 01:25:00,0.0,0.0,0,0,0,0,0,0,0,0,0,0,0,0,0
2024-01-01 01:26:00,0.0,0.0,0,0,0,0,0,0,0,0,0,0,0,0,0
2024-01-01 01:27:00,0.0,0.0,0,0,0,0,0,0,0,0,0,0,0,0,0
2024-01-01 01:28:00,0.0,0.0,0,0,0,0,0,0,0,0,0,0,0,0,0
2024-01-01 01:29:00,0.0,0.0,0,0,0,0,0,0,0,0,0,0,0,0,0
2024-01-01 01:30:00,0.0,0.0,0,0,0,0,0,0,0,0,0,0,0,0,0
2024-01-01 01:31:00,0.0,0.0,0,0,0,0,0,0,0,0,0,0,0,0,0
2024-01-01 01:32:00,0.0,0.0,0,0,0,0,0,0,0,0,0,0,0,0,0
2024-01-01 01:33:00,0.0,0.0,0,0,0,0,0,0,0,0,0,0,0,0,0
2024-01-01 01:34:00,0.0,0.0,0,0,0,0,0,0,0,0,0,0,0,0,0
2024-01-01 01:35:00,0.0,0.0,0,0,0,0,0,0,0,0,0,0,0,0,0
2024-01-01 01:36:00,0.0,0.0,0,0,0,0,0,0,0,0,0,0,0,0,0
2024-01-01 01:37:00,0.0,0.0,0,0,0,0,0,0,0,0,0,0,0,0,0
2024-01-01 01:38:00,0.0,0.0,0,0,0,0,0,0,0,0,0,0,0,0,0
2024-01-01 01:39:00,0.0,0.0,0,0,0,0,0,0,0,0,0,0,0,0,0
2024-01-01 01:40:00,0.0,0.0,0,0,0,0,0,0,0,0,0,0,0,0,0
2024-01-01 01:41:00,0.0,0.0,0,0,0,0,0,0,0,0,0,0,0,0,0
2024-01-01 01:42:00,0.0,0.0,0,0,0,0,0,0,0,0,0,0,0,0,0
2024-01-01 01:43:00,0.0,0.0,0,0,0,0,0,0,0,0,0,0,0,0,0
2024-01-01 01:44:00,0.0,0.0,0,0,0,0,0,0,0,0,0,0,0,0,0
2024-01-01 01:45:00,0.0,0.0,0,0,0,0,0,0,0,0,0,0,0,0,0
2024-01-01 01:46:00,0.0,0.0,0,0,0,0,0,0,0,0,0,0,0,0,0
2024-01-01 01:47:00,0.0,0.0,0,0,0,0,0,0,0,0,0,0,0,0,0
2024-01-01 01:48:00,0.0,0.0,0,0,0,0,0,0,0,0,0,0,0,0,0
2024-01-01 01:49:00,0.0,0.0,0,0,0,0,0,0,0,0,0,0,0,0,0
2024-01-01 01:50:00,0.0,0.0,0,0,0,0,0,0,0,0,0,0,0,0,0
2024-01-01 01:51:00,0.0,0.0,0,0,0,0,0,0,0,0,0,0,0,0,0
2024-01-01 01:52:00,0.0,0.0,0,0,0,0,0,0,0,0,0,0,0,0,0
2024-01-01 01:53:00,0.0,0.0,0,0,0,0,0,0,0,0,0,0,0,0,0
2024-01-01 01:54:00,0.0,0.0,0,0,0,0,0,0,0,0,0,0,0,0,0
2024-01-01 01:55:00,0.0,0.0,0,0,0,0,0,0,0,0,0,0,0,0,0
2024-01-01 01:56:00,0.0,0.0,0,0,0,0,0,0,0,0,0,0,0,0,0
2024-01-01 01:57:00,0.0,0.0,0,0,0,0,0,0,0,0,0,0,0,0,0
2024-01-01 01:58:00,0.0,0.0,0,0,0,0,0,0,0,0,0,0,0,0,0
2024-01-01 01:59:00,0.0,0.0,0,0,0,0,0,0,0,0,0,0,0,0,0
2024-01-01 02:00:00,0.0,0.0,0,0,0,0,0,0,0,0,0,0,0,0,0
2024-01-01 02:01:00,0.0,0.0,0,0,0,0,0,0,0,0,0,0,0,0,0
2024-01-01 02:02:00,0.0,0.0,0,0,0,0,0,0,0,0,0,0,0,0,0
2024-01-01 02:03:00,0.0,0.0,0,0,0,0,0,0,0,0,0,0,0,0,0
2024-01-01 02:04:00,0.0,0.0,0,0,0,0,0,0,0,0,0,0,0,0,0
2024-01-01 02:05:00,0.0,0.0,0,0,0,0,0,0,0,0,0,0,0,0,0
2024-01-01 02:06:00,0.0,0.0,0,0,0,0,0,0,0,0,0,0,0,0,0
2024-01-01 02:07:00,0.0,0.0,0,0,0,0,0,0,0,0,0,0,0,0,0
2024-01-01 02:08:00,0.0,0.0,0,0,0,0,0,0,0,0,0,0,0,0,0
2024-01-01 02:09:00,0.0,0.0,0,0,0,0,0,0,0,0,0,0,0,0,0
2024-01-01 02:10:00,0.0,0.0,0,0,0,0,0,0,0,0,0,0,0,0,0
2024-01-01 02:11:00,0.0,0.0,0,0,0,0,0,0,0,0,0,0,0,0,0
2024-01-01 02:12:00,0.0,0.0,0,0,0,0,0,0,0,0,0,0,0,0,0
2024-01-01 02:13:00,0.0,0.0,0,0,0,0,0,0,0,0,0,0,0,0,0
2024-01-01 02:14:00,0.0,0.0,0,0,0,0,0,0,0,0,0,0,0,0,0
2024-01-01 02:15:00,0.0,0.0,0,0,0,0,0,0,0,0,0,0,0,0,0
2024-01-01 02:16:00,0.0,0.0,0,0,0,0,0,0,0,0,0,0,0,0,0
2024-01-01 02:17:00,0.0,0.0,0,0,0,0,0,0,0,0,0,0,0,0,0
2024-01-01 02:18:00,0.0,0.0,0,0,0,0,0,0,0,0,0,0,0,0,0
2024-01-01 02:19:00,0.0,0.0,0,0,0,0,0,0,0,0,0,0,0,0,0
2024-01-01 02:20:00,0.0,0.0,0,0,0,0,0,0,0,0,0,0,0,0,0
2024-01-01 02:21:00,0.0,0.0,0,0,0,0,0,0,0,0,0,0,0,0,0
2024-01-01 02:22:00,0.0,0.0,0,0,0,0,0,0,0,0,0,0,0,0,0
2024-01-01 02:23:00,0.0,0.0,0,0,0,0,0,0,0,0,0,0,0,0,0
2024-01-01 02:24:00,0.0,0.0,0,0,0,0,0,0,0,0,0,0,0,0,0
2024-01-01 02:25:00,0.0,0.0,0,0,0,0,0,0,0,0,0,0,0,0,0
2024-01-01 02:26:00,0.0,0.0,0,0,0,0,0,0,0,0,0,0,0,0,0
2024-01-01 02:27:00,0.0,0.0,0,0,0,0,0,0,0,0,0,0,0,0,0
2024-01-01 02:28:00,0.0,0.0,0,0,0,0,0,0,0,0,0,0,0,0,0
2024-01-01 02:29:00,0.0,0.0,0,0,0,0,0,0,0,0,0,0,0,0,0
2024-01-01 02:30:00,0.0,0.0,0,0,0,0,0,0,0,0,0,0,0,0,0
2024-01-01 02:31:00,0.0,0.0,0,0,0,0,0,0,0,0,0,0,0,0,0
2024-01-01 02:32:00,0.0,0.0,0,0,0,0,0,0,0,0,0,0,0,0,0
2024-01-01 02:33:00,0.0,0.0,0,0,0,0,0,0,0,0,0,0,0,0,0
2024-01-01 02:34:00,0.0,0.0,0,0,0,0,0,0,0,0,0,0,0,0,0
2024-01-01 02:35:00,0.0,0.0,0,0,0,0,0,0,0,0,0,0,0,0,0
2024-01-01 02:36:00,0.0,0.0,0,0,0,0,0,0,0,0,0,0,0,0,0
2024-01-01 02:37:00,0.0,0.0,0,0,0,0,0,0,0,0,0,0,0,0,0
2024-01-01 02:38:00,0.0,0.0,0,0,0,0,0,0,0,0,0,0,0,0,0
2024-01-01 02:39:00,0.0,0.0,0,0,0,0,0,0,0,0,0,0,0,0,0
2024-01-01 02:40:00,0.0,0.0,0,0,0,0,0,0,0,0,0,0,0,0,0
2024-01-01 02:41:00,0.0,0.0,0,0,0,0,0,0,0,0,0,0,0,0,0
2024-01-01 02:42:00,0.0,0.0,0,0,0,0,0,0,0,0,0,0,0,0,0
2024-01-01 02:43:00,0.0,0.0,0,0,0,0,0,0,0,0,0,0,0,0,0
2024-01-01 02:44:00,0.0,0.0,0,0,0,0,0,0,0,0,0,0,0,0,0
2024-01-01 02:45:00,0.0,0.0,0,0,0,0,0,0,0,0,0,0,0,0,0
2024-01-01 02:46:00,0.0,0.0,0,0,0,0,0,0,0,0,0,0,0,0,0
2024-01-01 02:47:00,0.0,0.0,0,0,0,0,0,0,0,0,0,0,0,0,0
2024-01-01 02:48:00,0.0,0.0,0,0,0,0,0,0,0,0,0,0,0,0,0
2024-01-01 02:49:00,0.0,0.0,0,0,0,0,0,0,0,0,0,0,0,0,0
2024-01-01 02:50:00,0.0,0.0,0,0,0,0,0,0,0,0,0,0,0,0,0
2024-01-01 02:51:00,0.0,0.0,0,0,0,0,0,0,0,0,0,0,0,0,0
2024-01-01 02:52:00,0.0,0.0,0,0,0,0,0,0,0,0,0,0,0,0,0
2024-01-01 02:53:00,0.0,0.0,0,0,0,0,0,0,0,0,0,0,0,0,0
2024-01-01 02:54:00,0.0,0.0,0,0,0,0,0,0,0,0,0,0,0,0,0
2024-01-01 02:55:00,0.0,0.0,0,0,0,0,0,0,0,0,0,0,0,0,0
2024-01-01 02:56:00,0.0,0.0,0,0,0,0,0,0,0,0,0,0,0,0,0
2024-01-01 02:57:00,0.0,0.0,0,0,0,0,0,0,0,0,0,0,0,0,0
2024-01-01 02:58:00,0.0,0.0,0,0,0,0,0,0,0,0,0,0,0,0,0
2024-01-01 02:59:00,0.0,0.0,0,0,0,0,0,0,0,0,0,0,0,0,0
2024-01-01 03:00:00,0.0,0.0,0,0,0,0,0,0,0,0,0,0,0,0,0
2024-01-01 03:01:00,0.0,0.0,0,0,0,0,0,0,0,0,0,0,0,0,0
2024-01-01 03:02:00,0.0,0.0,0,0,0,0,0,0,0,0,0,0,0,0,0
2024-01-01 03:03:00,0.0,0.0,0,0,0,0,0,0,0,0,0,0,0,0,0
2024-01-01 03:04:00,0.0,0.0,0,0,0,0,0,0,0,0,0,0,0,0,0
2024-01-01 03:05:00,0.0,0.0,0,0,0,0,0,0,0,0,0,0,0,0,0
2024-01-01 03:06:00,0.0,0.0,0,0,0,0,0,0,0,0,0,0,0,0,0
2024-01-01 03:07:00,0.0,0.0,0,0,0,0,0,0,0,0,0,0,0,0,0
2024-01-01 03:08:00,0.0,0.0,0,0,0,0,0,0,0,0,0,0,0,0,0
2024-01-01 03:09:00,0.0,0.0,0,0,0,0,0,0,0,0,0,0,0,0,0
2024-01-01 03:10:00,0.0,0.0,0,0,0,0,0,0,0,0,0,0,0,0,0
2024-01-01 03:11:00,0.0,0.0,0,0,0,0,0,0,0,0,0,0,0,0,0
2024-01-01 03:12:00,0.0,0.0,0,0,0,0,0,0,0,0,0,0,0,0,0
2024-01-01 03:13:00,0.0,0.0,0,0,0,0,0,0,0,0,0,0,0,0,0
2024-01-01 03:14:00,0.0,0.0,0,0,0,0,0,0,0,0,0,0,0,0,0
2024-01-01 03:15:00,0.0,0.0,0,0,0,0,0,0,0,0,0,0,0,0,0
2024-01-01 03:16:00,0.0,0.0,0,0,0,0,0,0,0,0,0,0,0,0,0
2024-01-01 03:17:00,0.0,0.0,0,0,0,0,0,0,0,0,0,0,0,0,0
2024-01-01 03:18:00,0.0,0.0,0,0,0,0,0,0,0,0,0,0,0,0,0
2024-01-01 03:19:00,0.0,0.0,0,0,0,0,0,0,0,0,0,0,0,0,0
2024-01-01 03:20:00,0.0,0.0,0,0,0,0,0,0,0,0,0,0,0,0,0
2024-01-01 03:21:00,0.0,0.0,0,0,0,0,0,0,0,0,0,0,0,0,0
2024-01-01 03:22:00,0.0,0.0,0,0,0,0,0,0,0,0,0,0,0,0,0
2024-01-01 03:23:00,0.0,0.0,0,0,0,0,0,0,0,0,0,0,0,0,0
2024-01-01 03:24:00,0.0,0.0,0,0,0,0,0,0,0,0,0,0,0,0,0
2024-01-01 03:25:00,0.0,0.0,0,0,0,0,0,0,0,0,0,0,0,0,0
2024-01-01 03:26:00,0.0,0.0,0,0,0,0,0,0,0,0,0,0,0,0,0
2024-01-01 03:27:00,0.0,0.0,0,0,0,0,0,0,0,0,0,0,0,0,0
2024-01-01 03:28:00,0.0,0.0,0,0,0,0,0,0,0,0,0,0,0,0,0
2024-01-01 03:29:00,0.0,0.0,0,0,0,0,0,0,0,0,0,0,0,0,0
2024-01-01 03:30:00,0.0,0.0,0,0,0,0,0,0,0,0,0,0,0,0,0
2024-01-01 03:31:00,0.0,0.0,0,0,0,0,0,0,0,0,0,0,0,0,0
2024-01-01 03:32:00,0.0,0.0,0,0,0,0,0,0,0,0,0,0,0,0,0
2024-01-01 03:33:00,0.0,0.0,0,0,0,0,0,0,0,0,0,0,0,0,0
2024-01-01 03:34:00,0.0,0.0,0,0,0,0,0,0,0,0,0,0,0,0,0
2024-01-01 03:35:00,0.0,0.0,0,0,0,0,0,0,0,0,0,0,0,0,0
2024-01-01 03:36:00,0.0,0.0,0,0,0,0,0,0,0,0,0,0,0,0,0
2024-01-01 03:37:00,0.0,0.0,0,0,0,0,0,0,0,0,0,0,0,0,0
2024-01-01 03:38:00,0.0,0.0,0,0,0,0,0,0,0,0,0,0,0,0,0
2024-01-01 03:39:00,0.0,0.0,0,0,0,0,0,0,0,0,0,0,0,0,0
2024-01-01 03:40:00,0.0,0.0,0,0,0,0,0,0,0,0,0,0,0,0,0
2024-01-01 03:41:00,0.0,0.0,0,0,0,0,0,0,0,0,0,0,0,0,0
2024-01-01 03:42:00,0.0,0.0,0,0,0,0,0,0,0,0,0,0,0,0,0
2024-01-01 03:43:00,0.0,0.0,0,0,0,0,0,0,0,0,0,0,0,0,0
2024-01-01 03:44:00,0.0,0.0,0,0,0,0,0,0,0,0,0,0,0,0,0
2024-01-01 03:45:00,0.0,0.0,0,0,0,0,0,0,0,0,0,0,0,0,0
2024-01-01 03:46:00,0.0,0.0,0,0,0,0,0,0,0,0,0,0,0,0,0
2024-01-01 03:47:00,0.0,0.0,0,0,0,0,0,0,0,0,0,0,0,0,0
2024-01-01 03:48:00,0.0,0.0,0,0,0,0,0,0,0,0,0,0,0,0,0
2024-01-01 03:49:00,0.0,0.0,0,0,0,0,0,0,0,0,0,0,0,0,0
2024-01-01 03:50:00,0.0,0.0,0,0,0,0,0,0,0,0,0,0,0,0,0
2024-01-01 03:51:00,0.0,0.0,0,0,0,0,0,0,0,0,0,0,0,0,0
2024-01-01 03:52:00,0.0,0.0,0,0,0,0,0,0,0,0,0,0,0,0,0
2024-01-01 03:53:00,0.0,0.0,0,0,0,0,0,0,0,0,0,0,0,0,0
2024-01-01 03:54:00,0.0,0.0,0,0,0,0,0,0,0,0,0,0,0,0,0
2024-01-01 03:55:00,0.0,0.0,0,0,0,0,0,0,0,0,0,0,0,0,0
2024-01-01 03:56:00,0.0,0.0,0,0,0,0,0,0,0,0,0,0,0,0,0
2024-01-01 03:57:00,0.0,0.0,0,0,0,0,0,0,0,0,0,0,0,0,0
2024-01-01 03:58:00,0.0,0.0,0,0,0,0,0,0,0,0,0,0,0,0,0
2024-01-01 03:59:00,0.0,0.0,0,0,0,0,0,0,0,0,0,0,0,0,0
2024-01-01 04:00:00,0.0,0.0,0,0,0,0,0,0,0,0,0,0,0,0,0
2024-01-01 04:01:00,0.0,0.0,0,0,0,0,0,0,0,0,0,0,0,0,0
2024-01-01 04:02:00,0.0,0.0,0,0,0,0,0,0,0,0,0,0,0,0,0
2024-01-01 04:03:00,0.0,0.0,0,0,0,0,0,0,0,0,0,0,0,0,0
2024-01-01 04:04:00,0.0,0.0,0,0,0,0,0,0,0,0,0,0,0,0,0
2024-01-01 04:05:00,0.0,0.0,0,0,0,0,0,0,0,0,0,0,0,0,0
2024-01-01 04:06:00,0.0,0.0,0,0,0,0,0,0,0,0,0,0,0,0,0
2024-01-01 04:07:00,0.0,0.0,0,0,0,0,0,0,0,0,0,0,0,0,0
2024-01-01 04:08:00,0.0,0.0,0,0,0,0,0,0,0,0,0,0,0,0,0
2024-01-01 04:09:00,0.0,0.0,0,0,0,0,0,0,0,0,0,0,0,0,0
2024-01-01 04:10:00,0.0,0.0,0,0,0,0,0,0,0,0,0,0,0,0,0
2024-01-01 04:11:00,0.0,0.0,0,0,0,0,0,0,0,0,0,0,0,0,0
2024-01-01 04:12:00,0.0,0.0,0,0,0,0,0,0,0,0,0,0,0,0,0
2024-01-01 04:13:00,0.0,0.0,0,0,0,0,0,0,0,0,0,0,0,0,0
2024-01-01 04:14:00,0.0,0.0,0,0,0,0,0,0,0,0,0,0,0,0,0
2024-01-01 04:15:00,0.0,0.0,0,0,0,0,0,0,0,0,0,0,0,0,0
2024-01-01 04:16:00,0.0,0.0,0,0,0,0,0,0,0,0,0,0,0,0,0
2024-01-01 04:17:00,0.0,0.0,0,0,0,0,0,0,0,0,0,0,0,0,0
2024-01-01 04:18:00,0.0,0.0,0,0,0,0,0,0,0,0,0,0,0,0,0
2024-01-01 04:19:00,0.0,0.0,0,0,0,0,0,0,0,0,0,0,0,0,0
2024-01-01 04:20:00,0.0,0.0,0,0,0,0,0,0,0,0,0,0,0,0,0
2024-01-01 04:21:00,0.0,0.0,0,0,0,0,0,0,0,0,0,0,0,0,0
2024-01-01 04:22:00,0.0,0.0,0,0,0,0,0,0,0,0,0,0,0,0,0
2024-01-01 04:23:00,0.0,0.0,0,0,0,0,0,0,0,0,0,0,0,0,0
2024-01-01 04:24:00,0.0,0.0,0,0,0,0,0,0,0,0,0,0,0,0,0
2024-01-01 04:25:00,0.0,0.0,0,0,0,0,0,0,0,0,0,0,0,0,0
2024-01-01 04:26:00,0.0,0.0,0,0,0,0,0,0,0,0,0,0,0,0,0
2024-01-01 04:27:00,0.0,0.0,0,0,0,0,0,0,0,0,0,0,0,0,0
2024-01-01 04:28:00,0.0,0.0,0,0,0,0,0,0,0,0,0,0,0,0,0
2024-01-01 04:29:00,0.0,0.0,0,0,0,0,0,0,0,0,0,0,0,0,0
2024-01-01 04:30:00,0.0,0.0,0,0,0,0,0,0,0,0,0,0,0,0,0
2024-01-01 04:31:00,0.0,0.0,0,0,0,0,0,0,0,0,0,0,0,0,0
2024-01-01 04:32:00,0.001,0.001,0,0,0,0,0,0,0,0,0,0,0,0,0
2024-01-01 04:33:00,0.001,0.001,0,0,0,0,0,0,0,0,0,0,0,0,0
2024-01-01 04:34:00,0.001,0.001,0,0,0,0,0,0,0,0,0,0,0,0,0
2024-01-01 04:35:00,0.001,0.001,0,0,0,0,0,0,0,0,0,0,0,0,0
2024-01-01 04:36:00,0.001,0.001,0,0,0,0,0,0,0,0,0,0,0,0,0
2024-01-01 04:37:00,0.001,0.001,0,0,0,0,0,0,0,0,0,0,0,0,0
2024-01-01 04:38:00,0.001,0.001,0,0,0,0,0,0,0,0,0,0,0,0,0
2024-01-01 04:39:00,0.001,0.001,0,0,0,0,0,0,0,0,0,0,0,0,0
2024-01-01 04:40:00,0.001,0.001,0,0,0,0,0,0,0,0,0,0,0,0,0
2024-01-01 04:41:00,0.001,0.001,0,0,0,0,0,0,0,0,0,0,0,0,0
2024-01-01 04:42:00,0.001,0.001,0,0,0,0,0,0,0,0,0,0,0,0,0
2024-01-01 04:43:00,0.001,0.001,0,0,0,0,0,0,0,0,0,0,0,0,0
2024-01-01 04:44:00,0.001,0.001,0,0,0,0,0,0,0,0,0,0,0,0,0
2024-01-01 04:45:00,0.001,0.001,0,0,0,0,0,0,0,0,0,0,0,0,0
2024-01-01 04:46:00,0.001,0.001,0,0,0,0,0,0,0,0,0,0,0,0,0
2024-01-01 04:47:00,0.001,0.001,0,0,0,0,0,0,0,0,0,0,0,0,0
2024-01-01 04:48:00,0.001,0.001,0,0,0,0,0,0,0,0,0,0,0,0,0
2024-01-01 04:49:00,0.001,0.001,0,0,0,0,0,0,0,0,0,0,0,0,0
2024-01-01 04:50:00,0.001,0.001,0,0,0,0,0,0,0,0,0,0,0,0,0
2024-01-01 04:51:00,0.001,0.001,0,0,0,0,0,0,0,0,0,0,0,0,0
2024-01-01 04:52:00,0.001,0.001,0,0,0,0,0,0,0,0,0,0,0,0,0
2024-01-01 04:53:00,0.001,0.001,0,0,0,0,0,0,0,0,0,0,0,0,0
2024-01-01 04:54:00,0.001,0.001,0,0,0,0,0,0,0,0,0,0,0,0,0
2024-01-01 04:55:00,0.001,0.001,0,0,0,0,0,0,0,0,0,0,0,0,0
2024-01-01 04:56:00,0.001,0.001,0,0,0,0,0,0,0,0,0,0,0,0,0
2024-01-01 04:57:00,0.001,0.001,0,0,0,0,0,0,0,0,0,0,0,0,0
2024-01-01 04:58:00,0.001,0.001,0,0,0,0,0,0,0,0,0,0,0,0,0
2024-01-01 04:59:00,0.001,0.001,0,0,0,0,0,0,0,0,0,0,0,0,0
2024-01-01 05:00:00,0.001,0.001,0,0,0,0,0,0,0,0,0,0,0,0,0
2024-01-01 05:01:00,0.002,0.002,0,0,0,0,0,0,0,0,0,0,0,0,0
2024-01-01 05:02:00,0.002,0.002,0,0,0,0,0,0,0,0,0,0,0,0,0
2024-01-01 05:03:00,0.002,0.002,0,0,0,0,0,0,0,0,0,0,0,0,0
2024-01-01 05:04:00,0.002,0.002,0,0,0,0,0,0,0,0,0,0,0,0,0
2024-01-01 05:05:00,0.002,0.002,0,0,0,0,0,0,0,0,0,0,0,0,0
2024-01-01 05:06:00,0.002,0.002,0,0,0,0,0,0,0,0,0,0,0,0,0
2024-01-01 05:07:00,0.002,0.002,0,0,0,0,0,0,0,0,0,0,0,0,0
2024-01-01 05:08:00,0.002,0.002,0,0,0,0,0,0,0,0,0,0,0,0,0
2024-01-01 05:09:00,0.002,0.002,0,0,0,0,0,0,0,0,0,0,0,0,0
2024-01-01 05:10:00,0.002,0.002,0,0,0,0,0,0,0,0,0,0,0,0,0
2024-01-01 05:11:00,0.002,0.002,0,0,0,0,0,0,0,0,0,0,0,0,0
2024-01-01 05:12:00,0.002,0.002,0,0,0,0,0,0,0,0,0,0,0,0,0
2024-01-01 05:13:00,0.002,0.002,0,0,0,0,0,0,0,0,0,0,0,0,0
2024-01-01 05:14:00,0.002,0.002,0,0,0,0,0,0,0,0,0,0,0,0,0
2024-01-01 05:15:00,0.003,0.003,0,0,0,0,0,0,0,0,0,0,0,0,0
2024-01-01 05:16:00,0.003,0.003,0,0,0,0,0,0,0,0,0,0,0,0,0
2024-01-01 05:17:00,0.003,0.003,0,0,0,0,0,0,0,0,0,0,0,0,0
2024-01-01 05:18:00,0.003,0.003,0,0,0,0,0,0,0,0,0,0,0,0,0
2024-01-01 05:19:00,0.003,0.003,0,0,0,0,0,0,0,0,0,0,0,0,0
2024-01-01 05:20:00,0.003,0.003,0,0,0,0,0,0,0,0,0,0,0,0,0
2024-01-01 05:21:00,0.003,0.003,0,0,0,0,0,0,0,0,0,0,0,0,0
2024-01-01 05:22:00,0.003,0.003,0,0,0,0,0,0,0,0,0,0,0,0,0
2024-01-01 05:23:00,0.003,0.003,0,0,0,0,0,0,0,0,0,0,0,0,0
2024-01-01 05:24:00,0.004,0.004,0,0,0,0,0,0,0,0,0,0,0,0,0
2024-01-01 05:25:00,0.004,0.004,0,0,0,0,0,0,0,0,0,0,0,0,0
2024-01-01 05:26:00,0.004,0.004,0,0,0,0,0,0,0,0,0,0,0,0,0
2024-01-01 05:27:00,0.004,0.004,0,0,0,0,0,0,0,0,0,0,0,0,0
2024-01-01 05:28:00,0.004,0.004,0,0,0,0,0,0,0,0,0,0,0,0,0
2024-01-01 05:29:00,0.004,0.004,0,0,0,0,0,0,0,0,0,0,0,0,0
2024-01-01 05:30:00,0.004,0.004,0,0,0,0,0,0,0,0,0,0,0,0,0
2024-01-01 05:31:00,0.005,0.005,0,0,0,0,0,0,0,0,0,0,0,0,0
2024-01-01 05:32:00,0.005,0.005,0,0,0,0,0,0,0,0,0,0,0,0,0
2024-01-01 05:33:00,0.005,0.005,0,0,0,0,0,0,0,0,0,0,0,0,0
2024-01-01 05:34:00,0.005,0.005,0,0,0,0,0,0,0,0,0,0,0,0,0
2024-01-01 05:35:00,0.005,0.005,0,0,0,0,0,0,0,0,0,0,0,0,0
2024-01-01 05:36:00,0.005,0.005,0,0,0,0,0,0,0,0,0,0,0,0,0
2024-01-01 05:37:00,0.006,0.006,0,0,0,0,0,0,0,0,0,0,0,0,0
2024-01-01 05:38:00,0.006,0.006,0,0,0,0,0,0,0,0,0,0,0,0,0
2024-01-01 05:39:00,0.006,0.006,0,0,0,0,0,0,0,0,0,0,0,0,0
2024-01-01 05:40:00,0.006,0.006,0,0,0,0,0,0,0,0,0,0,0,0,0
2024-01-01 05:41:00,0.007,0.007,0,0,0,0,0,0,0,0,0,0,0,0,0
2024-01-01 05:42:00,0.007,0.007,0,0,0,0,0,0,0,0,0,0,0,0,0
2024-01-01 05:43:00,0.007,0.007,0,0,0,0,0,0,0,0,0,0,0,0,0
2024-01-01 05:44:00,0.007,0.007,0,0,0,0,0,0,0,0,0,0,0,0,0
2024-01-01 05:45:00,0.007,0.007,0,0,0,0,0,0,0,0,0,0,0,0,0
2024-01-01 05:46:00,0.008,0.008,0,0,0,0,0,0,0,0,0,0,0,0,0
2024-01-01 05:47:00,0.008,0.008,0,0,0,0,0,0,0,0,0,0,0,0,0
2024-01-01 05:48:00,0.008,0.008,0,0,0,0,0,0,0,0,0,0,0,0,0
2024-01-01 05:49:00,0.009,0.009,0,0,0,0,0,0,0,0,0,0,0,0,0
2024-01-01 05:50:00,0.009,0.009,0,0,0,0,0,0,0,0,0,0,0,0,0
2024-01-01 05:51:00,0.009,0.009,0,0,0,0,0,0,0,0,0,0,0,0,0
2024-01-01 05:52:00,0.009,0.009,0,0,0,0,0,0,0,0,0,0,0,0,0
2024-01-01 05:53:00,0.01,0.01,0,0,0,0,0,0,0,0,0,0,0,0,0
2024-01-01 05:54:00,0.01,0.01,0,0,0,0,0,0,0,0,0,0,0,0,0
2024-01-01 05:55:00,0.01,0.01,0,0,0,0,0,0,0,0,0,0,0,0,0
2024-01-01 05:56:00,0.011,0.011,0,0,0,0,0,0,0,0,0,0,0,0,0
2024-01-01 05:57:00,0.011,0.011,0,0,0,0,0,0,0,0,0,0,0,0,0
2024-01-01 05:58:00,0.012,0.012,0,0,0,0,0,0,0,0,0,0,0,0,0
2024-01-01 05:59:00,0.012,0.012,0,0,0,0,0,0,0,0,0,0,0,0,0
2024-01-01 06:00:00,0.012,0.012,0,0,0,0,0,0,0,0,0,0,0,0,0
2024-01-01 06:01:00,0.013,0.013,0,0,0,0,0,0,0,0,0,0,0,0,0
2024-01-01 06:02:00,0.013,0.013,0,0,0,0,0,0,0,0,0,0,0,0,0
2024-01-01 06:03:00,0.014,0.014,0,0,0,0,0,0,0,0,0,0,0,0,0
2024-01-01 06:04:00,0.014,0.014,0,0,0,0,0,0,0,0,0,0,0,0,0
2024-01-01 06:05:00,0.015,0.015,0,0,0,0,0,0,0,0,0,0,0,0,0
2024-01-01 06:06:00,0.015,0.015,0,0,0,0,0,0,0,0,0,0,0,0,0
2024-01-01 06:07:00,0.016,0.016,0,0,0,0,0,0,0,0,0,0,0,0,0
2024-01-01 06:08:00,0.016,0.016,0,0,0,0,0,0,0,0,0,0,0,0,0
2024-01-01 06:09:00,0.017,0.017,0,0,0,0,0,0,0,0,0,0,0,0,0
2024-01-01 06:10:00,0.017,0.017,0,0,0,0,0,0,0,0,0,0,0,0,0
2024-01-01 06:11:00,0.018,0.018,0,0,0,0,0,0,0,0,0,0,0,0,0
2024-01-01 06:12:00,0.018,0.018,0,0,0,0,0,0,0,0,0,0,0,0,0
2024-01-01 06:13:00,0.019,0.019,0,0,0,0,0,0,0,0,0,0,0,0,0
2024-01-01 06:14:00,0.02,0.02,0,0,0,0,0,0,0,0,0,0,0,0,0
2024-01-01 06:15:00,0.02,0.02,0,0,0,0,0,0,0,0,0,0,0,0,0
2024-01-01 06:16:00,0.021,0.021,0,0,0,0,0,0,0,0,0,0,0,0,0
2024-01-01 06:17:00,0.022,0.022,0,0,0,0,0,0,0,0,0,0,0,0,0
2024-01-01 06:18:00,0.022,0.022,0,0,0,0,0,0,0,0,0,0,0,0,0
2024-01-01 06:19:00,0.023,0.023,0,0,0,0,0,0,0,0,0,0,0,0,0
2024-01-01 06:20:00,0.024,0.024,0,0,0,0,0,0,0,0,0,0,0,0,0
2024-01-01 06:21:00,0.025,0.025,0,0,0,0,0,0,0,0,0,0,0,0,0
2024-01-01 06:22:00,0.025,0.025,0,0,0,0,0,0,0,0,0,0,0,0,0
2024-01-01 06:23:00,0.026,0.026,0,0,0,0,0,0,0,0,0,0,0,0,0
2024-01-01 06:24:00,0.027,0.027,0,0,0,0,0,0,0,0,0,0,0,0,0
2024-01-01 06:25:00,0.028,0.028,0,0,0,0,0,0,0,0,0,0,0,0,0
2024-01-01 06:26:00,0.029,0.029,0,0,0,0,0,0,0,0,0,0,0,0,0
2024-01-01 06:27:00,0.03,0.03,0,0,0,0,0,0,0,0,0,0,0,0,0
2024-01-01 06:28:00,0.031,0.031,0,0,0,0,0,0,0,0,0,0,0,0,0
2024-01-01 06:29:00,0.032,0.032,0,0,0,0,0,0,0,0,0,0,0,0,0
2024-01-01 06:30:00,0.033,0.033,0,0,0,0,0,0,0,0,0,0,0,0,0
2024-01-01 06:31:00,0.034,0.034,0,0,0,0,0,0,0,0,0,0,0,0,0
2024-01-01 06:32:00,0.035,0.035,0,0,0,0,0,0,0,0,0,0,0,0,0
2024-01-01 06:33:00,0.036,0.036,0,0,0,0,0,0,0,0,0,0,0,0,0
2024-01-01 06:34:00,0.037,0.037,0,0,0,0,0,0,0,0,0,0,0,0,0
2024-01-01 06:35:00,0.038,0.038,0,0,0,0,0,0,0,0,0,0,0,0,0
2024-01-01 06:36:00,0.039,0.039,0,0,0,0,0,0,0,0,0,0,0,0,0
2024-01-01 06:37:00,0.041,0.041,0,0,0,0,0,0,0,0,0,0,0,0,0
2024-01-01 06:38:00,0.042,0.042,0,0,0,0,0,0,0,0,0,0,0,0,0
2024-01-01 06:39:00,0.043,0.043,0,0,0,0,0,0,0,0,0,0,0,0,0
2024-01-01 06:40:00,0.045,0.045,0,0,0,0,0,0,0,0,0,0,0,0,0
2024-01-01 06:41:00,0.046,0.046,0,0,0,0,0,0,0,0,0,0,0,0,0
2024-01-01 06:42:00,0.047,0.047,0,0,0,0,0,0,0,0,0,0,0,0,0
2024-01-01 06:43:00,0.049,0.049,0,0,0,0,0,0,0,0,0,0,0,0,0
2024-01-01 06:44:00,0.05,0.05,0,0,0,0,0,0,0,0,0,0,0,0,0
2024-01-01 06:45:00,0.052,0.052,0,0,0,0,0,0,0,0,0,0,0,0,0
2024-01-01 06:46:00,0.053,0.053,0,0,0,0,0,0,0,0,0,0,0,0,0
2024-01-01 06:47:00,0.055,0.055,0,0,0,0,0,0,0,0,0,0,0,0,0
2024-01-01 06:48:00,0.057,0.057,0,0,0,0,0,0,0,0,0,0,0,0,0
2024-01-01 06:49:00,0.058,0.058,0,0,0,0,0,0,0,0,0,0,0,0,0
2024-01-01 06:50:00,0.06,0.06,0,0,0,0,0,0,0,0,0,0,0,0,0
2024-01-01 06:51:00,0.062,0.062,0,0,0,0,0,0,0,0,0,0,0,0,0
2024-01-01 06:52:00,0.064,0.064,0,0,0,0,0,0,0,0,0,0,0,0,0
2024-01-01 06:53:00,0.066,0.066,0,0,0,0,0,0,0,0,0,0,0,0,0
2024-01-01 06:54:00,0.068,0.068,0,0,0,0,0,0,0,0,0,0,0,0,0
2024-01-01 06:55:00,0.07,0.07,0,0,0,0,0,0,0,0,0,0,0,0,0
2024-01-01 06:56:00,0.072,0.072,0,0,0,0,0,0,0,0,0,0,0,0,0
2024-01-01 06:57:00,0.074,0.074,0,0,0,0,0,0,0,0,0,0,0,0,0
2024-01-01 06:58:00,0.076,0.076,0,0,0,0,0,0,0,0,0,0,0,0,0
2024-01-01 06:59:00,0.079,0.079,0,0,0,0,0,0,0,0,0,0,0,0,0
2024-01-01 07:00:00,0.081,0.081,0,0,0,0,0,0,0,0,0,0,0,0,0
2024-01-01 07:01:00,0.083,0.083,0,0,0,0,0,0,0,0,0,0,0,0,0
2024-01-01 07:02:00,0.086,0.086,0,0,0,0,0,0,0,0,0,0,0,0,0
2024-01-01 07:03:00,0.088,0.088,0,0,0,0,0,0,0,0,0,0,0,0,0
2024-01-01 07:04:00,0.091,0.091,0,0,0,0,0,0,0,0,0,0,0,0,0
2024-01-01 07:05:00,0.094,0.094,0,0,0,0,0,0,0,0,0,0,0,0,0
2024-01-01 07:06:00,0.096,0.096,0,0,0,0,0,0,0,0,0,0,0,0,0
2024-01-01 07:07:00,0.099,0.099,0,0,0,0,0,0,0,0,0,0,0,0,0
2024-01-01 07:08:00,0.102,0.102,0,0,0,0,0,0,0,0,0,0,0,0,0
2024-01-01 07:09:00,0.105,0.105,0,0,0,0,0,0,0,0,0,0,0,0,0
2024-01-01 07:10:00,0.108,0.108,0,0,0,0,0,0,0,0,0,0,0,0,0
2024-01-01 07:11:00,0.111,0.111,0,0,0,0,0,0,0,0,0,0,0,0,0
2024-01-01 07:12:00,0.114,0.114,0,0,0,0,0,0,0,0,0,0,0,0,0
2024-01-01 07:13:00,0.118,0.118,0,0,0,0,0,0,0,0,0,0,0,0,0
2024-01-01 07:14:00,0.121,0.121,0,0,0,0,0,0,0,0,0,0,0,0,0
2024-01-01 07:15:00,0.124,0.124,0,0,0,0,0,0,0,0,0,0,0,0,0
2024-01-01 07:16:00,0.128,0.128,0,0,0,0,0,0,0,0,0,0,0,0,0
2024-01-01 07:17:00,0.132,0.132,0,0,0,0,0,0,0,0,0,0,0,0,0
2024-01-01 07:18:00,0.135,0.135,0,0,0,0,0,0,0,0,0,0,0,0,0
2024-01-01 07:19:00,0.139,0.139,0,0,0,0,0,0,0,0,0,0,0,0,0
2024-01-01 07:20:00,0.143,0.143,0,0,0,0,0,0,0,0,0,0,0,0,0
2024-01-01 07:21:00,0.147,0.147,0,0,0,0,0,0,0,0,0,0,0,0,0
2024-01-01 07:22:00,0.151,0.151,0,0,0,0,0,0,0,0,0,0,0,0,0
2024-01-01 07:23:00,0.155,0.155,0,0,0,0,0,0,0,0,0,0,0,0,0
2024-01-01 07:24:00,0.16,0.16,0,0,0,0,0,0,0,0,0,0,0,0,0
2024-01-01 07:25:00,0.164,0.164,0,0,0,0,0,0,0,0,0,0,0,0,0
2024-01-01 07:26:00,0.169,0.169,0,0,0,0,0,0,0,0,0,0,0,0,0
2024-01-01 07:27:00,0.173,0.173,0,0,0,0,0,0,0,0,0,0,0,0,0
2024-01-01 07:28:00,0.178,0.178,0,0,0,0,0,0,0,0,0,0,0,0,0
2024-01-01 07:29:00,0.183,0.183,0,0,0,0,0,0,0,0,0,0,0,0,0
2024-01-01 07:30:00,0.188,0.188,0,0,0,0,0,0,0,0,0,0,0,0,0
2024-01-01 07:31:00,0.193,0.193,0,0,0,0,0,0,0,0,0,0,0,0,0
2024-01-01 07:32:00,0.199,0.199,0,0,0,0,0,0,0,0,0,0,0,0,0
2024-01-01 07:33:00,0.204,0.204,0,0,0,0,0,0,0,0,0,0,0,0,0
2024-01-01 07:34:00,0.21,0.21,0,0,0,0,0,0,0,0,0,0,0,0,0
2024-01-01 07:35:00,0.215,0.215,0,0,0,0,0,0,0,0,0,0,0,0,0
2024-01-01 07:36:00,0.221,0.221,0,0,0,0,0,0,0,0,0,0,0,0,0
2024-01-01 07:37:00,0.227,0.227,0,0,0,0,0,0,0,0,0,0,0,0,0
2024-01-01 07:38:00,0.233,0.233,0,0,0,0,0,0,0,0,0,0,0,0,0
2024-01-01 07:39:00,0.239,0.239,0,0,0,0,0,0,0,0,0,0,0,0,0
2024-01-01 07:40:00,0.246,0.246,0,0,0,0,0,0,0,0,0,0,0,0,0
2024-01-01 07:41:00,0.252,0.252,0,0,0,0,0,0,0,0,0,0,0,0,0
2024-01-01 07:42:00,0.259,0.259,0,0,0,0,0,0,0,0,0,0,0,0,0
2024-01-01 07:43:00,0.266,0.266,0,0,0,0,0,0,0,0,0,0,0,0,0
2024-01-01 07:44:00,0.273,0.273,0,0,0,0,0,0,0,0,0,0,0,0,0
2024-01-01 07:45:00,0.28,0.28,0,0,0,0,0,0,0,0,0,0,0,0,0
2024-01-01 07:46:00,0.288,0.288,0,0,0,0,0,0,0,0,0,0,0,0,0
2024-01-01 07:47:00,0.295,0.295,0,0,0,0,0,0,0,0,0,0,0,0,0
2024-01-01 07:48:00,0.303,0.303,0,0,0,0,0,0,0,0,0,0,0,0,0
2024-01-01 07:49:00,0.311,0.311,0,0,0,0,0,0,0,0,0,0,0,0,0
2024-01-01 07:50:00,0.319,0.319,0,0,0,0,0,0,0,0,0,0,0,0,0
2024-01-01 07:51:00,0.327,0.327,0,0,0,0,0,0,0,0,0,0,0,0,0
2024-01-01 07:52:00,0.336,0.336,0,0,0,0,0,0,0,0,0,0,0,0,0
2024-01-01 07:53:00,0.344,0.344,0,0,0,0,0,0,0,0,0,0,0,0,0
2024-01-01 07:54:00,0.353,0.353,0,0,0,0,0,0,0,0,0,0,0,0,0
2024-01-01 07:55:00,0.362,0.362,0,0,0,0,0,0,0,0,0,0,0,0,0
2024-01-01 07:56:00,0.372,0.372,0,0,0,0,0,0,0,0,0,0,0,0,0
2024-01-01 07:57:00,0.381,0.381,0,0,0,0,0,0,0,0,0,0,0,0,0
2024-01-01 07:58:00,0.391,0.391,0,0,0,0,0,0,0,0,0,0,0,0,0
2024-01-01 07:59:00,0.401,0.401,0,0,0,0,0,0,0,0,0,0,0,0,0
2024-01-01 08:00:00,0.411,0.411,0,0,0,0,0,0,0,0,0,0,0,0,0
2024-01-01 08:01:00,0.421,0.421,0,0,0,0,0,0,0,0,0,0,0,0,0
2024-01-01 08:02:00,0.432,0.432,0,0,0,0,0,0,0,0,0,0,0,0,0
2024-01-01 08:03:00,0.443,0.443,0,0,0,0,0,0,0,0,0,0,0,0,0
2024-01-01 08:04:00,0.454,0.454,0,0,0,0,0,0,0,0,0,0,0,0,0
2024-01-01 08:05:00,0.465,0.465,0,0,0,0,0,0,0,0,0,0,0,0,0
2024-01-01 08:06:00,0.477,0.477,0,0,0,0,0,0,0,0,0,0,0,0,0
2024-01-01 08:07:00,0.489,0.489,0,0,0,0,0,0,0,0,0,0,0,0,0
2024-01-01 08:08:00,0.501,0.501,0,0,0,0,0,0,0,0,0,0,0,0,0
2024-01-01 08:09:00,0.513,0.513,0,0,0,0,0,0,0,0,0,0,0,0,0
2024-01-01 08:10:00,0.526,0.526,0,0,0,0,0,0,0,0,0,0,0,0,0
2024-01-01 08:11:00,0.539,0.539,0,0,0,0,0,0,0,0,0,0,0,0,0
2024-01-01 08:12:00,0.552,0.552,0,0,0,0,0,0,0,0,0,0,0,0,0
2024-01-01 08:13:00,0.566,0.566,0,0,0,0,0,0,0,0,0,0,0,0,0
2024-01-01 08:14:00,0.579,0.579,0,0,0,0,0,0,0,0,0,0,0,0,0
2024-01-01 08:15:00,0.593,0.593,0,0,0,0,0,0,0,0,0,0,0,0,0
2024-01-01 08:16:00,0.608,0.608,0,0,0,0,0,0,0,0,0,0,0,0,0
2024-01-01 08:17:00,0.622,0.622,0,0,0,0,0,0,0,0,0,0,0,0,0
2024-01-01 08:18:00,0.637,0.637,0,0,0,0,0,0,0,0,0,0,0,0,0
2024-01-01 08:19:00,0.653,0.653,0,0,0,0,0,0,0,0,0,0,0,0,0
2024-01-01 08:20:00,0.668,0.668,0,0,0,0,0,0,0,0,0,0,0,0,0
2024-01-01 08:21:00,0.684,0.684,0,0,0,0,0,0,0,0,0,0,0,0,0
2024-01-01 08:22:00,0.701,0.701,0,0,0,0,0,0,0,0,0,0,0,0,0
2024-01-01 08:23:00,0.717,0.717,0,0,0,0,0,0,0,0,0,0,0,0,0
2024-01-01 08:24:00,0.734,0.734,0,0,0,0,0,0,0,0,0,0,0,0,0
2024-01-01 08:25:00,0.751,0.751,0,0,0,0,0,0,0,0,0,0,0,0,0
2024-01-01 08:26:00,0.769,0.769,0,0,0,0,0,0,0,0,0,0,0,0,0
2024-01-01 08:27:00,0.787,0.787,0,0,0,0,0,0,0,0,0,0,0,0,0
2024-01-01 08:28:00,0.805,0.805,0,0,0,0,0,0,0,0,0,0,0,0,0
2024-01-01 08:29:00,0.824,0.824,0,0,0,0,0,0,0,0,0,0,0,0,0
2024-01-01 08:30:00,0.843,0.843,0,0,0,0,0,0,0,0,0,0,0,0,0
2024-01-01 08:31:00,0.863,0.863,0,0,0,0,0,0,0,0,0,0,0,0,0
2024-01-01 08:32:00,0.883,0.883,0,0,0,0,0,0,0,0,0,0,0,0,0
2024-01-01 08:33:00,0.903,0.903,0,0,0,0,0,0,0,0,0,0,0,0,0
2024-01-01 08:34:00,0.924,0.924,0,0,0,0,0,0,0,0,0,0,0,0,0
2024-01-01 08:35:00,0.945,0.945,0,0,0,0,0,0,0,0,0,0,0,0,0
2024-01-01 08:36:00,0.966,0.966,0,0,0,0,0,0,0,0,0,0,0,0,0
2024-01-01 08:37:00,0.988,0.988,0,0,0,0,0,0,0,0,0,0,0,0,0
2024-01-01 08:38:00,1.011,1.011,0,0,0,0,0,0,0,0,0,0,0,0,0
2024-01-01 08:39:00,1.034,1.034,0,0,0,0,0,0,0,0,0,0,0,0,0
2024-01-01 08:40:00,1.057,1.057,0,0,0,0,0,0,0,0,0,0,0,0,0
2024-01-01 08:41:00,1.081,1.081,0,0,0,0,0,0,0,0,0,0,0,0,0
2024-01-01 08:42:00,1.105,1.105,0,0,0,0,0,0,0,0,0,0,0,0,0
2024-01-01 08:43:00,1.129,1.129,0,0,0,0,0,0,0,0,0,0,0,0,0
2024-01-01 08:44:00,1.155,1.155,0,0,0,0,0,0,0,0,0,0,0,0,0
2024-01-01 08:45:00,1.18,1.18,0,0,0,0,0,0,0,0,0,0,0,0,0
2024-01-01 08:46:00,1.206,1.206,0,0,0,0,0,0,0,0,0,0,0,0,0
2024-01-01 08:47:00,1.233,1.233,0,0,0,0,0,0,0,0,0,0,0,0,0
2024-01-01 08:48:00,1.26,1.26,0,0,0,0,0,0,0,0,0,0,0,0,0
2024-01-01 08:49:00,1.287,1.287,0,0,0,0,0,0,0,0,0,0,0,0,0
2024-01-01 08:50:00,1.315,1.315,0,0,0,0,0,0,0,0,0,0,0,0,0
2024-01-01 08:51:00,1.344,1.344,0,0,0,0,0,0,0,0,0,0,0,0,0
2024-01-01 08:52:00,1.373,1.373,0,0,0,0,0,0,0,0,0,0,0,0,0
2024-01-01 08:53:00,1.403,1.403,0,0,0,0,0,0,0,0,0,0,0,0,0
2024-01-01 08:54:00,1.433,1.433,0,0,0,0,0,0,0,0,0,0,0,0,0
2024-01-01 08:55:00,1.464,1.464,0,0,0,0,0,0,0,0,0,0,0,0,0
2024-01-01 08:56:00,1.495,1.495,0,0,0,0,0,0,0,0,0,0,0,0,0
2024-01-01 08:57:00,1.527,1.527,0,0,0,0,0,0,0,0,0,0,0,0,0
2024-01-01 08:58:00,1.559,1.559,0,0,0,0,0,0,0,0,0,0,0,0,0
2024-01-01 08:59:00,1.592,1.592,0,0,0,0,0,0,0,0,0,0,0,0,0
2024-01-01 09:00:00,1.626,1.626,0,0,0,0,0,0,0,0,0,0,0,0,0
2024-01-01 09:01:00,1.66,1.66,0,0,0,0,0,0,0,0,0,0,0,0,0
2024-01-01 09:02:00,1.695,1.695,0,0,0,0,0,0,0,0,0,0,0,0,0
2024-01-01 09:03:00,1.73,1.73,0,0,0,0,0,0,0,0,0,0,0,0,0
2024-01-01 09:04:00,1.766,1.766,0,0,0,0,0,0,0,0,0,0,0,0,0
2024-01-01 09:05:00,1.803,1.803,0,0,0,0,0,0,0,0,0,0,0,0,0
2024-01-01 09:06:00,1.84,1.84,0,0,0,0,0,0,0,0,0,0,0,0,0
2024-01-01 09:07:00,1.878,1.878,0,0,0,0,0,0,0,0,0,0,0,0,0
2024-01-01 09:08:00,1.916,1.916,0,0,0,0,0,0,0,0,0,0,0,0,0
2024-01-01 09:09:00,1.955,1.955,0,0,0,0,0,0,0,0,0,0,0,0,0
2024-01-01 09:10:00,1.995,1.995,0,0,0,0,0,0,0,0,0,0,0,0,0
2024-01-01 09:11:00,2.036,2.036,0,0,0,0,0,0,0,0,0,0,0,0,0
2024-01-01 09:12:00,2.077,2.077,0,0,0,0,0,0,0,0,0,0,0,0,0
2024-01-01 09:13:00,2.119,2.119,0,0,0,0,0,0,0,0,0,0,0,0,0
2024-01-01 09:14:00,2.161,2.161,0,0,0,0,0,0,0,0,0,0,0,0,0
2024-01-01 09:15:00,2.205,2.205,0,0,0,0,0,0,0,0,0,0,0,0,0
2024-01-01 09:16:00,2.249,2.249,0,0,0,0,0,0,0,0,0,0,0,0,0
2024-01-01 09:17:00,2.293,2.293,0,0,0,0,0,0,0,0,0,0,0,0,0
2024-01-01 09:18:00,2.339,2.339,0,0,0,0,0,0,0,0,0,0,0,0,0
2024-01-01 09:19:00,2.385,2.385,0,0,0,0,0,0,0,0,0,0,0,0,0
2024-01-01 09:20:00,2.432,2.432,0,0,0,0,0,0,0,0,0,0,0,0,0
2024-01-01 09:21:00,2.48,2.48,0,0,0,0,0,0,0,0,0,0,0,0,0
2024-01-01 09:22:00,2.528,2.528,0,0,0,0,0,0,0,0,0,0,0,0,0
2024-01-01 09:23:00,2.577,2.577,0,0,0,0,0,0,0,0,0,0,0,0,0
2024-01-01 09:24:00,2.627,2.627,0,0,0,0,0,0,0,0,0,0,0,0,0
2024-01-01 09:25:00,2.678,2.678,0,0,0,0,0,0,0,0,0,0,0,0,0
2024-01-01 09:26:00,2.729,2.729,0,0,0,0,0,0,0,0,0,0,0,0,0
2024-01-01 09:27:00,2.782,2.782,0,0,0,0,0,0,0,0,0,0,0,0,0
2024-01-01 09:28:00,2.835,2.835,0,0,0,0,0,0,0,0,0,0,0,0,0
2024-01-01 09:29:00,2.889,2.889,0,0,0,0,0,0,0,0,0,0,0,0,0
2024-01-01 09:30:00,2.944,2.944,0,0,0,0,0,0,0,0,0,0,0,0,0
2024-01-01 09:31:00,2.999,2.999,0,0,0,0,0,0,0,0,0,0,0,0,0
2024-01-01 09:32:00,3.056,3.056,0,0,0,0,0,0,0,0,0,0,0,0,0
2024-01-01 09:33:00,3.113,3.113,0,0,0,0,0,0,0,0,0,0,0,0,0
2024-01-01 09:34:00,3.171,3.171,0,0,0,0,0,0,0,0,0,0,0,0,0
2024-01-01 09:35:00,3.23,3.23,0,0,0,0,0,0,0,0,0,0,0,0,0
2024-01-01 09:36:00,3.29,3.29,0,0,0,0,0,0,0,0,0,0,0,0,0
2024-01-01 09:37:00,3.351,3.351,0,0,0,0,0,0,0,0,0,0,0,0,0
2024-01-01 09:38:00,3.413,3.413,0,0,0,0,0,0,0,0,0,0,0,0,0
2024-01-01 09:39:00,3.475,3.475,0,0,0,0,0,0,0,0,0,0,0,0,0
2024-01-01 09:40:00,3.538,3.538,0,0,0,0,0,0,0,0,0,0,0,0,0
2024-01-01 09:41:00,3.603,3.603,0,0,0,0,0,0,0,0,0,0,0,0,0
2024-01-01 09:42:00,3.668,3.668,0,0,0,0,0,0,0,0,0,0,0,0,0
2024-01-01 09:43:00,3.734,3.734,0,0,0,0,0,0,0,0,0,0,0,0,0
2024-01-01 09:44:00,3.801,3.801,0,0,0,0,0,0,0,0,0,0,0,0,0
2024-01-01 09:45:00,3.869,3.869,0,0,0,0,0,0,0,0,0,0,0,0,0
2024-01-01 09:46:00,3.938,3.938,0,0,0,0,0,0,0,0,0,0,0,0,0
2024-01-01 09:47:00,4.008,4.008,0,0,0,0,0,0,0,0,0,0,0,0,0
2024-01-01 09:48:00,4.079,4.079,0,0,0,0,0,0,0,0,0,0,0,0,0
2024-01-01 09:49:00,4.151,4.151,0,0,0,0,0,0,0,0,0,0,0,0,0
2024-01-01 09:50:00,4.224,4.224,0,0,0,0,0,0,0,0,0,0,0,0,0
2024-01-01 09:51:00,4.298,4.298,0,0,0,0,0,0,0,0,0,0,0,0,0
2024-01-01 09:52:00,4.373,4.373,0,0,0,0,0,0,0,0,0,0,0,0,0
2024-01-01 09:53:00,4.448,4.448,0,0,0,0,0,0,0,0,0,0,0,0,0
2024-01-01 09:54:00,4.525,4.525,0,0,0,0,0,0,0,0,0,0,0,0,0
2024-01-01 09:55:00,4.603,4.603,0,0,0,0,0,0,0,0,0,0,0,0,0
2024-01-01 09:56:00,4.682,4.682,0,0,0,0,0,0,0,0,0,0,0,0,0
2024-01-01 09:57:00,4.762,4.762,0,0,0,0,0,0,0,0,0,0,0,0,0
2024-01-01 09:58:00,4.843,4.843,0,0,0,0,0,0,0,0,0,0,0,0,0
2024-01-01 09:59:00,4.924,4.924,0,0,0,0,0,0,0,0,0,0,0,0,0
2024-01-01 10:00:00,5.007,5.007,0,0,0,0,0,0,0,0,0,0,0,0,0
2024-01-01 10:01:00,5.091,5.091,0,0,0,0,0,0,0,0,0,0,0,0,0
2024-01-01 10:02:00,5.176,5.176,0,0,0,0,0,0,0,0,0,0,0,0,0
2024-01-01 10:03:00,5.262,5.262,0,0,0,0,0,0,0,0,0,0,0,0,0
2024-01-01 10:04:00,5.35,5.35,0,0,0,0,0,0,0,0,0,0,0,0,0
2024-01-01 10:05:00,5.438,5.438,0,0,0,0,0,0,0,0,0,0,0,0,0
2024-01-01 10:06:00,5.527,5.527,0,0,0,0,0,0,0,0,0,0,0,0,0
2024-01-01 10:07:00,5.617,5.617,0,0,0,0,0,0,0,0,0,0,0,0,0
2024-01-01 10:08:00,5.709,5.709,0,0,0,0,0,0,0,0,0,0,0,0,0
2024-01-01 10:09:00,5.801,5.801,0,0,0,0,0,0,0,0,0,0,0,0,0
2024-01-01 10:10:00,5.895,5.895,0,0,0,0,0,0,0,0,0,0,0,0,0
2024-01-01 10:11:00,5.99,5.99,0,0,0,0,0,0,0,0,0,0,0,0,0
2024-01-01 10:12:00,6.086,6.086,0,0,0,0,0,0,0,0,0,0,0,0,0
2024-01-01 10:13:00,6.182,6.182,0,0,0,0,0,0,0,0,0,0,0,0,0
2024-01-01 10:14:00,6.28,6.28,0,0,0,0,0,0,0,0,0,0,0,0,0
2024-01-01 10:15:00,6.38,6.38,0,0,0,0,0,0,0,0,0,0,0,0,0
2024-01-01 10:16:00,6.48,6.48,0,0,0,0,0,0,0,0,0,0,0,0,0
2024-01-01 10:17:00,6.581,6.581,0,0,0,0,0,0,0,0,0,0,0,0,0
2024-01-01 10:18:00,6.684,6.684,0,0,0,0,0,0,0,0,0,0,0,0,0
2024-01-01 10:19:00,6.787,6.787,0,0,0,0,0,0,0,0,0,0,0,0,0
2024-01-01 10:20:00,6.892,6.892,0,0,0,0,0,0,0,0,0,0,0,0,0
2024-01-01 10:21:00,6.998,6.998,0,0,0,0,0,0,0,0,0,0,0,0,0
2024-01-01 10:22:00,7.105,7.105,0,0,0,0,0,0,0,0,0,0,0,0,0
2024-01-01 10:23:00,7.213,7.213,0,0,0,0,0,0,0,0,0,0,0,0,0
2024-01-01 10:24:00,7.322,7.322,0,0,0,0,0,0,0,0,0,0,0,0,0
2024-01-01 10:25:00,7.433,7.433,0,0,0,0,0,0,0,0,0,0,0,0,0
2024-01-01 10:26:00,7.544,7.544,0,0,0,0,0,0,0,0,0,0,0,0,0
2024-01-01 10:27:00,7.657,7.657,0,0,0,0,0,0,0,0,0,0,0,0,0
2024-01-01 10:28:00,7.771,7.771,0,0,0,0,0,0,0,0,0,0,0,0,0
2024-01-01 10:29:00,7.886,7.886,0,0,0,0,0,0,0,0,0,0,0,0,0
2024-01-01 10:30:00,8.002,8.002,0,0,0,0,0,0,0,0,0,0,0,0,0
2024-01-01 10:31:00,8.119,8.119,0,0,0,0,0,0,0,0,0,0,0,0,0
2024-01-01 10:32:00,8.237,8.237,0,0,0,0,0,0,0,0,0,0,0,0,0
2024-01-01 10:33:00,8.357,8.357,0,0,0,0,0,0,0,0,0,0,0,0,0
2024-01-01 10:34:00,8.478,8.478,0,0,0,0,0,0,0,0,0,0,0,0,0
2024-01-01 10:35:00,8.6,8.6,0,0,0,0,0,0,0,0,0,0,0,0,0
2024-01-01 10:36:00,8.723,8.723,0,0,0,0,0,0,0,0,0,0,0,0,0
2024-01-01 10:37:00,8.847,8.847,0,0,0,0,0,0,0,0,0,0,0,0,0
2024-01-01 10:38:00,8.972,8.972,0,0,0,0,0,0,0,0,0,0,0,0,0
2024-01-01 10:39:00,9.098,9.098,0,0,0,0,0,0,0,0,0,0,0,0,0
2024-01-01 10:40:00,9.226,9.226,0,0,0,0,0,0,0,0,0,0,0,0,0
2024-01-01 10:41:00,9.355,9.355,0,0,0,0,0,0,0,0,0,0,0,0,0
2024-01-01 10:42:00,9.485,9.485,0,0,0,0,0,0,0,0,0,0,0,0,0
2024-01-01 10:43:00,9.616,9.616,0,0,0,0,0,0,0,0,0,0,0,0,0
2024-01-01 10:44:00,9.748,9.748,0,0,0,0,0,0,0,0,0,0,0,0,0
2024-01-01 10:45:00,9.881,9.881,0,0,0,0,0,0,0,0,0,0,0,0,0
2024-01-01 10:46:00,10.015,10.015,0,0,0,0,0,0,0,0,0,0,0,0,0
2024-01-01 10:47:00,10.151,10.151,0,0,0,0,0,0,0,0,0,0,0,0,0
2024-01-01 10:48:00,10.287,10.287,0,0,0,0,0,0,0,0,0,0,0,0,0
2024-01-01 10:49:00,10.425,10.425,0,0,0,0,0,0,0,0,0,0,0,0,0
2024-01-01 10:50:00,10.564,10.564,0,0,0,0,0,0,0,0,0,0,0,0,0
2024-01-01 10:51:00,10.704,10.704,0,0,0,0,0,0,0,0,0,0,0,0,0
2024-01-01 10:52:00,10.845,10.845,0,0,0,0,0,0,0,0,0,0,0,0,0
2024-01-01 10:53:00,10.987,10.987,0,0,0,0,0,0,0,0,0,0,0,0,0
2024-01-01 10:54:00,11.13,11.13,0,0,0,0,0,0,0,0,0,0,0,0,0
2024-01-01 10:55:00,11.275,11.275,0,0,0,0,0,0,0,0,0,0,0,0,0
2024-01-01 10:56:00,11.42,11.42,0,0,0,0,0,0,0,0,0,0,0,0,0
2024-01-01 10:57:00,11.566,11.566,0,0,0,0,0,0,0,0,0,0,0,0,0
2024-01-01 10:58:00,11.714,11.714,0,0,0,0,0,0,0,0,0,0,0,0,0
2024-01-01 10:59:00,11.863,11.863,0,0,0,0,0,0,0,0,0,0,0,0,0
2024-01-01 11:00:00,12.012,12.012,0,0,0,0,0,0,0,0,0,0,0,0,0
2024-01-01 11:01:00,12.163,12.163,0,0,0,0,0,0,0,0,0,0,0,0,0
2024-01-01 11:02:00,12.315,12.315,0,0,0,0,0,0,0,0,0,0,0,0,0
2024-01-01 11:03:00,12.467,12.467,0,0,0,0,0,0,0,0,0,0,0,0,0
2024-01-01 11:04:00,12.621,12.621,0,0,0,0,0,0,0,0,0,0,0,0,0
2024-01-01 11:05:00,12.776,12.776,0,0,0,0,0,0,0,0,0,0,0,0,0
2024-01-01 11:06:00,12.932,12.932,0,0,0,0,0,0,0,0,0,0,0,0,0
2024-01-01 11:07:00,13.088,13.088,0,0,0,0,0,0,0,0,0,0,0,0,0
2024-01-01 11:08:00,13.246,13.246,0,0,0,0,0,0,0,0,0,0,0,0,0
2024-01-01 11:09:00,13.405,13.405,0,0,0,0,0,0,0,0,0,0,0,0,0
2024-01-01 11:10:00,13.564,13.564,0,0,0,0,0,0,0,0,0,0,0,0,0
2024-01-01 11:11:00,13.725,13.725,0,0,0,0,0,0,0,0,0,0,0,0,0
2024-01-01 11:12:00,13.887,13.887,0,0,0,0,0,0,0,0,0,0,0,0,0
2024-01-01 11:13:00,14.049,14.049,0,0,0,0,0,0,0,0,0,0,0,0,0
2024-01-01 11:14:00,14.212,14.212,0,0,0,0,0,0,0,0,0,0,0,0,0
2024-01-01 11:15:00,14.377,14.377,0,0,0,0,0,0,0,0,0,0,0,0,0
2024-01-01 11:16:00,14.542,14.542,0,0,0,0,0,0,0,0,0,0,0,0,0
2024-01-01 11:17:00,14.708,14.708,0,0,0,0,0,0,0,0,0,0,0,0,0
2024-01-01 11:18:00,14.875,14.875,0,0,0,0,0,0,0,0,0,0,0,0,0
2024-01-01 11:19:00,15.043,15.043,0,0,0,0,0,0,0,0,0,0,0,0,0
2024-01-01 11:20:00,15.211,15.211,0,0,0,0,0,0,0,0,0,0,0,0,0
2024-01-01 11:21:00,15.381,15.381,0,0,0,0,0,0,0,0,0,0,0,0,0
2024-01-01 11:22:00,15.551,15.551,0,0,0,0,0,0,0,0,0,0,0,0,0
2024-01-01 11:23:00,15.722,15.722,0,0,0,0,0,0,0,0,0,0,0,0,0
2024-01-01 11:24:00,15.894,15.894,0,0,0,0,0,0,0,0,0,0,0,0,0
2024-01-01 11:25:00,16.066,16.066,0,0,0,0,0,0,0,0,0,0,0,0,0
2024-01-01 11:26:00,16.239,16.239,0,0,0,0,0,0,0,0,0,0,0,0,0
2024-01-01 11:27:00,16.414,16.414,0,0,0,0,0,0,0,0,0,0,0,0,0
2024-01-01 11:28:00,16.588,16.588,0,0,0,0,0,0,0,0,0,0,0,0,0
2024-01-01 11:29:00,16.764,16.764,0,0,0,0,0,0,0,0,0,0,0,0,0
2024-01-01 11:30:00,16.94,16.94,0,0,0,0,0,0,0,0,0,0,0,0,0
2024-01-01 11:31:00,17.117,17.117,0,0,0,0,0,0,0,0,0,0,0,0,0
2024-01-01 11:32:00,17.294,17.294,0,0,0,0,0,0,0,0,0,0,0,0,0
2024-01-01 11:33:00,17.472,17.472,0,0,0,0,0,0,0,0,0,0,0,0,0
2024-01-01 11:34:00,17.651,17.651,0,0,0,0,0,0,0,0,0,0,0,0,0
2024-01-01 11:35:00,17.83,17.83,0,0,0,0,0,0,0,0,0,0,0,0,0
2024-01-01 11:36:00,18.01,18.01,0,0,0,0,0,0,0,0,0,0,0,0,0
2024-01-01 11:37:00,18.19,18.19,0,0,0,0,0,0,0,0,0,0,0,0,0
2024-01-01 11:38:00,18.371,18.371,0,0,0,0,0,0,0,0,0,0,0,0,0
2024-01-01 11:39:00,18.553,18.553,0,0,0,0,0,0,0,0,0,0,0,0,0
2024-01-01 11:40:00,18.734,18.734,0,0,0,0,0,0,0,0,0,0,0,0,0
2024-01-01 11:41:00,18.917,18.917,0,0,0,0,0,0,0,0,0,0,0,0,0
2024-01-01 11:42:00,19.1,19.1,0,0,0,0,0,0,0,0,0,0,0,0,0
2024-01-01 11:43:00,19.283,19.283,0,0,0,0,0,0,0,0,0,0,0,0,0
2024-01-01 11:44:00,19.467,19.467,0,0,0,0,0,0,0,0,0,0,0,0,0
2024-01-01 11:45:00,19.651,19.651,0,0,0,0,0,0,0,0,0,0,0,0,0
2024-01-01 11:46:00,19.835,19.835,0,0,0,0,0,0,0,0,0,0,0,0,0
2024-01-01 11:47:00,20.02,20.02,0,0,0,0,0,0,0,0,0,0,0,0,0
2024-01-01 11:48:00,20.205,20.205,0,0,0,0,0,0,0,0,0,0,0,0,0
2024-01-01 11:49:00,20.39,20.39,0,0,0,0,0,0,0,0,0,0,0,0,0
2024-01-01 11:50:00,20.576,20.576,0,0,0,0,0,0,0,0,0,0,0,0,0
2024-01-01 11:51:00,20.762,20.762,0,0,0,0,0,0,0,0,0,0,0,0,0
2024-01-01 11:52:00,20.948,20.948,0,0,0,0,0,0,0,0,0,0,0,0,0
2024-01-01 11:53:00,21.134,21.134,0,0,0,0,0,0,0,0,0,0,0,0,0
2024-01-01 11:54:00,21.32,21.32,0,0,0,0,0,0,0,0,0,0,0,0,0
2024-01-01 11:55:00,21.507,21.507,0,0,0,0,0,0,0,0,0,0,0,0,0
2024-01-01 11:56:00,21.694,21.694,0,0,0,0,0,0,0,0,0,0,0,0,0
2024-01-01 11:57:00,21.881,21.881,0,0,0,0,0,0,0,0,0,0,0,0,0
2024-01-01 11:58:00,22.068,22.068,0,0,0,0,0,0,0,0,0,0,0,0,0
2024-01-01 11:59:00,22.255,22.255,0,0,0,0,0,0,0,0,0,0,0,0,0
2024-01-01 12:00:00,22.442,22.442,0,0,0,0,0,0,0,0,0,0,0,0,0
2024-01-01 12:01:00,22.629,22.629,0,0,0,0,0,0,0,0,0,0,0,0,0
2024-01-01 12:02:00,22.816,22.816,0,0,0,0,0,0,0,0,0,0,0,0,0
2024-01-01 12:03:00,23.003,23.003,0,0,0,0,0,0,0,0,0,0,0,0,0
2024-01-01 12:04:00,23.189,23.189,0,0,0,0,0,0,0,0,0,0,0,0,0
2024-01-01 12:05:00,23.376,23.376,0,0,0,0,0,0,0,0,0,0,0,0,0
2024-01-01 12:06:00,23.563,23.563,0,0,0,0,0,0,0,0,0,0,0,0,0
2024-01-01 12:07:00,23.749,23.749,0,0,0,0,0,0,0,0,0,0,0,0,0
2024-01-01 12:08:00,23.935,23.935,0,0,0,0,0,0,0,0,0,0,0,0,0
2024-01-01 12:09:00,24.122,24.122,0,0,0,0,0,0,0,0,0,0,0,0,0
2024-01-01 12:10:00,24.307,24.307,0,0,0,0,0,0,0,0,0,0,0,0,0
2024-01-01 12:11:00,24.493,24.493,0,0,0,0,0,0,0,0,0,0,0,0,0
2024-01-01 12:12:00,24.678,24.678,0,0,0,0,0,0,0,0,0,0,0,0,0
2024-01-01 12:13:00,24.863,24.863,0,0,0,0,0,0,0,0,0,0,0,0,0
2024-01-01 12:14:00,25.048,25.048,0,0,0,0,0,0,0,0,0,0,0,0,0
2024-01-01 12:15:00,25.232,25.232,0,0,0,0,0,0,0,0,0,0,0,0,0
2024-01-01 12:16:00,25.416,25.416,0,0,0,0,0,0,0,0,0,0,0,0,0
2024-01-01 12:17:00,25.599,25.599,0,0,0,0,0,0,0,0,0,0,0,0,0
2024-01-01 12:18:00,25.782,25.782,0,0,0,0,0,0,0,0,0,0,0,0,0
2024-01-01 12:19:00,25.964,25.964,0,0,0,0,0,0,0,0,0,0,0,0,0
2024-01-01 12:20:00,26.146,26.146,0,0,0,0,0,0,0,0,0,0,0,0,0
2024-01-01 12:21:00,26.327,26.327,0,0,0,0,0,0,0,0,0,0,0,0,0
2024-01-01 12:22:00,26.508,26.508,0,0,0,0,0,0,0,0,0,0,0,0,0
2024-01-01 12:23:00,26.688,26.688,0,0,0,0,0,0,0,0,0,0,0,0,0
2024-01-01 12:24:00,26.868,26.868,0,0,0,0,0,0,0,0,0,0,0,0,0
2024-01-01 12:25:00,27.046,27.046,0,0,0,0,0,0,0,0,0,0,0,0,0
2024-01-01 12:26:00,27.224,27.224,0,0,0,0,0,0,0,0,0,0,0,0,0
2024-01-01 12:27:00,27.402,27.402,0,0,0,0,0,0,0,0,0,0,0,0,0
2024-01-01 12:28:00,27.578,27.578,0,0,0,0,0,0,0,0,0,0,0,0,0
2024-01-01 12:29:00,27.754,27.754,0,0,0,0,0,0,0,0,0,0,0,0,0
2024-01-01 12:30:00,27.929,27.929,0,0,0,0,0,0,0,0,0,0,0,0,0
2024-01-01 12:31:00,28.103,28.103,0,0,0,0,0,0,0,0,0,0,0,0,0
2024-01-01 12:32:00,28.276,28.276,0,0,0,0,0,0,0,0,0,0,0,0,0
2024-01-01 12:33:00,28.449,28.449,0,0,0,0,0,0,0,0,0,0,0,0,0
2024-01-01 12:34:00,28.62,28.62,0,0,0,0,0,0,0,0,0,0,0,0,0
2024-01-01 12:35:00,28.791,28.791,0,0,0,0,0,0,0,0,0,0,0,0,0
2024-01-01 12:36:00,28.96,28.96,0,0,0,0,0,0,0,0,0,0,0,0,0
2024-01-01 12:37:00,29.128,29.128,0,0,0,0,0,0,0,0,0,0,0,0,0
2024-01-01 12:38:00,29.296,29.296,0,0,0,0,0,0,0,0,0,0,0,0,0
2024-01-01 12:39:00,29.462,29.462,0,0,0,0,0,0,0,0,0,0,0,0,0
2024-01-01 12:40:00,29.627,29.627,0,0,0,0,0,0,0,0,0,0,0,0,0
2024-01-01 12:41:00,29.791,29.791,0,0,0,0,0,0,0,0,0,0,0,0,0
2024-01-01 12:42:00,29.954,29.954,0,0,0,0,0,0,0,0,0,0,0,0,0
2024-01-01 12:43:00,30.116,30.116,0,0,0,0,0,0,0,0,0,0,0,0,0
2024-01-01 12:44:00,30.276,30.276,0,0,0,0,0,0,0,0,0,0,0,0,0
2024-01-01 12:45:00,30.435,30.435,0,0,0,0,0,0,0,0,0,0,0,0,0
2024-01-01 12:46:00,30.593,30.593,0,0,0,0,0,0,0,0,0,0,0,0,0
2024-01-01 12:47:00,30.75,30.75,0,0,0,0,0,0,0,0,0,0,0,0,0
2024-01-01 12:48:00,30.905,30.905,0,0,0,0,0,0,0,0,0,0,0,0,0
2024-01-01 12:49:00,31.059,31.059,0,0,0,0,0,0,0,0,0,0,0,0,0
2024-01-01 12:50:00,31.211,31.211,0,0,0,0,0,0,0,0,0,0,0,0,0
2024-01-01 12:51:00,31.362,31.362,0,0,0,0,0,0,0,0,0,0,0,0,0
2024-01-01 12:52:00,31.512,31.512,0,0,0,0,0,0,0,0,0,0,0,0,0
2024-01-01 12:53:00,31.66,31.66,0,0,0,0,0,0,0,0,0,0,0,0,0
2024-01-01 12:54:00,31.806,31.806,0,0,0,0,0,0,0,0,0,0,0,0,0
2024-01-01 12:55:00,31.951,31.951,0,0,0,0,0,0,0,0,0,0,0,0,0
2024-01-01 12:56:00,32.095,32.095,0,0,0,0,0,0,0,0,0,0,0,0,0
2024-01-01 12:57:00,32.237,32.237,0,0,0,0,0,0,0,0,0,0,0,0,0
2024-01-01 12:58:00,32.377,32.377,0,0,0,0,0,0,0,0,0,0,0,0,0
2024-01-01 12:59:00,32.515,32.515,0,0,0,0,0,0,0,0,0,0,0,0,0
2024-01-01 13:00:00,32.652,32.652,0,0,0,0,0,0,0,0,0,0,0,0,0
2024-01-01 13:01:00,32.788,32.788,0,0,0,0,0,0,0,0,0,0,0,0,0
2024-01-01 13:02:00,32.921,32.921,0,0,0,0,0,0,0,0,0,0,0,0,0
2024-01-01 13:03:00,33.053,33.053,0,0,0,0,0,0,0,0,0,0,0,0,0
2024-01-01 13:04:00,33.183,33.183,0,0,0,0,0,0,0,0,0,0,0,0,0
2024-01-01 13:05:00,33.311,33.311,0,0,0,0,0,0,0,0,0,0,0,0,0
2024-01-01 13:06:00,33.437,33.437,0,0,0,0,0,0,0,0,0,0,0,0,0
2024-01-01 13:07:00,33.562,33.562,0,0,0,0,0,0,0,0,0,0,0,0,0
2024-01-01 13:08:00,33.684,33.684,0,0,0,0,0,0,0,0,0,0,0,0,0
2024-01-01 13:09:00,33.805,33.805,0,0,0,0,0,0,0,0,0,0,0,0,0
2024-01-01 13:10:00,33.924,33.924,0,0,0,0,0,0,0,0,0,0,0,0,0
2024-01-01 13:11:00,34.04,34.04,0,0,0,0,0,0,0,0,0,0,0,0,0
2024-01-01 13:12:00,34.155,34.155,0,0,0,0,0,0,0,0,0,0,0,0,0
2024-01-01 13:13:00,34.268,34.268,0,0,0,0,0,0,0,0,0,0,0,0,0
2024-01-01 13:14:00,34.379,34.379,0,0,0,0,0,0,0,0,0,0,0,0,0
2024-01-01 13:15:00,34.488,34.488,0,0,0,0,0,0,0,0,0,0,0,0,0
2024-01-01 13:16:00,34.595,34.595,0,0,0,0,0,0,0,0,0,0,0,0,0
2024-01-01 13:17:00,34.699,34.699,0,0,0,0,0,0,0,0,0,0,0,0,0
2024-01-01 13:18:00,34.802,34.802,0,0,0,0,0,0,0,0,0,0,0,0,0
2024-01-01 13:19:00,34.902,34.902,0,0,0,0,0,0,0,0,0,0,0,0,0
2024-01-01 13:20:00,35.001,35.001,0,0,0,0,0,0,0,0,0,0,0,0,0
2024-01-01 13:21:00,35.097,35.097,0,0,0,0,0,0,0,0,0,0,0,0,0
2024-01-01 13:22:00,35.191,35.191,0,0,0,0,0,0,0,0,0,0,0,0,0
2024-01-01 13:23:00,35.282,35.282,0,0,0,0,0,0,0,0,0,0,0,0,0
2024-01-01 13:24:00,35.372,35.372,0,0,0,0,0,0,0,0,0,0,0,0,0
2024-01-01 13:25:00,35.459,35.459,0,0,0,0,0,0,0,0,0,0,0,0,0
2024-01-01 13:26:00,35.544,35.544,0,0,0,0,0,0,0,0,0,0,0,0,0
2024-01-01 13:27:00,35.627,35.627,0,0,0,0,0,0,0,0,0,0,0,0,0
2024-01-01 13:28:00,35.708,35.708,0,0,0,0,0,0,0,0,0,0,0,0,0
2024-01-01 13:29:00,35.786,35.786,0,0,0,0,0,0,0,0,0,0,0,0,0
2024-01-01 13:30:00,35.862,35.862,0,0,0,0,0,0,0,0,0,0,0,0,0
2024-01-01 13:31:00,35.935,35.935,0,0,0,0,0,0,0,0,0,0,0,0,0
2024-01-01 13:32:00,36.006,36.006,0,0,0,0,0,0,0,0,0,0,0,0,0
2024-01-01 13:33:00,36.075,36.075,0,0,0,0,0,0,0,0,0,0,0,0,0
2024-01-01 13:34:00,36.142,36.142,0,0,0,0,0,0,0,0,0,0,0,0,0
2024-01-01 13:35:00,36.206,36.206,0,0,0,0,0,0,0,0,0,0,0,0,0
2024-01-01 13:36:00,36.267,36.267,0,0,0,0,0,0,0,0,0,0,0,0,0
2024-01-01 13:37:00,36.327,36.327,0,0,0,0,0,0,0,0,0,0,0,0,0
2024-01-01 13:38:00,36.383,36.383,0,0,0,0,0,0,0,0,0,0,0,0,0
2024-01-01 13:39:00,36.438,36.438,0,0,0,0,0,0,0,0,0,0,0,0,0
2024-01-01 13:40:00,36.49,36.49,0,0,0,0,0,0,0,0,0,0,0,0,0
2024-01-01 13:41:00,36.539,36.539,0,0,0,0,0,0,0,0,0,0,0,0,0
2024-01-01 13:42:00,36.586,36.586,0,0,0,0,0,0,0,0,0,0,0,0,0
2024-01-01 13:43:00,36.631,36.631,0,0,0,0,0,0,0,0,0,0,0,0,0
2024-01-01 13:44:00,36.673,36.673,0,0,0,0,0,0,0,0,0,0,0,0,0
2024-01-01 13:45:00,36.712,36.712,0,0,0,0,0,0,0,0,0,0,0,0,0
2024-01-01 13:46:00,36.749,36.749,0,0,0,0,0,0,0,0,0,0,0,0,0
2024-01-01 13:47:00,36.784,36.784,0,0,0,0,0,0,0,0,0,0,0,0,0
2024-01-01 13:48:00,36.815,36.815,0,0,0,0,0,0,0,0,0,0,0,0,0
2024-01-01 13:49:00,36.845,36.845,0,0,0,0,0,0,0,0,0,0,0,0,0
2024-01-01 13:50:00,36.872,36.872,0,0,0,0,0,0,0,0,0,0,0,0,0
2024-01-01 13:51:00,36.896,36.896,0,0,0,0,0,0,0,0,0,0,0,0,0
2024-01-01 13:52:00,36.918,36.918,0,0,0,0,0,0,0,0,0,0,0,0,0
2024-01-01 13:53:00,36.937,36.937,0,0,0,0,0,0,0,0,0,0,0,0,0
2024-01-01 13:54:00,36.954,36.954,0,0,0,0,0,0,0,0,0,0,0,0,0
2024-01-01 13:55:00,36.968,36.968,0,0,0,0,0,0,0,0,0,0,0,0,0
2024-01-01 13:56:00,36.979,36.979,0,0,0,0,0,0,0,0,0,0,0,0,0
2024-01-01 13:57:00,36.988,36.988,0,0,0,0,0,0,0,0,0,0,0,0,0
2024-01-01 13:58:00,36.995,36.995,0,0,0,0,0,0,0,0,0,0,0,0,0
2024-01-01 13:59:00,36.999,36.999,0,0,0,0,0,0,0,0,0,0,0,0,0
2024-01-01 14:00:00,37.0,37.0,0,0,0,0,0,0,0,0,0,0,0,0,0
2024-01-01 14:01:00,36.999,36.999,0,0,0,0,0,0,0,0,0,0,0,0,0
2024-01-01 14:02:00,36.995,36.995,0,0,0,0,0,0,0,0,0,0,0,0,0
2024-01-01 14:03:00,36.988,36.988,0,0,0,0,0,0,0,0,0,0,0,0,0
2024-01-01 14:04:00,36.979,36.979,0,0,0,0,0,0,0,0,0,0,0,0,0
2024-01-01 14:05:00,36.968,36.968,0,0,0,0,0,0,0,0,0,0,0,0,0
2024-01-01 14:06:00,36.954,36.954,0,0,0,0,0,0,0,0,0,0,0,0,0
2024-01-01 14:07:00,36.937,36.937,0,0,0,0,0,0,0,0,0,0,0,0,0
2024-01-01 14:08:00,36.918,36.918,0,0,0,0,0,0,0,0,0,0,0,0,0
2024-01-01 14:09:00,36.896,36.896,0,0,0,0,0,0,0,0,0,0,0,0,0
2024-01-01 14:10:00,36.872,36.872,0,0,0,0,0,0,0,0,0,0,0,0,0
2024-01-01 14:11:00,36.845,36.845,0,0,0,0,0,0,0,0,0,0,0,0,0
2024-01-01 14:12:00,36.815,36.815,0,0,0,0,0,0,0,0,0,0,0,0,0
2024-01-01 14:13:00,36.784,36.784,0,0,0,0,0,0,0,0,0,0,0,0,0
2024-01-01 14:14:00,36.749,36.749,0,0,0,0,0,0,0,0,0,0,0,0,0
2024-01-01 14:15:00,36.712,36.712,0,0,0,0,0,0,0,0,0,0,0,0,0
2024-01-01 14:16:00,36.673,36.673,0,0,0,0,0,0,0,0,0,0,0,0,0
2024-01-01 14:17:00,36.631,36.631,0,0,0,0,0,0,0,0,0,0,0,0,0
2024-01-01 14:18:00,36.586,36.586,0,0,0,0,0,0,0,0,0,0,0,0,0
2024-01-01 14:19:00,36.539,36.539,0,0,0,0,0,0,0,0,0,0,0,0,0
2024-01-01 14:20:00,36.49,36.49,0,0,0,0,0,0,0,0,0,0,0,0,0
2024-01-01 14:21:00,36.438,36.438,0,0,0,0,0,0,0,0,0,0,0,0,0
2024-01-01 14:22:00,36.383,36.383,0,0,0,0,0,0,0,0,0,0,0,0,0
2024-01-01 14:23:00,36.327,36.327,0,0,0,0,0,0,0,0,0,0,0,0,0
2024-01-01 14:24:00,36.267,36.267,0,0,0,0,0,0,0,0,0,0,0,0,0
2024-01-01 14:25:00,36.206,36.206,0,0,0,0,0,0,0,0,0,0,0,0,0
2024-01-01 14:26:00,36.142,36.142,0,0,0,0,0,0,0,0,0,0,0,0,0
2024-01-01 14:27:00,36.075,36.075,0,0,0,0,0,0,0,0,0,0,0,0,0
2024-01-01 14:28:00,36.006,36.006,0,0,0,0,0,0,0,0,0,0,0,0,0
2024-01-01 14:29:00,35.935,35.935,0,0,0,0,0,0,0,0,0,0,0,0,0
2024-01-01 14:30:00,35.862,35.862,0,0,0,0,0,0,0,0,0,0,0,0,0
2024-01-01 14:31:00,35.786,35.786,0,0,0,0,0,0,0,0,0,0,0,0,0
2024-01-01 14:32:00,35.708,35.708,0,0,0,0,0,0,0,0,0,0,0,0,0
2024-01-01 14:33:00,35.627,35.627,0,0,0,0,0,0,0,0,0,0,0,0,0
2024-01-01 14:34:00,35.544,35.544,0,0,0,0,0,0,0,0,0,0,0,0,0
2024-01-01 14:35:00,35.459,35.459,0,0,0,0,0,0,0,0,0,0,0,0,0
2024-01-01 14:36:00,35.372,35.372,0,0,0,0,0,0,0,0,0,0,0,0,0
2024-01-01 14:37:00,35.282,35.282,0,0,0,0,0,0,0,0,0,0,0,0,0
2024-01-01 14:38:00,35.191,35.191,0,0,0,0,0,0,0,0,0,0,0,0,0
2024-01-01 14:39:00,35.097,35.097,0,0,0,0,0,0,0,0,0,0,0,0,0
2024-01-01 14:40:00,35.001,35.001,0,0,0,0,0,0,0,0,0,0,0,0,0
2024-01-01 14:41:00,34.902,34.902,0,0,0,0,0,0,0,0,0,0,0,0,0
2024-01-01 14:42:00,34.802,34.802,0,0,0,0,0,0,0,0,0,0,0,0,0
2024-01-01 14:43:00,34.699,34.699,0,0,0,0,0,0,0,0,0,0,0,0,0
2024-01-01 14:44:00,34.595,34.595,0,0,0,0,0,0,0,0,0,0,0,0,0
2024-01-01 14:45:00,34.488,34.488,0,0,0,0,0,0,0,0,0,0,0,0,0
2024-01-01 14:46:00,34.379,34.379,0,0,0,0,0,0,0,0,0,0,0,0,0
2024-01-01 14:47:00,34.268,34.268,0,0,0,0,0,0,0,0,0,0,0,0,0
2024-01-01 14:48:00,34.155,34.155,0,0,0,0,0,0,0,0,0,0,0,0,0
2024-01-01 14:49:00,34.04,34.04,0,0,0,0,0,0,0,0,0,0,0,0,0
2024-01-01 14:50:00,33.924,33.924,0,0,0,0,0,0,0,0,0,0,0,0,0
2024-01-01 14:51:00,33.805,33.805,0,0,0,0,0,0,0,0,0,0,0,0,0
2024-01-01 14:52:00,33.684,33.684,0,0,0,0,0,0,0,0,0,0,0,0,0
2024-01-01 14:53:00,33.562,33.562,0,0,0,0,0,0,0,0,0,0,0,0,0
2024-01-01 14:54:00,33.437,33.437,0,0,0,0,0,0,0,0,0,0,0,0,0
2024-01-01 14:55:00,33.311,33.311,0,0,0,0,0,0,0,0,0,0,0,0,0
2024-01-01 14:56:00,33.183,33.183,0,0,0,0,0,0,0,0,0,0,0,0,0
2024-01-01 14:57:00,33.053,33.053,0,0,0,0,0,0,0,0,0,0,0,0,0
2024-01-01 14:58:00,32.921,32.921,0,0,0,0,0,0,0,0,0,0,0,0,0
2024-01-01 14:59:00,32.788,32.788,0,0,0,0,0,0,0,0,0,0,0,0,0
2024-01-01 15:00:00,32.652,32.652,0,0,0,0,0,0,0,0,0,0,0,0,0
2024-01-01 15:01:00,32.515,32.515,0,0,0,0,0,0,0,0,0,0,0,0,0
2024-01-01 15:02:00,32.377,32.377,0,0,0,0,0,0,0,0,0,0,0,0,0
2024-01-01 15:03:00,32.237,32.237,0,0,0,0,0,0,0,0,0,0,0,0,0
2024-01-01 15:04:00,32.095,32.095,0,0,0,0,0,0,0,0,0,0,0,0,0
2024-01-01 15:05:00,31.951,31.951,0,0,0,0,0,0,0,0,0,0,0,0,0
2024-01-01 15:06:00,31.806,31.806,0,0,0,0,0,0,0,0,0,0,0,0,0
2024-01-01 15:07:00,31.66,31.66,0,0,0,0,0,0,0,0,0,0,0,0,0
2024-01-01 15:08:00,31.512,31.512,0,0,0,0,0,0,0,0,0,0,0,0,0
2024-01-01 15:09:00,31.362,31.362,0,0,0,0,0,0,0,0,0,0,0,0,0
2024-01-01 15:10:00,31.211,31.211,0,0,0,0,0,0,0,0,0,0,0,0,0
2024-01-01 15:11:00,31.059,31.059,0,0,0,0,0,0,0,0,0,0,0,0,0
2024-01-01 15:12:00,30.905,30.905,0,0,0,0,0,0,0,0,0,0,0,0,0
2024-01-01 15:13:00,30.75,30.75,0,0,0,0,0,0,0,0,0,0,0,0,0
2024-01-01 15:14:00,30.593,30.593,0,0,0,0,0,0,0,0,0,0,0,0,0
2024-01-01 15:15:00,30.435,30.435,0,0,0,0,0,0,0,0,0,0,0,0,0
2024-01-01 15:16:00,30.276,30.276,0,0,0,0,0,0,0,0,0,0,0,0,0
2024-01-01 15:17:00,30.116,30.116,0,0,0,0,0,0,0,0,0,0,0,0,0
2024-01-01 15:18:00,29.954,29.954,0,0,0,0,0,0,0,0,0,0,0,0,0
2024-01-01 15:19:00,29.791,29.791,0,0,0,0,0,0,0,0,0,0,0,0,0
2024-01-01 15:20:00,29.627,29.627,0,0,0,0,0,0,0,0,0,0,0,0,0
2024-01-01 15:21:00,29.462,29.462,0,0,0,0,0,0,0,0,0,0,0,0,0
2024-01-01 15:22:00,29.296,29.296,0,0,0,0,0,0,0,0,0,0,0,0,0
2024-01-01 15:23:00,29.128,29.128,0,0,0,0,0,0,0,0,0,0,0,0,0
2024-01-01 15:24:00,28.96,28.96,0,0,0,0,0,0,0,0,0,0,0,0,0
2024-01-01 15:25:00,28.791,28.791,0,0,0,0,0,0,0,0,0,0,0,0,0
2024-01-01 15:26:00,28.62,28.62,0,0,0,0,0,0,0,0,0,0,0,0,0
2024-01-01 15:27:00,28.449,28.449,0,0,0,0,0,0,0,0,0,0,0,0,0
2024-01-01 15:28:00,28.276,28.276,0,0,0,0,0,0,0,0,0,0,0,0,0
2024-01-01 15:29:00,28.103,28.103,0,0,0,0,0,0,0,0,0,0,0,0,0
2024-01-01 15:30:00,27.929,27.929,0,0,0,0,0,0,0,0,0,0,0,0,0
2024-01-01 15:31:00,27.754,27.754,0,0,0,0,0,0,0,0,0,0,0,0,0
2024-01-01 15:32:00,27.578,27.578,0,0,0,0,0,0,0,0,0,0,0,0,0
2024-01-01 15:33:00,27.402,27.402,0,0,0,0,0,0,0,0,0,0,0,0,0
2024-01-01 15:34:00,27.224,27.224,0,0,0,0,0,0,0,0,0,0,0,0,0
2024-01-01 15:35:00,27.046,27.046,0,0,0,0,0,0,0,0,0,0,0,0,0
2024-01-01 15:36:00,26.868,26.868,0,0,0,0,0,0,0,0,0,0,0,0,0
2024-01-01 15:37:00,26.688,26.688,0,0,0,0,0,0,0,0,0,0,0,0,0
2024-01-01 15:38:00,26.508,26.508,0,0,0,0,0,0,0,0,0,0,0,0,0
2024-01-01 15:39:00,26.327,26.327,0,0,0,0,0,0,0,0,0,0,0,0,0
2024-01-01 15:40:00,26.146,26.146,0,0,0,0,0,0,0,0,0,0,0,0,0
2024-01-01 15:41:00,25.964,25.964,0,0,0,0,0,0,0,0,0,0,0,0,0
2024-01-01 15:42:00,25.782,25.782,0,0,0,0,0,0,0,0,0,0,0,0,0
2024-01-01 15:43:00,25.599,25.599,0,0,0,0,0,0,0,0,0,0,0,0,0
2024-01-01 15:44:00,25.416,25.416,0,0,0,0,0,0,0,0,0,0,0,0,0
2024-01-01 15:45:00,25.232,25.232,0,0,0,0,0,0,0,0,0,0,0,0,0
2024-01-01 15:46:00,25.048,25.048,0,0,0,0,0,0,0,0,0,0,0,0,0
2024-01-01 15:47:00,24.863,24.863,0,0,0,0,0,0,0,0,0,0,0,0,0
2024-01-01 15:48:00,24.678,24.678,0,0,0,0,0,0,0,0,0,0,0,0,0
2024-01-01 15:49:00,24.493,24.493,0,0,0,0,0,0,0,0,0,0,0,0,0
2024-01-01 15:50:00,24.307,24.307,0,0,0,0,0,0,0,0,0,0,0,0,0
2024-01-01 15:51:00,24.122,24.122,0,0,0,0,0,0,0,0,0,0,0,0,0
2024-01-01 15:52:00,23.935,23.935,0,0,0,0,0,0,0,0,0,0,0,0,0
2024-01-01 15:53:00,23.749,23.749,0,0,0,0,0,0,0,0,0,0,0,0,0
2024-01-01 15:54:00,23.563,23.563,0,0,0,0,0,0,0,0,0,0,0,0,0
2024-01-01 15:55:00,23.376,23.376,0,0,0,0,0,0,0,0,0,0,0,0,0
2024-01-01 15:56:00,23.189,23.189,0,0,0,0,0,0,0,0,0,0,0,0,0
2024-01-01 15:57:00,23.003,23.003,0,0,0,0,0,0,0,0,0,0,0,0,0
2024-01-01 15:58:00,22.816,22.816,0,0,0,0,0,0,0,0,0,0,0,0,0
2024-01-01 15:59:00,22.629,22.629,0,0,0,0,0,0,0,0,0,0,0,0,0
2024-01-01 16:00:00,22.442,22.442,0,0,0,0,0,0,0,0,0,0,0,0,0
2024-01-01 16:01:00,22.255,22.255,0,0,0,0,0,0,0,0,0,0,0,0,0
2024-01-01 16:02:00,22.068,22.068,0,0,0,0,0,0,0,0,0,0,0,0,0
2024-01-01 16:03:00,21.881,21.881,0,0,0,0,0,0,0,0,0,0,0,0,0
2024-01-01 16:04:00,21.694,21.694,0,0,0,0,0,0,0,0,0,0,0,0,0
2024-01-01 16:05:00,21.507,21.507,0,0,0,0,0,0,0,0,0,0,0,0,0
2024-01-01 16:06:00,21.32,21.32,0,0,0,0,0,0,0,0,0,0,0,0,0
2024-01-01 16:07:00,21.134,21.134,0,0,0,0,0,0,0,0,0,0,0,0,0
2024-01-01 16:08:00,20.948,20.948,0,0,0,0,0,0,0,0,0,0,0,0,0
2024-01-01 16:09:00,20.762,20.762,0,0,0,0,0,0,0,0,0,0,0,0,0
2024-01-01 16:10:00,20.576,20.576,0,0,0,0,0,0,0,0,0,0,0,0,0
2024-01-01 16:11:00,20.39,20.39,0,0,0,0,0,0,0,0,0,0,0,0,0
2024-01-01 16:12:00,20.205,20.205,0,0,0,0,0,0,0,0,0,0,0,0,0
2024-01-01 16:13:00,20.02,20.02,0,0,0,0,0,0,0,0,0,0,0,0,0
2024-01-01 16:14:00,19.835,19.835,0,0,0,0,0,0,0,0,0,0,0,0,0
2024-01-01 16:15:00,19.651,19.651,0,0,0,0,0,0,0,0,0,0,0,0,0
2024-01-01 16:16:00,19.467,19.467,0,0,0,0,0,0,0,0,0,0,0,0,0
2024-01-01 16:17:00,19.283,19.283,0,0,0,0,0,0,0,0,0,0,0,0,0
2024-01-01 16:18:00,19.1,19.1,0,0,0,0,0,0,0,0,0,0,0,0,0
2024-01-01 16:19:00,18.917,18.917,0,0,0,0,0,0,0,0,0,0,0,0,0
2024-01-01 16:20:00,18.734,18.734,0,0,0,0,0,0,0,0,0,0,0,0,0
2024-01-01 16:21:00,18.553,18.553,0,0,0,0,0,0,0,0,0,0,0,0,0
2024-01-01 16:22:00,18.371,18.371,0,0,0,0,0,0,0,0,0,0,0,0,0
2024-01-01 16:23:00,18.19,18.19,0,0,0,0,0,0,0,0,0,0,0,0,0
2024-01-01 16:24:00,18.01,18.01,0,0,0,0,0,0,0,0,0,0,0,0,0
2024-01-01 16:25:00,17.83,17.83,0,0,0,0,0,0,0,0,0,0,0,0,0
2024-01-01 16:26:00,17.651,17.651,0,0,0,0,0,0,0,0,0,0,0,0,0
2024-01-01 16:27:00,17.472,17.472,0,0,0,0,0,0,0,0,0,0,0,0,0
2024-01-01 16:28:00,17.294,17.294,0,0,0,0,0,0,0,0,0,0,0,0,0
2024-01-01 16:29:00,17.117,17.117,0,0,0,0,0,0,0,0,0,0,0,0,0
2024-01-01 16:30:00,16.94,16.94,0,0,0,0,0,0,0,0,0,0,0,0,0
2024-01-01 16:31:00,16.764,16.764,0,0,0,0,0,0,0,0,0,0,0,0,0
2024-01-01 16:32:00,16.588,16.588,0,0,0,0,0,0,0,0,0,0,0,0,0
2024-01-01 16:33:00,16.414,16.414,0,0,0,0,0,0,0,0,0,0,0,0,0
2024-01-01 16:34:00,16.239,16.239,0,0,0,0,0,0,0,0,0,0,0,0,0
2024-01-01 16:35:00,16.066,16.066,0,0,0,0,0,0,0,0,0,0,0,0,0
2024-01-01 16:36:00,15.894,15.894,0,0,0,0,0,0,0,0,0,0,0,0,0
2024-01-01 16:37:00,15.722,15.722,0,0,0,0,0,0,0,0,0,0,0,0,0
2024-01-01 16:38:00,15.551,15.551,0,0,0,0,0,0,0,0,0,0,0,0,0
2024-01-01 16:39:00,15.381,15.381,0,0,0,0,0,0,0,0,0,0,0,0,0
2024-01-01 16:40:00,15.211,15.211,0,0,0,0,0,0,0,0,0,0,0,0,0
2024-01-01 16:41:00,15.043,15.043,0,0,0,0,0,0,0,0,0,0,0,0,0
2024-01-01 16:42:00,14.875,14.875,0,0,0,0,0,0,0,0,0,0,0,0,0
2024-01-01 16:43:00,14.708,14.708,0,0,0,0,0,0,0,0,0,0,0,0,0
2024-01-01 16:44:00,14.542,14.542,0,0,0,0,0,0,0,0,0,0,0,0,0
2024-01-01 16:45:00,14.377,14.377,0,0,0,0,0,0,0,0,0,0,0,0,0
2024-01-01 16:46:00,14.212,14.212,0,0,0,0,0,0,0,0,0,0,0,0,0
2024-01-01 16:47:00,14.049,14.049,0,0,0,0,0,0,0,0,0,0,0,0,0
2024-01-01 16:48:00,13.887,13.887,0,0,0,0,0,0,0,0,0,0,0,0,0
2024-01-01 16:49:00,13.725,13.725,0,0,0,0,0,0,0,0,0,0,0,0,0
2024-01-01 16:50:00,13.564,13.564,0,0,0,0,0,0,0,0,0,0,0,0,0
2024-01-01 16:51:00,13.405,13.405,0,0,0,0,0,0,0,0,0,0,0,0,0
2024-01-01 16:52:00,13.246,13.246,0,0,0,0,0,0,0,0,0,0,0,0,0
2024-01-01 16:53:00,13.088,13.088,0,0,0,0,0,0,0,0,0,0,0,0,0
2024-01-01 16:54:00,12.932,12.932,0,0,0,0,0,0,0,0,0,0,0,0,0
2024-01-01 16:55:00,12.776,12.776,0,0,0,0,0,0,0,0,0,0,0,0,0
2024-01-01 16:56:00,12.621,12.621,0,0,0,0,0,0,0,0,0,0,0,0,0
2024-01-01 16:57:00,12.467,12.467,0,0,0,0,0,0,0,0,0,0,0,0,0
2024-01-01 16:58:00,12.315,12.315,0,0,0,0,0,0,0,0,0,0,0,0,0
2024-01-01 16:59:00,12.163,12.163,0,0,0,0,0,0,0,0,0,0,0,0,0
2024-01-01 17:00:00,12.012,12.012,0,0,0,0,0,0,0,0,0,0,0,0,0
2024-01-01 17:01:00,11.863,11.863,0,0,0,0,0,0,0,0,0,0,0,0,0
2024-01-01 17:02:00,11.714,11.714,0,0,0,0,0,0,0,0,0,0,0,0,0
2024-01-01 17:03:00,11.566,11.566,0,0,0,0,0,0,0,0,0,0,0,0,0
2024-01-01 17:04:00,11.42,11.42,0,0,0,0,0,0,0,0,0,0,0,0,0
2024-01-01 17:05:00,11.275,11.275,0,0,0,0,0,0,0,0,0,0,0,0,0
2024-01-01 17:06:00,11.13,11.13,0,0,0,0,0,0,0,0,0,0,0,0,0
2024-01-01 17:07:00,10.987,10.987,0,0,0,0,0,0,0,0,0,0,0,0,0
2024-01-01 17:08:00,10.845,10.845,0,0,0,0,0,0,0,0,0,0,0,0,0
2024-01-01 17:09:00,10.704,10.704,0,0,0,0,0,0,0,0,0,0,0,0,0
2024-01-01 17:10:00,10.564,10.564,0,0,0,0,0,0,0,0,0,0,0,0,0
2024-01-01 17:11:00,10.425,10.425,0,0,0,0,0,0,0,0,0,0,0,0,0
2024-01-01 17:12:00,10.287,10.287,0,0,0,0,0,0,0,0,0,0,0,0,0
2024-01-01 17:13:00,10.151,10.151,0,0,0,0,0,0,0,0,0,0,0,0,0
2024-01-01 17:14:00,10.015,10.015,0,0,0,0,0,0,0,0,0,0,0,0,0
2024-01-01 17:15:00,9.881,9.881,0,0,0,0,0,0,0,0,0,0,0,0,0
2024-01-01 17:16:00,9.748,9.748,0,0,0,0,0,0,0,0,0,0,0,0,0
2024-01-01 17:17:00,9.616,9.616,0,0,0,0,0,0,0,0,0,0,0,0,0
2024-01-01 17:18:00,9.485,9.485,0,0,0,0,0,0,0,0,0,0,0,0,0
2024-01-01 17:19:00,9.355,9.355,0,0,0,0,0,0,0,0,0,0,0,0,0
2024-01-01 17:20:00,9.226,9.226,0,0,0,0,0,0,0,0,0,0,0,0,0
2024-01-01 17:21:00,9.098,9.098,0,0,0,0,0,0,0,0,0,0,0,0,0
2024-01-01 17:22:00,8.972,8.972,0,0,0,0,0,0,0,0,0,0,0,0,0
2024-01-01 17:23:00,8.847,8.847,0,0,0,0,0,0,0,0,0,0,0,0,0
2024-01-01 17:24:00,8.723,8.723,0,0,0,0,0,0,0,0,0,0,0,0,0
2024-01-01 17:25:00,8.6,8.6,0,0,0,0,0,0,0,0,0,0,0,0,0
2024-01-01 17:26:00,8.478,8.478,0,0,0,0,0,0,0,0,0,0,0,0,0
2024-01-01 17:27:00,8.357,8.357,0,0,0,0,0,0,0,0,0,0,0,0,0
2024-01-01 17:28:00,8.237,8.237,0,0,0,0,0,0,0,0,0,0,0,0,0
2024-01-01 17:29:00,8.119,8.119,0,0,0,0,0,0,0,0,0,0,0,0,0
2024-01-01 17:30:00,8.002,8.002,0,0,0,0,0,0,0,0,0,0,0,0,0
2024-01-01 17:31:00,7.886,7.886,0,0,0,0,0,0,0,0,0,0,0,0,0
2024-01-01 17:32:00,7.771,7.771,0,0,0,0,0,0,0,0,0,0,0,0,0
2024-01-01 17:33:00,7.657,7.657,0,0,0,0,0,0,0,0,0,0,0,0,0
2024-01-01 17:34:00,7.544,7.544,0,0,0,0,0,0,0,0,0,0,0,0,0
2024-01-01 17:35:00,7.433,7.433,0,0,0,0,0,0,0,0,0,0,0,0,0
2024-01-01 17:36:00,7.322,7.322,0,0,0,0,0,0,0,0,0,0,0,0,0
2024-01-01 17:37:00,7.213,7.213,0,0,0,0,0,0,0,0,0,0,0,0,0
2024-01-01 17:38:00,7.105,7.105,0,0,0,0,0,0,0,0,0,0,0,0,0
2024-01-01 17:39:00,6.998,6.998,0,0,0,0,0,0,0,0,0,0,0,0,0
2024-01-01 17:40:00,6.892,6.892,0,0,0,0,0,0,0,0,0,0,0,0,0
2024-01-01 17:41:00,6.787,6.787,0,0,0,0,0,0,0,0,0,0,0,0,0
2024-01-01 17:42:00,6.684,6.684,0,0,0,0,0,0,0,0,0,0,0,0,0
2024-01-01 17:43:00,6.581,6.581,0,0,0,0,0,0,0,0,0,0,0,0,0
2024-01-01 17:44:00,6.48,6.48,0,0,0,0,0,0,0,0,0,0,0,0,0
2024-01-01 17:45:00,6.38,6.38,0,0,0,0,0,0,0,0,0,0,0,0,0
2024-01-01 17:46:00,6.28,6.28,0,0,0,0,0,0,0,0,0,0,0,0,0
2024-01-01 17:47:00,6.182,6.182,0,0,0,0,0,0,0,0,0,0,0,0,0
2024-01-01 17:48:00,6.086,6.086,0,0,0,0,0,0,0,0,0,0,0,0,0
2024-01-01 17:49:00,5.99,5.99,0,0,0,0,0,0,0,0,0,0,0,0,0
2024-01-01 17:50:00,5.895,5.895,0,0,0,0,0,0,0,0,0,0,0,0,0
2024-01-01 17:51:00,5.801,5.801,0,0,0,0,0,0,0,0,0,0,0,0,0
2024-01-01 17:52:00,5.709,5.709,0,0,0,0,0,0,0,0,0,0,0,0,0
2024-01-01 17:53:00,5.617,5.617,0,0,0,0,0,0,0,0,0,0,0,0,0
2024-01-01 17:54:00,5.527,5.527,0,0,0,0,0,0,0,0,0,0,0,0,0
2024-01-01 17:55:00,5.438,5.438,0,0,0,0,0,0,0,0,0,0,0,0,0
2024-01-01 17:56:00,5.35,5.35,0,0,0,0,0,0,0,0,0,0,0,0,0
2024-01-01 17:57:00,5.262,5.262,0,0,0,0,0,0,0,0,0,0,0,0,0
2024-01-01 17:58:00,5.176,5.176,0,0,0,0,0,0,0,0,0,0,0,0,0
2024-01-01 17:59:00,5.091,5.091,0,0,0,0,0,0,0,0,0,0,0,0,0
2024-01-01 18:00:00,5.007,5.007,0,0,0,0,0,0,0,0,0,0,0,0,0
2024-01-01 18:01:00,4.924,4.924,0,0,0,0,0,0,0,0,0,0,0,0,0
2024-01-01 18:02:00,4.843,4.843,0,0,0,0,0,0,0,0,0,0,0,0,0
2024-01-01 18:03:00,4.762,4.762,0,0,0,0,0,0,0,0,0,0,0,0,0
2024-01-01 18:04:00,4.682,4.682,0,0,0,0,0,0,0,0,0,0,0,0,0
2024-01-01 18:05:00,4.603,4.603,0,0,0,0,0,0,0,0,0,0,0,0,0
2024-01-01 18:06:00,4.525,4.525,0,0,0,0,0,0,0,0,0,0,0,0,0
2024-01-01 18:07:00,4.448,4.448,0,0,0,0,0,0,0,0,0,0,0,0,0
2024-01-01 18:08:00,4.373,4.373,0,0,0,0,0,0,0,0,0,0,0,0,0
2024-01-01 18:09:00,4.298,4.298,0,0,0,0,0,0,0,0,0,0,0,0,0
2024-01-01 18:10:00,4.224,4.224,0,0,0,0,0,0,0,0,0,0,0,0,0
2024-01-01 18:11:00,4.151,4.151,0,0,0,0,0,0,0,0,0,0,0,0,0
2024-01-01 18:12:00,4.079,4.079,0,0,0,0,0,0,0,0,0,0,0,0,0
2024-01-01 18:13:00,4.008,4.008,0,0,0,0,0,0,0,0,0,0,0,0,0
2024-01-01 18:14:00,3.938,3.938,0,0,0,0,0,0,0,0,0,0,0,0,0
2024-01-01 18:15:00,3.869,3.869,0,0,0,0,0,0,0,0,0,0,0,0,0
2024-01-01 18:16:00,3.801,3.801,0,0,0,0,0,0,0,0,0,0,0,0,0
2024-01-01 18:17:00,3.734,3.734,0,0,0,0,0,0,0,0,0,0,0,0,0
2024-01-01 18:18:00,3.668,3.668,0,0,0,0,0,0,0,0,0,0,0,0,0
2024-01-01 18:19:00,3.603,3.603,0,0,0,0,0,0,0,0,0,0,0,0,0
2024-01-01 18:20:00,3.538,3.538,0,0,0,0,0,0,0,0,0,0,0,0,0
2024-01-01 18:21:00,3.475,3.475,0,0,0,0,0,0,0,0,0,0,0,0,0
2024-01-01 18:22:00,3.413,3.413,0,0,0,0,0,0,0,0,0,0,0,0,0
2024-01-01 18:23:00,3.351,3.351,0,0,0,0,0,0,0,0,0,0,0,0,0
2024-01-01 18:24:00,3.29,3.29,0,0,0,0,0,0,0,0,0,0,0,0,0
2024-01-01 18:25:00,3.23,3.23,0,0,0,0,0,0,0,0,0,0,0,0,0
2024-01-01 18:26:00,3.171,3.171,0,0,0,0,0,0,0,0,0,0,0,0,0
2024-01-01 18:27:00,3.113,3.113,0,0,0,0,0,0,0,0,0,0,0,0,0
2024-01-01 18:28:00,3.056,3.056,0,0,0,0,0,0,0,0,0,0,0,0,0
2024-01-01 18:29:00,2.999,2.999,0,0,0,0,0,0,0,0,0,0,0,0,0
2024-01-01 18:30:00,2.944,2.944,0,0,0,0,0,0,0,0,0,0,0,0,0
2024-01-01 18:31:00,2.889,2.889,0,0,0,0,0,0,0,0,0,0,0,0,0
2024-01-01 18:32:00,2.835,2.835,0,0,0,0,0,0,0,0,0,0,0,0,0
2024-01-01 18:33:00,2.782,2.782,0,0,0,0,0,0,0,0,0,0,0,0,0
2024-01-01 18:34:00,2.729,2.729,0,0,0,0,0,0,0,0,0,0,0,0,0
2024-01-01 18:35:00,2.678,2.678,0,0,0,0,0,0,0,0,0,0,0,0,0
2024-01-01 18:36:00,2.627,2.627,0,0,0,0,0,0,0,0,0,0,0,0,0
2024-01-01 18:37:00,2.577,2.577,0,0,0,0,0,0,0,0,0,0,0,0,0
2024-01-01 18:38:00,2.528,2.528,0,0,0,0,0,0,0,0,0,0,0,0,0
2024-01-01 18:39:00,2.48,2.48,0,0,0,0,0,0,0,0,0,0,0,0,0
2024-01-01 18:40:00,2.432,2.432,0,0,0,0,0,0,0,0,0,0,0,0,0
2024-01-01 18:41:00,2.385,2.385,0,0,0,0,0,0,0,0,0,0,0,0,0
2024-01-01 18:42:00,2.339,2.339,0,0,0,0,0,0,0,0,0,0,0,0,0
2024-01-01 18:43:00,2.293,2.293,0,0,0,0,0,0,0,0,0,0,0,0,0
2024-01-01 18:44:00,2.249,2.249,0,0,0,0,0,0,0,0,0,0,0,0,0
2024-01-01 18:45:00,2.205,2.205,0,0,0,0,0,0,0,0,0,0,0,0,0
2024-01-01 18:46:00,2.161,2.161,0,0,0,0,0,0,0,0,0,0,0,0,0
2024-01-01 18:47:00,2.119,2.119,0,0,0,0,0,0,0,0,0,0,0,0,0
2024-01-01 18:48:00,2.077,2.077,0,0,0,0,0,0,0,0,0,0,0,0,0
2024-01-01 18:49:00,2.036,2.036,0,0,0,0,0,0,0,0,0,0,0,0,0
2024-01-01 18:50:00,1.995,1.995,0,0,0,0,0,0,0,0,0,0,0,0,0
2024-01-01 18:51:00,1.955,1.955,0,0,0,0,0,0,0,0,0,0,0,0,0
2024-01-01 18:52:00,1.916,1.916,0,0,0,0,0,0,0,0,0,0,0,0,0
2024-01-01 18:53:00,1.878,1.878,0,0,0,0,0,0,0,0,0,0,0,0,0
2024-01-01 18:54:00,1.84,1.84,0,0,0,0,0,0,0,0,0,0,0,0,0
2024-01-01 18:55:00,1.803,1.803,0,0,0,0,0,0,0,0,0,0,0,0,0
2024-01-01 18:56:00,1.766,1.766,0,0,0,0,0,0,0,0,0,0,0,0,0
2024-01-01 18:57:00,1.73,1.73,0,0,0,0,0,0,0,0,0,0,0,0,0
2024-01-01 18:58:00,1.695,1.695,0,0,0,0,0,0,0,0,0,0,0,0,0
2024-01-01 18:59:00,1.66,1.66,0,0,0,0,0,0,0,0,0,0,0,0,0
2024-01-01 19:00:00,1.626,1.626,0,0,0,0,0,0,0,0,0,0,0,0,0
2024-01-01 19:01:00,1.592,1.592,0,0,0,0,0,0,0,0,0,0,0,0,0
2024-01-01 19:02:00,1.559,1.559,0,0,0,0,0,0,0,0,0,0,0,0,0
2024-01-01 19:03:00,1.527,1.527,0,0,0,0,0,0,0,0,0,0,0,0,0
2024-01-01 19:04:00,1.495,1.495,0,0,0,0,0,0,0,0,0,0,0,0,0
2024-01-01 19:05:00,1.464,1.464,0,0,0,0,0,0,0,0,0,0,0,0,0
2024-01-01 19:06:00,1.433,1.433,0,0,0,0,0,0,0,0,0,0,0,0,0
2024-01-01 19:07:00,1.403,1.403,0,0,0,0,0,0,0,0,0,0,0,0,0
2024-01-01 19:08:00,1.373,1.373,0,0,0,0,0,0,0,0,0,0,0,0,0
2024-01-01 19:09:00,1.344,1.344,0,0,0,0,0,0,0,0,0,0,0,0,0
2024-01-01 19:10:00,1.315,1.315,0,0,0,0,0,0,0,0,0,0,0,0,0
2024-01-01 19:11:00,1.287,1.287,0,0,0,0,0,0,0,0,0,0,0,0,0
2024-01-01 19:12:00,1.26,1.26,0,0,0,0,0,0,0,0,0,0,0,0,0
2024-01-01 19:13:00,1.233,1.233,0,0,0,0,0,0,0,0,0,0,0,0,0
2024-01-01 19:14:00,1.206,1.206,0,0,0,0,0,0,0,0,0,0,0,0,0
2024-01-01 19:15:00,1.18,1.18,0,0,0,0,0,0,0,0,0,0,0,0,0
2024-01-01 19:16:00,1.155,1.155,0,0,0,0,0,0,0,0,0,0,0,0,0
2024-01-01 19:17:00,1.129,1.129,0,0,0,0,0,0,0,0,0,0,0,0,0
2024-01-01 19:18:00,1.105,1.105,0,0,0,0,0,0,0,0,0,0,0,0,0
2024-01-01 19:19:00,1.081,1.081,0,0,0,0,0,0,0,0,0,0,0,0,0
2024-01-01 19:20:00,1.057,1.057,0,0,0,0,0,0,0,0,0,0,0,0,0
2024-01-01 19:21:00,1.034,1.034,0,0,0,0,0,0,0,0,0,0,0,0,0
2024-01-01 19:22:00,1.011,1.011,0,0,0,0,0,0,0,0,0,0,0,0,0
2024-01-01 19:23:00,0.988,0.988,0,0,0,0,0,0,0,0,0,0,0,0,0
2024-01-01 19:24:00,0.966,0.966,0,0,0,0,0,0,0,0,0,0,0,0,0
2024-01-01 19:25:00,0.945,0.945,0,0,0,0,0,0,0,0,0,0,0,0,0
2024-01-01 19:26:00,0.924,0.924,0,0,0,0,0,0,0,0,0,0,0,0,0
2024-01-01 19:27:00,0.903,0.903,0,0,0,0,0,0,0,0,0,0,0,0,0
2024-01-01 19:28:00,0.883,0.883,0,0,0,0,0,0,0,0,0,0,0,0,0
2024-01-01 19:29:00,0.863,0.863,0,0,0,0,0,0,0,0,0,0,0,0,0
2024-01-01 19:30:00,0.843,0.843,0,0,0,0,0,0,0,0,0,0,0,0,0
2024-01-01 19:31:00,0.824,0.824,0,0,0,0,0,0,0,0,0,0,0,0,0
2024-01-01 19:32:00,0.805,0.805,0,0,0,0,0,0,0,0,0,0,0,0,0
2024-01-01 19:33:00,0.787,0.787,0,0,0,0,0,0,0,0,0,0,0,0,0
2024-01-01 19:34:00,0.769,0.769,0,0,0,0,0,0,0,0,0,0,0,0,0
2024-01-01 19:35:00,0.751,0.751,0,0,0,0,0,0,0,0,0,0,0,0,0
2024-01-01 19:36:00,0.734,0.734,0,0,0,0,0,0,0,0,0,0,0,0,0
2024-01-01 19:37:00,0.717,0.717,0,0,0,0,0,0,0,0,0,0,0,0,0
2024-01-01 19:38:00,0.701,0.701,0,0,0,0,0,0,0,0,0,0,0,0,0
2024-01-01 19:39:00,0.684,0.684,0,0,0,0,0,0,0,0,0,0,0,0,0
2024-01-01 19:40:00,0.668,0.668,0,0,0,0,0,0,0,0,0,0,0,0,0
2024-01-01 19:41:00,0.653,0.653,0,0,0,0,0,0,0,0,0,0,0,0,0
2024-01-01 19:42:00,0.637,0.637,0,0,0,0,0,0,0,0,0,0,0,0,0
2024-01-01 19:43:00,0.622,0.622,0,0,0,0,0,0,0,0,0,0,0,0,0
2024-01-01 19:44:00,0.608,0.608,0,0,0,0,0,0,0,0,0,0,0,0,0
2024-01-01 19:45:00,0.593,0.593,0,0,0,0,0,0,0,0,0,0,0,0,0
2024-01-01 19:46:00,0.579,0.579,0,0,0,0,0,0,0,0,0,0,0,0,0
2024-01-01 19:47:00,0.566,0.566,0,0,0,0,0,0,0,0,0,0,0,0,0
2024-01-01 19:48:00,0.552,0.552,0,0,0,0,0,0,0,0,0,0,0,0,0
2024-01-01 19:49:00,0.539,0.539,0,0,0,0,0,0,0,0,0,0,0,0,0
2024-01-01 19:50:00,0.526,0.526,0,0,0,0,0,0,0,0,0,0,0,0,0
2024-01-01 19:51:00,0.513,0.513,0,0,0,0,0,0,0,0,0,0,0,0,0
2024-01-01 19:52:00,0.501,0.501,0,0,0,0,0,0,0,0,0,0,0,0,0
2024-01-01 19:53:00,0.489,0.489,0,0,0,0,0,0,0,0,0,0,0,0,0
2024-01-01 19:54:00,0.477,0.477,0,0,0,0,0,0,0,0,0,0,0,0,0
2024-01-01 19:55:00,0.465,0.465,0,0,0,0,0,0,0,0,0,0,0,0,0
2024-01-01 19:56:00,0.454,0.454,0,0,0,0,0,0,0,0,0,0,0,0,0
2024-01-01 19:57:00,0.443,0.443,0,0,0,0,0,0,0,0,0,0,0,0,0
2024-01-01 19:58:00,0.432,0.432,0,0,0,0,0,0,0,0,0,0,0,0,0
2024-01-01 19:59:00,0.421,0.421,0,0,0,0,0,0,0,0,0,0,0,0,0
2024-01-01 20:00:00,0.411,0.411,0,0,0,0,0,0,0,0,0,0,0,0,0
2024-01-01 20:01:00,0.401,0.401,0,0,0,0,0,0,0,0,0,0,0,0,0
2024-01-01 20:02:00,0.391,0.391,0,0,0,0,0,0,0,0,0,0,0,0,0
2024-01-01 20:03:00,0.381,0.381,0,0,0,0,0,0,0,0,0,0,0,0,0
2024-01-01 20:04:00,0.372,0.372,0,0,0,0,0,0,0,0,0,0,0,0,0
2024-01-01 20:05:00,0.362,0.362,0,0,0,0,0,0,0,0,0,0,0,0,0
2024-01-01 20:06:00,0.353,0.353,0,0,0,0,0,0,0,0,0,0,0,0,0
2024-01-01 20:07:00,0.344,0.344,0,0,0,0,0,0,0,0,0,0,0,0,0
2024-01-01 20:08:00,0.336,0.336,0,0,0,0,0,0,0,0,0,0,0,0,0
2024-01-01 20:09:00,0.327,0.327,0,0,0,0,0,0,0,0,0,0,0,0,0
2024-01-01 20:10:00,0.319,0.319,0,0,0,0,0,0,0,0,0,0,0,0,0
2024-01-01 20:11:00,0.311,0.311,0,0,0,0,0,0,0,0,0,0,0,0,0
2024-01-01 20:12:00,0.303,0.303,0,0,0,0,0,0,0,0,0,0,0,0,0
2024-01-01 20:13:00,0.295,0.295,0,0,0,0,0,0,0,0,0,0,0,0,0
2024-01-01 20:14:00,0.288,0.288,0,0,0,0,0,0,0,0,0,0,0,0,0
2024-01-01 20:15:00,0.28,0.28,0,0,0,0,0,0,0,0,0,0,0,0,0
2024-01-01 20:16:00,0.273,0.273,0,0,0,0,0,0,0,0,0,0,0,0,0
2024-01-01 20:17:00,0.266,0.266,0,0,0,0,0,0,0,0,0,0,0,0,0
2024-01-01 20:18:00,0.259,0.259,0,0,0,0,0,0,0,0,0,0,0,0,0
2024-01-01 20:19:00,0.252,0.252,0,0,0,0,0,0,0,0,0,0,0,0,0
2024-01-01 20:20:00,0.246,0.246,0,0,0,0,0,0,0,0,0,0,0,0,0
2024-01-01 20:21:00,0.239,0.239,0,0,0,0,0,0,0,0,0,0,0,0,0
2024-01-01 20:22:00,0.233,0.233,0,0,0,0,0,0,0,0,0,0,0,0,0
2024-01-01 20:23:00,0.227,0.227,0,0,0,0,0,0,0,0,0,0,0,0,0
2024-01-01 20:24:00,0.221,0.221,0,0,0,0,0,0,0,0,0,0,0,0,0
2024-01-01 20:25:00,0.215,0.215,0,0,0,0,0,0,0,0,0,0,0,0,0
2024-01-01 20:26:00,0.21,0.21,0,0,0,0,0,0,0,0,0,0,0,0,0
2024-01-01 20:27:00,0.204,0.204,0,0,0,0,0,0,0,0,0,0,0,0,0
2024-01-01 20:28:00,0.199,0.199,0,0,0,0,0,0,0,0,0,0,0,0,0
2024-01-01 20:29:00,0.193,0.193,0,0,0,0,0,0,0,0,0,0,0,0,0
2024-01-01 20:30:00,0.188,0.188,0,0,0,0,0,0,0,0,0,0,0,0,0
2024-01-01 20:31:00,0.183,0.183,0,0,0,0,0,0,0,0,0,0,0,0,0
2024-01-01 20:32:00,0.178,0.178,0,0,0,0,0,0,0,0,0,0,0,0,0
2024-01-01 20:33:00,0.173,0.173,0,0,0,0,0,0,0,0,0,0,0,0,0
2024-01-01 20:34:00,0.169,0.169,0,0,0,0,0,0,0,0,0,0,0,0,0
2024-01-01 20:35:00,0.164,0.164,0,0,0,0,0,0,0,0,0,0,0,0,0
2024-01-01 20:36:00,0.16,0.16,0,0,0,0,0,0,0,0,0,0,0,0,0
2024-01-01 20:37:00,0.155,0.155,0,0,0,0,0,0,0,0,0,0,0,0,0
2024-01-01 20:38:00,0.151,0.151,0,0,0,0,0,0,0,0,0,0,0,0,0
2024-01-01 20:39:00,0.147,0.147,0,0,0,0,0,0,0,0,0,0,0,0,0
2024-01-01 20:40:00,0.143,0.143,0,0,0,0,0,0,0,0,0,0,0,0,0
2024-01-01 20:41:00,0.139,0.139,0,0,0,0,0,0,0,0,0,0,0,0,0
2024-01-01 20:42:00,0.135,0.135,0,0,0,0,0,0,0,0,0,0,0,0,0
2024-01-01 20:43:00,0.132,0.132,0,0,0,0,0,0,0,0,0,0,0,0,0
2024-01-01 20:44:00,0.128,0.128,0,0,0,0,0,0,0,0,0,0,0,0,0
2024-01-01 20:45:00,0.124,0.124,0,0,0,0,0,0,0,0,0,0,0,0,0
2024-01-01 20:46:00,0.121,0.121,0,0,0,0,0,0,0,0,0,0,0,0,0
2024-01-01 20:47:00,0.118,0.118,0,0,0,0,0,0,0,0,0,0,0,0,0
2024-01-01 20:48:00,0.114,0.114,0,0,0,0,0,0,0,0,0,0,0,0,0
2024-01-01 20:49:00,0.111,0.111,0,0,0,0,0,0,0,0,0,0,0,0,0
2024-01-01 20:50:00,0.108,0.108,0,0,0,0,0,0,0,0,0,0,0,0,0
2024-01-01 20:51:00,0.105,0.105,0,0,0,0,0,0,0,0,0,0,0,0,0
2024-01-01 20:52:00,0.102,0.102,0,0,0,0,0,0,0,0,0,0,0,0,0
2024-01-01 20:53:00,0.099,0.099,0,0,0,0,0,0,0,0,0,0,0,0,0
2024-01-01 20:54:00,0.096,0.096,0,0,0,0,0,0,0,0,0,0,0,0,0
2024-01-01 20:55:00,0.094,0.094,0,0,0,0,0,0,0,0,0,0,0,0,0
2024-01-01 20:56:00,0.091,0.091,0,0,0,0,0,0,0,0,0,0,0,0,0
2024-01-01 20:57:00,0.088,0.088,0,0,0,0,0,0,0,0,0,0,0,0,0
2024-01-01 20:58:00,0.086,0.086,0,0,0,0,0,0,0,0,0,0,0,0,0
2024-01-01 20:59:00,0.083,0.083,0,0,0,0,0,0,0,0,0,0,0,0,0
2024-01-01 21:00:00,0.081,0.081,0,0,0,0,0,0,0,0,0,0,0,0,0
2024-01-01 21:01:00,0.079,0.079,0,0,0,0,0,0,0,0,0,0,0,0,0
2024-01-01 21:02:00,0.076,0.076,0,0,0,0,0,0,0,0,0,0,0,0,0
2024-01-01 21:03:00,0.074,0.074,0,0,0,0,0,0,0,0,0,0,0,0,0
2024-01-01 21:04:00,0.072,0.072,0,0,0,0,0,0,0,0,0,0,0,0,0
2024-01-01 21:05:00,0.07,0.07,0,0,0,0,0,0,0,0,0,0,0,0,0
2024-01-01 21:06:00,0.068,0.068,0,0,0,0,0,0,0,0,0,0,0,0,0
2024-01-01 21:07:00,0.066,0.066,0,0,0,0,0,0,0,0,0,0,0,0,0
2024-01-01 21:08:00,0.064,0.064,0,0,0,0,0,0,0,0,0,0,0,0,0
2024-01-01 21:09:00,0.062,0.062,0,0,0,0,0,0,0,0,0,0,0,0,0
2024-01-01 21:10:00,0.06,0.06,0,0,0,0,0,0,0,0,0,0,0,0,0
2024-01-01 21:11:00,0.058,0.058,0,0,0,0,0,0,0,0,0,0,0,0,0
2024-01-01 21:12:00,0.057,0.057,0,0,0,0,0,0,0,0,0,0,0,0,0
2024-01-01 21:13:00,0.055,0.055,0,0,0,0,0,0,0,0,0,0,0,0,0
2024-01-01 21:14:00,0.053,0.053,0,0,0,0,0,0,0,0,0,0,0,0,0
2024-01-01 21:15:00,0.052,0.052,0,0,0,0,0,0,0,0,0,0,0,0,0
2024-01-01 21:16:00,0.05,0.05,0,0,0,0,0,0,0,0,0,0,0,0,0
2024-01-01 21:17:00,0.049,0.049,0,0,0,0,0,0,0,0,0,0,0,0,0
2024-01-01 21:18:00,0.047,0.047,0,0,0,0,0,0,0,0,0,0,0,0,0
2024-01-01 21:19:00,0.046,0.046,0,0,0,0,0,0,0,0,0,0,0,0,0
2024-01-01 21:20:00,0.045,0.045,0,0,0,0,0,0,0,0,0,0,0,0,0
2024-01-01 21:21:00,0.043,0.043,0,0,0,0,0,0,0,0,0,0,0,0,0
2024-01-01 21:22:00,0.042,0.042,0,0,0,0,0,0,0,0,0,0,0,0,0
2024-01-01 21:23:00,0.041,0.041,0,0,0,0,0,0,0,0,0,0,0,0,0
2024-01-01 21:24:00,0.039,0.039,0,0,0,0,0,0,0,0,0,0,0,0,0
2024-01-01 21:25:00,0.038,0.038,0,0,0,0,0,0,0,0,0,0,0,0,0
2024-01-01 21:26:00,0.037,0.037,0,0,0,0,0,0,0,0,0,0,0,0,0
2024-01-01 21:27:00,0.036,0.036,0,0,0,0,0,0,0,0,0,0,0,0,0
2024-01-01 21:28:00,0.035,0.035,0,0,0,0,0,0,0,0,0,0,0,0,0
2024-01-01 21:29:00,0.034,0.034,0,0,0,0,0,0,0,0,0,0,0,0,0
2024-01-01 21:30:00,0.033,0.033,0,0,0,0,0,0,0,0,0,0,0,0,0
2024-01-01 21:31:00,0.032,0.032,0,0,0,0,0,0,0,0,0,0,0,0,0
2024-01-01 21:32:00,0.031,0.031,0,0,0,0,0,0,0,0,0,0,0,0,0
2024-01-01 21:33:00,0.03,0.03,0,0,0,0,0,0,0,0,0,0,0,0,0
2024-01-01 21:34:00,0.029,0.029,0,0,0,0,0,0,0,0,0,0,0,0,0
2024-01-01 21:35:00,0.028,0.028,0,0,0,0,0,0,0,0,0,0,0,0,0
2024-01-01 21:36:00,0.027,0.027,0,0,0,0,0,0,0,0,0,0,0,0,0
2024-01-01 21:37:00,0.026,0.026,0,0,0,0,0,0,0,0,0,0,0,0,0
2024-01-01 21:38:00,0.025,0.025,0,0,0,0,0,0,0,0,0,0,0,0,0
2024-01-01 21:39:00,0.025,0.025,0,0,0,0,0,0,0,0,0,0,0,0,0
2024-01-01 21:40:00,0.024,0.024,0,0,0,0,0,0,0,0,0,0,0,0,0
2024-01-01 21:41:00,0.023,0.023,0,0,0,0,0,0,0,0,0,0,0,0,0
2024-01-01 21:42:00,0.022,0.022,0,0,0,0,0,0,0,0,0,0,0,0,0
2024-01-01 21:43:00,0.022,0.022,0,0,0,0,0,0,0,0,0,0,0,0,0
2024-01-01 21:44:00,0.021,0.021,0,0,0,0,0,0,0,0,0,0,0,0,0
2024-01-01 21:45:00,0.02,0.02,0,0,0,0,0,0,0,0,0,0,0,0,0
2024-01-01 21:46:00,0.02,0.02,0,0,0,0,0,0,0,0,0,0,0,0,0
2024-01-01 21:47:00,0.019,0.019,0,0,0,0,0,0,0,0,0,0,0,0,0
2024-01-01 21:48:00,0.018,0.018,0,0,0,0,0,0,0,0,0,0,0,0,0
2024-01-01 21:49:00,0.018,0.018,0,0,0,0,0,0,0,0,0,0,0,0,0
2024-01-01 21:50:00,0.017,0.017,0,0,0,0,0,0,0,0,0,0,0,0,0
2024-01-01 21:51:00,0.017,0.017,0,0,0,0,0,0,0,0,0,0,0,0,0
2024-01-01 21:52:00,0.016,0.016,0,0,0,0,0,0,0,0,0,0,0,0,0
2024-01-01 21:53:00,0.016,0.016,0,0,0,0,0,0,0,0,0,0,0,0,0
2024-01-01 21:54:00,0.015,0.015,0,0,0,0,0,0,0,0,0,0,0,0,0
2024-01-01 21:55:00,0.015,0.015,0,0,0,0,0,0,0,0,0,0,0,0,0
2024-01-01 21:56:00,0.014,0.014,0,0,0,0,0,0,0,0,0,0,0,0,0
2024-01-01 21:57:00,0.014,0.014,0,0,0,0,0,0,0,0,0,0,0,0,0
2024-01-01 21:58:00,0.013,0.013,0,0,0,0,0,0,0,0,0,0,0,0,0
2024-01-01 21:59:00,0.013,0.013,0,0,0,0,0,0,0,0,0,0,0,0,0
2024-01-01 22:00:00,0.012,0.012,0,0,0,0,0,0,0,0,0,0,0,0,0
2024-01-01 22:01:00,0.012,0.012,0,0,0,0,0,0,0,0,0,0,0,0,0
2024-01-01 22:02:00,0.012,0.012,0,0,0,0,0,0,0,0,0,0,0,0,0
2024-01-01 22:03:00,0.011,0.011,0,0,0,0,0,0,0,0,0,0,0,0,0
2024-01-01 22:04:00,0.011,0.011,0,0,0,0,0,0,0,0,0,0,0,0,0
2024-01-01 22:05:00,0.01,0.01,0,0,0,0,0,0,0,0,0,0,0,0,0
2024-01-01 22:06:00,0.01,0.01,0,0,0,0,0,0,0,0,0,0,0,0,0
2024-01-01 22:07:00,0.01,0.01,0,0,0,0,0,0,0,0,0,0,0,0,0
2024-01-01 22:08:00,0.009,0.009,0,0,0,0,0,0,0,0,0,0,0,0,0
2024-01-01 22:09:00,0.009,0.009,0,0,0,0,0,0,0,0,0,0,0,0,0
2024-01-01 22:10:00,0.009,0.009,0,0,0,0,0,0,0,0,0,0,0,0,0
2024-01-01 22:11:00,0.009,0.009,0,0,0,0,0,0,0,0,0,0,0,0,0
2024-01-01 22:12:00,0.008,0.008,0,0,0,0,0,0,0,0,0,0,0,0,0
2024-01-01 22:13:00,0.008,0.008,0,0,0,0,0,0,0,0,0,0,0,0,0
2024-01-01 22:14:00,0.008,0.008,0,0,0,0,0,0,0,0,0,0,0,0,0
2024-01-01 22:15:00,0.007,0.007,0,0,0,0,0,0,0,0,0,0,0,0,0
2024-01-01 22:16:00,0.007,0.007,0,0,0,0,0,0,0,0,0,0,0,0,0
2024-01-01 22:17:00,0.007,0.007,0,0,0,0,0,0,0,0,0,0,0,0,0
2024-01-01 22:18:00,0.007,0.007,0,0,0,0,0,0,0,0,0,0,0,0,0
2024-01-01 22:19:00,0.007,0.007,0,0,0,0,0,0,0,0,0,0,0,0,0
2024-01-01 22:20:00,0.006,0.006,0,0,0,0,0,0,0,0,0,0,0,0,0
2024-01-01 22:21:00,0.006,0.006,0,0,0,0,0,0,0,0,0,0,0,0,0
2024-01-01 22:22:00,0.006,0.006,0,0,0,0,0,0,0,0,0,0,0,0,0
2024-01-01 22:23:00,0.006,0.006,0,0,0,0,0,0,0,0,0,0,0,0,0
2024-01-01 22:24:00,0.005,0.005,0,0,0,0,0,0,0,0,0,0,0,0,0
2024-01-01 22:25:00,0.005,0.005,0,0,0,0,0,0,0,0,0,0,0,0,0
2024-01-01 22:26:00,0.005,0.005,0,0,0,0,0,0,0,0,0,0,0,0,0
2024-01-01 22:27:00,0.005,0.005,0,0,0,0,0,0,0,0,0,0,0,0,0
2024-01-01 22:28:00,0.005,0.005,0,0,0,0,0,0,0,0,0,0,0,0,0
2024-01-01 22:29:00,0.005,0.005,0,0,0,0,0,0,0,0,0,0,0,0,0
2024-01-01 22:30:00,0.004,0.004,0,0,0,0,0,0,0,0,0,0,0,0,0
2024-01-01 22:31:00,0.004,0.004,0,0,0,0,0,0,0,0,0,0,0,0,0
2024-01-01 22:32:00,0.004,0.004,0,0,0,0,0,0,0,0,0,0,0,0,0
2024-01-01 22:33:00,0.004,0.004,0,0,0,0,0,0,0,0,0,0,0,0,0
2024-01-01 22:34:00,0.004,0.004,0,0,0,0,0,0,0,0,0,0,0,0,0
2024-01-01 22:35:00,0.004,0.004,0,0,0,0,0,0,0,0,0,0,0,0,0
2024-01-01 22:36:00,0.004,0.004,0,0,0,0,0,0,0,0,0,0,0,0,0
2024-01-01 22:37:00,0.003,0.003,0,0,0,0,0,0,0,0,0,0,0,0,0
2024-01-01 22:38:00,0.003,0.003,0,0,0,0,0,0,0,0,0,0,0,0,0
2024-01-01 22:39:00,0.003,0.003,0,0,0,0,0,0,0,0,0,0,0,0,0
2024-01-01 22:40:00,0.003,0.003,0,0,0,0,0,0,0,0,0,0,0,0,0
2024-01-01 22:41:00,0.003,0.003,0,0,0,0,0,0,0,0,0,0,0,0,0
2024-01-01 22:42:00,0.003,0.003,0,0,0,0,0,0,0,0,0,0,0,0,0
2024-01-01 22:43:00,0.003,0.003,0,0,0,0,0,0,0,0,0,0,0,0,0
2024-01-01 22:44:00,0.003,0.003,0,0,0,0,0,0,0,0,0,0,0,0,0
2024-01-01 22:45:00,0.003,0.003,0,0,0,0,0,0,0,0,0,0,0,0,0
2024-01-01 22:46:00,0.002,0.002,0,0,0,0,0,0,0,0,0,0,0,0,0
2024-01-01 22:47:00,0.002,0.002,0,0,0,0,0,0,0,0,0,0,0,0,0
2024-01-01 22:48:00,0.002,0.002,0,0,0,0,0,0,0,0,0,0,0,0,0
2024-01-01 22:49:00,0.002,0.002,0,0,0,0,0,0,0,0,0,0,0,0,0
2024-01-01 22:50:00,0.002,0.002,0,0,0,0,0,0,0,0,0,0,0,0,0
2024-01-01 22:51:00,0.002,0.002,0,0,0,0,0,0,0,0,0,0,0,0,0
2024-01-01 22:52:00,0.002,0.002,0,0,0,0,0,0,0,0,0,0,0,0,0
2024-01-01 22:53:00,0.002,0.002,0,0,0,0,0,0,0,0,0,0,0,0,0
2024-01-01 22:54:00,0.002,0.002,0,0,0,0,0,0,0,0,0,0,0,0,0
2024-01-01 22:55:00,0.002,0.002,0,0,0,0,0,0,0,0,0,0,0,0,0
2024-01-01 22:56:00,0.002,0.002,0,0,0,0,0,0,0,0,0,0,0,0,0
2024-01-01 22:57:00,0.002,0.002,0,0,0,0,0,0,0,0,0,0,0,0,0
2024-01-01 22:58:00,0.002,0.002,0,0,0,0,0,0,0,0,0,0,0,0,0
2024-01-01 22:59:00,0.002,0.002,0,0,0,0,0,0,0,0,0,0,0,0,0
2024-01-01 23:00:00,0.001,0.001,0,0,0,0,0,0,0,0,0,0,0,0,0
2024-01-01 23:01:00,0.001,0.001,0,0,0,0,0,0,0,0,0,0,0,0,0
2024-01-01 23:02:00,0.001,0.001,0,0,0,0,0,0,0,0,0,0,0,0,0
2024-01-01 23:03:00,0.001,0.001,0,0,0,0,0,0,0,0,0,0,0,0,0
2024-01-01 23:04:00,0.001,0.001,0,0,0,0,0,0,0,0,0,0,0,0,0
2024-01-01 23:05:00,0.001,0.001,0,0,0,0,0,0,0,0,0,0,0,0,0
2024-01-01 23:06:00,0.001,0.001,0,0,0,0,0,0,0,0,0,0,0,0,0
2024-01-01 23:07:00,0.001,0.001,0,0,0,0,0,0,0,0,0,0,0,0,0
2024-01-01 23:08:00,0.001,0.001,0,0,0,0,0,0,0,0,0,0,0,0,0
2024-01-01 23:09:00,0.001,0.001,0,0,0,0,0,0,0,0,0,0,0,0,0
2024-01-01 23:10:00,0.001,0.001,0,0,0,0,0,0,0,0,0,0,0,0,0
2024-01-01 23:11:00,0.001,0.001,0,0,0,0,0,0,0,0,0,0,0,0,0
2024-01-01 23:12:00,0.001,0.001,0,0,0,0,0,0,0,0,0,0,0,0,0
2024-01-01 23:13:00,0.001,0.001,0,0,0,0,0,0,0,0,0,0,0,0,0
2024-01-01 23:14:00,0.001,0.001,0,0,0,0,0,0,0,0,0,0,0,0,0
2024-01-01 23:15:00,0.001,0.001,0,0,0,0,0,0,0,0,0,0,0,0,0
2024-01-01 23:16:00,0.001,0.001,0,0,0,0,0,0,0,0,0,0,0,0,0
2024-01-01 23:17:00,0.001,0.001,0,0,0,0,0,0,0,0,0,0,0,0,0
2024-01-01 23:18:00,0.001,0.001,0,0,0,0,0,0,0,0,0,0,0,0,0
2024-01-01 23:19:00,0.001,0.001,0,0,0,0,0,0,0,0,0,0,0,0,0
2024-01-01 23:20:00,0.001,0.001,0,0,0,0,0,0,0,0,0,0,0,0,0
2024-01-01 23:21:00,0.001,0.001,0,0,0,0,0,0,0,0,0,0,0,0,0
2024-01-01 23:22:00,0.001,0.001,0,0,0,0,0,0,0,0,0,0,0,0,0
2024-01-01 23:23:00,0.001,0.001,0,0,0,0,0,0,0,0,0,0,0,0,0
2024-01-01 23:24:00,0.001,0.001,0,0,0,0,0,0,0,0,0,0,0,0,0
2024-01-01 23:25:00,0.001,0.001,0,0,0,0,0,0,0,0,0,0,0,0,0
2024-01-01 23:26:00,0.001,0.001,0,0,0,0,0,0,0,0,0,0,0,0,0
2024-01-01 23:27:00,0.001,0.001,0,0,0,0,0,0,0,0,0,0,0,0,0
2024-01-01 23:28:00,0.001,0.001,0,0,0,0,0,0,0,0,0,0,0,0,0
2024-01-01 23:29:00,0.0,0.0,0,0,0,0,0,0,0,0,0,0,0,0,0
2024-01-01 23:30:00,0.0,0.0,0,0,0,0,0,0,0,0,0,0,0,0,0
2024-01-01 23:31:00,0.0,0.0,0,0,0,0,0,0,0,0,0,0,0,0,0
2024-01-01 23:32:00,0.0,0.0,0,0,0,0,0,0,0,0,0,0,0,0,0
2024-01-01 23:33:00,0.0,0.0,0,0,0,0,0,0,0,0,0,0,0,0,0
2024-01-01 23:34:00,0.0,0.0,0,0,0,0,0,0,0,0,0,0,0,0,0
2024-01-01 23:35:00,0.0,0.0,0,0,0,0,0,0,0,0,0,0,0,0,0
2024-01-01 23:36:00,0.0,0.0,0,0,0,0,0,0,0,0,0,0,0,0,0
2024-01-01 23:37:00,0.0,0.0,0,0,0,0,0,0,0,0,0,0,0,0,0
2024-01-01 23:38:00,0.0,0.0,0,0,0,0,0,0,0,0,0,0,0,0,0
2024-01-01 23:39:00,0.0,0.0,0,0,0,0,0,0,0,0,0,0,0,0,0
2024-01-01 23:40:00,0.0,0.0,0,0,0,0,0,0,0,0,0,0,0,0,0
2024-01-01 23:41:00,0.0,0.0,0,0,0,0,0,0,0,0,0,0,0,0,0
2024-01-01 23:42:00,0.0,0.0,0,0,0,0,0,0,0,0,0,0,0,0,0
2024-01-01 23:43:00,0.0,0.0,0,0,0,0,0,0,0,0,0,0,0,0,0
2024-01-01 23:44:00,0.0,0.0,0,0,0,0,0,0,0,0,0,0,0,0,0
2024-01-01 23:45:00,0.0,0.0,0,0,0,0,0,0,0,0,0,0,0,0,0
2024-01-01 23:46:00,0.0,0.0,0,0,0,0,0,0,0,0,0,0,0,0,0
2024-01-01 23:47:00,0.0,0.0,0,0,0,0,0,0,0,0,0,0,0,0,0
2024-01-01 23:48:00,0.0,0.0,0,0,0,0,0,0,0,0,0,0,0,0,0
2024-01-01 23:49:00,0.0,0.0,0,0,0,0,0,0,0,0,0,0,0,0,0
2024-01-01 23:50:00,0.0,0.0,0,0,0,0,0,0,0,0,0,0,0,0,0
2024-01-01 23:51:00,0.0,0.0,0,0,0,0,0,0,0,0,0,0,0,0,0
2024-01-01 23:52:00,0.0,0.0,0,0,0,0,0,0,0,0,0,0,0,0,0
2024-01-01 23:53:00,0.0,0.0,0,0,0,0,0,0,0,0,0,0,0,0,0
2024-01-01 23:54:00,0.0,0.0,0,0,0,0,0,0,0,0,0,0,0,0,0
2024-01-01 23:55:00,0.0,0.0,0,0,0,0,0,0,0,0,0,0,0,0,0
2024-01-01 23:56:00,0.0,0.0,0,0,0,0,0,0,0,0,0,0,0,0,0
2024-01-01 23:57:00,0.0,0.0,0,0,0,0,0,0,0,0,0,0,0,0,0
2024-01-01 23:58:00,0.0,0.0,0,0,0,0,0,0,0,0,0,0,0,0,0
2024-01-01 23:59:00,0.0,0.0,0,0,0,0,0,0,0,0,0,0,0,0,0
