timestamp,CAH-DER-0,CAH-DER-1,DER-ICA
2024-01-01 00:00:00,-7.584,-6.025,17.226
2024-01-01 00:01:00,-8.353,-6.763,15.702
2024-01-01 00:02:00,-5.987,-6.589,15.296
2024-01-01 00:03:00,-5.619,-8.261,17.035
2024-01-01 00:04:00,-7.241,-6.768,11.766
2024-01-01 00:05:00,-5.870,-7.877,12.735
2024-01-01 00:06:00,-7.138,-9.245,10.577
2024-01-01 00:07:00,-6.476,-8.244,8.862
2024-01-01 00:08:00,-6.926,-7.855,16.854
2024-01-01 00:09:00,-7.067,-5.723,12.418
2024-01-01 00:10:00,-7.476,-6.847,14.303
2024-01-01 00:11:00,-8.486,-5.525,14.579
2024-01-01 00:12:00,-7.995,-6.397,14.933
2024-01-01 00:13:00,-8.761,-7.586,12.620
2024-01-01 00:14:00,-6.708,-6.726,13.466
2024-01-01 00:15:00,-7.537,-8.848,18.765
2024-01-01 00:16:00,-7.245,-5.115,17.020
2024-01-01 00:17:00,-8.244,-6.758,11.541
2024-01-01 00:18:00,-7.455,-9.798,15.505
2024-01-01 00:19:00,-6.882,-8.150,13.720
2024-01-01 00:20:00,-8.092,-5.933,15.039
2024-01-01 00:21:00,-6.694,-7.169,17.118
2024-01-01 00:22:00,-8.440,-8.032,13.255
2024-01-01 00:23:00,-6.369,-6.754,18.333
2024-01-01 00:24:00,-7.411,-8.135,17.689
2024-01-01 00:25:00,-8.282,-6.555,11.804
2024-01-01 00:26:00,-6.561,-6.257,15.367
2024-01-01 00:27:00,-6.979,-7.370,15.248
2024-01-01 00:28:00,-6.299,-7.310,14.584
2024-01-01 00:29:00,-6.649,-7.632,13.580
2024-01-01 00:30:00,-6.691,-8.367,16.948
2024-01-01 00:31:00,-9.603,-7.354,11.541
2024-01-01 00:32:00,-7.571,-7.167,15.770
2024-01-01 00:33:00,-5.860,-8.006,14.206
2024-01-01 00:34:00,-7.373,-7.176,16.499
2024-01-01 00:35:00,-7.335,-8.435,16.237
2024-01-01 00:36:00,-7.197,-6.377,13.012
2024-01-01 00:37:00,-9.397,-6.728,14.573
2024-01-01 00:38:00,-7.211,-7.497,16.067
2024-01-01 00:39:00,-7.194,-6.731,13.235
2024-01-01 00:40:00,-7.011,-7.076,15.599
2024-01-01 00:41:00,-7.346,-8.481,14.779
2024-01-01 00:42:00,-8.274,-6.722,12.679
2024-01-01 00:43:00,-7.539,-6.846,16.787
2024-01-01 00:44:00,-6.902,-5.429,14.770
2024-01-01 00:45:00,-8.924,-8.136,12.943
2024-01-01 00:46:00,-8.351,-7.865,15.080
2024-01-01 00:47:00,-8.461,-8.213,11.199
2024-01-01 00:48:00,-5.860,-5.570,14.045
2024-01-01 00:49:00,-8.204,-7.690,16.230
2024-01-01 00:50:00,-7.430,-8.924,15.283
2024-01-01 00:51:00,-7.573,-6.931,17.346
2024-01-01 00:52:00,-6.869,-7.568,14.675
2024-01-01 00:53:00,-9.121,-8.007,16.574
2024-01-01 00:54:00,-9.352,-8.011,17.400
2024-01-01 00:55:00,-8.210,-8.484,15.835
2024-01-01 00:56:00,-8.079,-7.859,18.739
2024-01-01 00:57:00,-8.012,-9.129,13.991
2024-01-01 00:58:00,-5.192,-9.124,20.236
2024-01-01 00:59:00,-7.807,-8.462,13.721
2024-01-01 01:00:00,-7.828,-8.073,14.632
2024-01-01 01:01:00,-8.167,-6.496,19.256
2024-01-01 01:02:00,-5.050,-8.666,16.907
2024-01-01 01:03:00,-6.545,-6.817,19.518
2024-01-01 01:04:00,-6.917,-10.519,15.303
2024-01-01 01:05:00,-8.201,-8.796,16.517
2024-01-01 01:06:00,-8.523,-6.274,14.217
2024-01-01 01:07:00,-6.261,-7.882,16.886
2024-01-01 01:08:00,-7.892,-9.501,14.463
2024-01-01 01:09:00,-9.189,-7.755,14.638
2024-01-01 01:10:00,-5.349,-7.641,13.353
2024-01-01 01:11:00,-7.920,-8.219,16.318
2024-01-01 01:12:00,-7.115,-8.270,14.246
2024-01-01 01:13:00,-7.863,-8.157,13.828
2024-01-01 01:14:00,-7.203,-7.656,15.678
2024-01-01 01:15:00,-8.319,-8.592,13.185
2024-01-01 01:16:00,-7.541,-9.110,20.079
2024-01-01 01:17:00,-8.544,-9.688,16.410
2024-01-01 01:18:00,-6.457,-6.203,15.608
2024-01-01 01:19:00,-8.908,-8.253,15.185
2024-01-01 01:20:00,-9.384,-8.478,16.715
2024-01-01 01:21:00,-6.662,-8.796,19.252
2024-01-01 01:22:00,-9.178,-7.526,14.381
2024-01-01 01:23:00,-9.429,-7.002,18.906
2024-01-01 01:24:00,-8.351,-6.973,15.620
2024-01-01 01:25:00,-6.642,-7.048,14.997
2024-01-01 01:26:00,-8.429,-7.403,17.410
2024-01-01 01:27:00,-7.380,-6.999,17.380
2024-01-01 01:28:00,-9.314,-8.922,15.563
2024-01-01 01:29:00,-7.581,-8.215,14.862
2024-01-01 01:30:00,-7.242,-6.489,14.384
2024-01-01 01:31:00,-7.648,-8.580,14.036
2024-01-01 01:32:00,-8.612,-8.485,13.819
2024-01-01 01:33:00,-9.393,-7.731,17.529
2024-01-01 01:34:00,-8.375,-8.679,13.892
2024-01-01 01:35:00,-8.346,-7.750,14.956
2024-01-01 01:36:00,-8.604,-7.436,17.780
2024-01-01 01:37:00,-7.766,-9.028,16.419
2024-01-01 01:38:00,-6.914,-7.570,13.725
2024-01-01 01:39:00,-9.049,-5.742,15.658
2024-01-01 01:40:00,-9.295,-6.225,17.338
2024-01-01 01:41:00,-7.980,-8.139,15.635
2024-01-01 01:42:00,-8.145,-9.685,15.408
2024-01-01 01:43:00,-8.060,-5.874,17.806
2024-01-01 01:44:00,-9.731,-7.554,17.136
2024-01-01 01:45:00,-7.445,-8.865,20.061
2024-01-01 01:46:00,-9.228,-9.027,16.401
2024-01-01 01:47:00,-7.463,-9.413,16.439
2024-01-01 01:48:00,-7.644,-7.856,19.533
2024-01-01 01:49:00,-7.521,-8.138,19.594
2024-01-01 01:50:00,-9.140,-7.222,16.430
2024-01-01 01:51:00,-8.175,-6.315,12.938
2024-01-01 01:52:00,-10.662,-8.099,18.399
2024-01-01 01:53:00,-8.182,-7.910,17.687
2024-01-01 01:54:00,-7.566,-9.925,14.817
2024-01-01 01:55:00,-7.719,-9.806,13.014
2024-01-01 01:56:00,-9.260,-9.217,18.039
2024-01-01 01:57:00,-8.803,-9.451,13.940
2024-01-01 01:58:00,-6.919,-9.217,13.487
2024-01-01 01:59:00,-9.309,-7.190,21.066
2024-01-01 02:00:00,-7.043,-9.534,19.034
2024-01-01 02:01:00,-8.522,-8.132,15.864
2024-01-01 02:02:00,-8.286,-9.402,15.411
2024-01-01 02:03:00,-9.281,-9.059,13.946
2024-01-01 02:04:00,-8.644,-8.230,16.145
2024-01-01 02:05:00,-7.666,-7.707,17.598
2024-01-01 02:06:00,-9.092,-9.151,17.556
2024-01-01 02:07:00,-9.046,-9.108,18.638
2024-01-01 02:08:00,-7.770,-8.207,15.904
2024-01-01 02:09:00,-7.476,-7.559,17.441
2024-01-01 02:10:00,-9.498,-8.233,18.195
2024-01-01 02:11:00,-8.697,-7.586,15.204
2024-01-01 02:12:00,-10.145,-8.189,17.116
2024-01-01 02:13:00,-9.444,-8.044,18.330
2024-01-01 02:14:00,-8.355,-7.913,14.913
2024-01-01 02:15:00,-7.355,-8.162,22.403
2024-01-01 02:16:00,-9.842,-8.262,16.273
2024-01-01 02:17:00,-8.160,-7.435,16.613
2024-01-01 02:18:00,-9.216,-9.649,14.563
2024-01-01 02:19:00,-9.771,-9.303,21.149
2024-01-01 02:20:00,-8.291,-8.820,20.057
2024-01-01 02:21:00,-8.879,-9.036,20.653
2024-01-01 02:22:00,-8.737,-7.468,16.117
2024-01-01 02:23:00,-8.884,-10.389,15.991
2024-01-01 02:24:00,-8.430,-8.897,18.274
2024-01-01 02:25:00,-8.379,-9.008,17.560
2024-01-01 02:26:00,-7.907,-9.204,17.560
2024-01-01 02:27:00,-9.295,-9.304,18.394
2024-01-01 02:28:00,-9.292,-7.890,20.432
2024-01-01 02:29:00,-7.659,-8.930,18.590
2024-01-01 02:30:00,-8.730,-9.492,15.988
2024-01-01 02:31:00,-8.417,-8.808,19.762
2024-01-01 02:32:00,-10.590,-7.211,17.177
2024-01-01 02:33:00,-9.358,-9.355,18.078
2024-01-01 02:34:00,-7.884,-7.243,18.854
2024-01-01 02:35:00,-8.509,-9.023,16.493
2024-01-01 02:36:00,-7.421,-5.927,19.116
2024-01-01 02:37:00,-9.025,-8.482,14.828
2024-01-01 02:38:00,-8.011,-9.712,16.734
2024-01-01 02:39:00,-8.561,-7.804,19.320
2024-01-01 02:40:00,-8.231,-8.034,14.113
2024-01-01 02:41:00,-7.724,-8.173,15.734
2024-01-01 02:42:00,-8.787,-9.956,13.247
2024-01-01 02:43:00,-8.848,-7.627,19.164
2024-01-01 02:44:00,-8.504,-8.987,15.115
2024-01-01 02:45:00,-10.633,-8.377,19.902
2024-01-01 02:46:00,-8.171,-9.097,19.806
2024-01-01 02:47:00,-9.466,-8.344,20.788
2024-01-01 02:48:00,-10.538,-8.980,21.265
2024-01-01 02:49:00,-9.692,-8.687,16.589
2024-01-01 02:50:00,-8.281,-6.466,15.854
2024-01-01 02:51:00,-9.443,-8.389,19.020
2024-01-01 02:52:00,-8.522,-8.246,18.231
2024-01-01 02:53:00,-8.298,-9.406,17.001
2024-01-01 02:54:00,-7.634,-9.388,14.891
2024-01-01 02:55:00,-6.295,-9.440,18.131
2024-01-01 02:56:00,-8.712,-11.114,21.406
2024-01-01 02:57:00,-7.854,-10.064,19.689
2024-01-01 02:58:00,-9.081,-9.849,16.149
2024-01-01 02:59:00,-9.062,-7.874,18.136
2024-01-01 03:00:00,-9.253,-8.986,20.187
2024-01-01 03:01:00,-7.396,-8.090,18.070
2024-01-01 03:02:00,-8.862,-7.688,15.509
2024-01-01 03:03:00,-10.265,-9.460,20.267
2024-01-01 03:04:00,-9.890,-9.435,20.938
2024-01-01 03:05:00,-9.055,-8.115,16.850
2024-01-01 03:06:00,-9.212,-8.155,18.255
2024-01-01 03:07:00,-8.434,-9.281,19.182
2024-01-01 03:08:00,-8.769,-8.581,18.963
2024-01-01 03:09:00,-10.457,-9.455,18.084
2024-01-01 03:10:00,-10.864,-7.997,16.604
2024-01-01 03:11:00,-9.300,-7.317,17.796
2024-01-01 03:12:00,-8.791,-8.924,19.445
2024-01-01 03:13:00,-7.592,-6.992,18.641
2024-01-01 03:14:00,-9.371,-9.843,21.108
2024-01-01 03:15:00,-8.663,-10.016,17.210
2024-01-01 03:16:00,-9.852,-8.192,19.591
2024-01-01 03:17:00,-9.593,-8.216,17.175
2024-01-01 03:18:00,-9.305,-9.956,18.496
2024-01-01 03:19:00,-8.247,-9.598,17.482
2024-01-01 03:20:00,-9.951,-9.805,14.757
2024-01-01 03:21:00,-8.772,-10.063,18.924
2024-01-01 03:22:00,-9.471,-12.002,16.743
2024-01-01 03:23:00,-8.372,-10.191,17.073
2024-01-01 03:24:00,-9.973,-9.985,18.136
2024-01-01 03:25:00,-9.302,-8.879,20.089
2024-01-01 03:26:00,-9.155,-9.279,21.501
2024-01-01 03:27:00,-10.588,-10.865,18.564
2024-01-01 03:28:00,-8.371,-8.224,19.406
2024-01-01 03:29:00,-9.018,-8.042,20.547
2024-01-01 03:30:00,-9.992,-9.005,19.493
2024-01-01 03:31:00,-10.001,-7.929,19.732
2024-01-01 03:32:00,-9.307,-10.429,14.003
2024-01-01 03:33:00,-10.192,-10.778,21.065
2024-01-01 03:34:00,-7.873,-10.418,20.562
2024-01-01 03:35:00,-10.550,-7.375,19.640
2024-01-01 03:36:00,-9.174,-10.043,21.387
2024-01-01 03:37:00,-8.137,-9.547,19.542
2024-01-01 03:38:00,-9.789,-10.746,23.533
2024-01-01 03:39:00,-8.856,-11.213,14.679
2024-01-01 03:40:00,-10.527,-9.047,20.203
2024-01-01 03:41:00,-10.115,-10.835,17.483
2024-01-01 03:42:00,-8.115,-7.822,23.296
2024-01-01 03:43:00,-10.416,-9.786,18.015
2024-01-01 03:44:00,-10.501,-9.185,20.999
2024-01-01 03:45:00,-9.340,-9.290,18.468
2024-01-01 03:46:00,-10.376,-10.776,16.429
2024-01-01 03:47:00,-8.404,-8.472,18.931
2024-01-01 03:48:00,-8.207,-11.178,20.078
2024-01-01 03:49:00,-8.713,-8.876,21.520
2024-01-01 03:50:00,-8.270,-10.105,17.184
2024-01-01 03:51:00,-7.283,-9.309,17.869
2024-01-01 03:52:00,-9.389,-9.403,21.865
2024-01-01 03:53:00,-7.543,-9.568,18.727
2024-01-01 03:54:00,-8.416,-8.296,16.969
2024-01-01 03:55:00,-10.548,-8.700,18.359
2024-01-01 03:56:00,-9.491,-9.731,20.881
2024-01-01 03:57:00,-8.514,-12.325,21.936
2024-01-01 03:58:00,-9.089,-8.508,18.918
2024-01-01 03:59:00,-11.428,-9.251,19.382
2024-01-01 04:00:00,-9.771,-10.986,20.427
2024-01-01 04:01:00,-9.944,-7.620,20.916
2024-01-01 04:02:00,-8.722,-9.401,21.540
2024-01-01 04:03:00,-9.002,-9.442,19.839
2024-01-01 04:04:00,-9.748,-10.366,17.134
2024-01-01 04:05:00,-9.243,-9.681,18.886
2024-01-01 04:06:00,-8.157,-8.524,19.203
2024-01-01 04:07:00,-9.249,-9.508,18.728
2024-01-01 04:08:00,-8.911,-10.068,17.231
2024-01-01 04:09:00,-10.040,-9.221,20.199
2024-01-01 04:10:00,-8.722,-10.177,18.535
2024-01-01 04:11:00,-9.327,-10.388,16.520
2024-01-01 04:12:00,-11.825,-8.562,18.631
2024-01-01 04:13:00,-8.620,-10.385,18.221
2024-01-01 04:14:00,-10.235,-8.375,18.863
2024-01-01 04:15:00,-8.416,-10.119,20.878
2024-01-01 04:16:00,-9.096,-9.066,21.142
2024-01-01 04:17:00,-11.207,-9.979,21.945
2024-01-01 04:18:00,-8.591,-10.049,18.879
2024-01-01 04:19:00,-11.292,-10.026,18.740
2024-01-01 04:20:00,-8.983,-9.845,19.212
2024-01-01 04:21:00,-9.878,-9.859,20.820
2024-01-01 04:22:00,-7.400,-9.070,22.228
2024-01-01 04:23:00,-10.440,-10.471,18.335
2024-01-01 04:24:00,-10.255,-9.841,15.492
2024-01-01 04:25:00,-9.349,-8.943,20.051
2024-01-01 04:26:00,-10.648,-10.336,18.699
2024-01-01 04:27:00,-8.239,-11.381,16.658
2024-01-01 04:28:00,-10.418,-9.762,18.727
2024-01-01 04:29:00,-10.135,-8.572,20.148
2024-01-01 04:30:00,-10.170,-9.324,21.092
2024-01-01 04:31:00,-9.305,-9.936,19.136
2024-01-01 04:32:00,-9.350,-10.891,20.312
2024-01-01 04:33:00,-10.298,-9.947,18.370
2024-01-01 04:34:00,-9.597,-9.999,21.649
2024-01-01 04:35:00,-8.796,-11.706,21.293
2024-01-01 04:36:00,-9.546,-9.905,16.547
2024-01-01 04:37:00,-9.874,-9.876,22.710
2024-01-01 04:38:00,-8.820,-8.796,21.205
2024-01-01 04:39:00,-10.582,-10.779,17.400
2024-01-01 04:40:00,-8.893,-11.325,21.001
2024-01-01 04:41:00,-11.505,-10.295,23.194
2024-01-01 04:42:00,-10.864,-8.083,16.193
2024-01-01 04:43:00,-9.340,-8.852,17.858
2024-01-01 04:44:00,-10.422,-10.700,19.320
2024-01-01 04:45:00,-9.145,-8.013,18.012
2024-01-01 04:46:00,-10.635,-11.086,16.720
2024-01-01 04:47:00,-9.050,-9.721,20.995
2024-01-01 04:48:00,-11.179,-9.607,18.783
2024-01-01 04:49:00,-9.890,-10.161,19.181
2024-01-01 04:50:00,-10.762,-8.719,18.957
2024-01-01 04:51:00,-8.766,-10.318,18.760
2024-01-01 04:52:00,-9.172,-10.309,17.678
2024-01-01 04:53:00,-10.483,-9.165,20.799
2024-01-01 04:54:00,-10.737,-11.334,18.661
2024-01-01 04:55:00,-9.772,-9.863,21.465
2024-01-01 04:56:00,-9.563,-10.580,23.306
2024-01-01 04:57:00,-8.626,-10.872,20.292
2024-01-01 04:58:00,-9.299,-10.071,19.368
2024-01-01 04:59:00,-10.473,-10.260,19.125
2024-01-01 05:00:00,-10.190,-8.834,20.512
2024-01-01 05:01:00,-11.467,-9.774,20.305
2024-01-01 05:02:00,-9.023,-8.388,22.924
2024-01-01 05:03:00,-9.024,-11.115,21.279
2024-01-01 05:04:00,-9.986,-11.156,21.208
2024-01-01 05:05:00,-11.002,-11.636,21.181
2024-01-01 05:06:00,-10.752,-10.082,17.762
2024-01-01 05:07:00,-11.758,-10.281,20.702
2024-01-01 05:08:00,-9.658,-11.083,18.752
2024-01-01 05:09:00,-9.086,-11.045,19.900
2024-01-01 05:10:00,-10.279,-10.371,16.150
2024-01-01 05:11:00,-10.018,-9.119,19.508
2024-01-01 05:12:00,-10.887,-8.484,19.962
2024-01-01 05:13:00,-9.521,-10.818,18.443
2024-01-01 05:14:00,-9.785,-9.037,19.209
2024-01-01 05:15:00,-9.762,-10.199,18.637
2024-01-01 05:16:00,-10.542,-10.313,17.743
2024-01-01 05:17:00,-9.834,-9.961,23.275
2024-01-01 05:18:00,-9.542,-9.817,20.214
2024-01-01 05:19:00,-10.089,-9.391,20.465
2024-01-01 05:20:00,-9.896,-10.805,22.961
2024-01-01 05:21:00,-10.604,-10.901,23.523
2024-01-01 05:22:00,-10.996,-12.217,20.521
2024-01-01 05:23:00,-7.932,-9.098,17.713
2024-01-01 05:24:00,-10.482,-10.392,20.675
2024-01-01 05:25:00,-9.911,-10.120,20.748
2024-01-01 05:26:00,-9.453,-9.066,19.150
2024-01-01 05:27:00,-9.461,-9.502,22.345
2024-01-01 05:28:00,-9.488,-10.117,19.815
2024-01-01 05:29:00,-9.443,-9.710,17.992
2024-01-01 05:30:00,-9.433,-8.018,20.959
2024-01-01 05:31:00,-8.886,-10.576,19.231
2024-01-01 05:32:00,-10.067,-8.900,20.103
2024-01-01 05:33:00,-12.201,-9.466,17.995
2024-01-01 05:34:00,-9.138,-9.069,20.942
2024-01-01 05:35:00,-10.522,-9.447,17.391
2024-01-01 05:36:00,-9.830,-10.158,19.571
2024-01-01 05:37:00,-9.671,-13.750,20.317
2024-01-01 05:38:00,-10.105,-8.409,14.914
2024-01-01 05:39:00,-7.956,-10.600,22.772
2024-01-01 05:40:00,-9.244,-10.119,19.258
2024-01-01 05:41:00,-8.996,-9.276,19.981
2024-01-01 05:42:00,-10.406,-8.367,17.279
2024-01-01 05:43:00,-8.555,-10.113,22.626
2024-01-01 05:44:00,-8.801,-10.530,15.691
2024-01-01 05:45:00,-11.507,-9.277,18.273
2024-01-01 05:46:00,-10.614,-10.036,20.349
2024-01-01 05:47:00,-10.335,-10.689,17.247
2024-01-01 05:48:00,-10.018,-11.944,17.330
2024-01-01 05:49:00,-8.768,-10.488,21.914
2024-01-01 05:50:00,-10.368,-8.763,24.579
2024-01-01 05:51:00,-11.070,-10.761,20.040
2024-01-01 05:52:00,-9.594,-9.826,20.697
2024-01-01 05:53:00,-8.546,-10.594,21.756
2024-01-01 05:54:00,-11.248,-8.481,18.775
2024-01-01 05:55:00,-9.697,-8.146,16.972
2024-01-01 05:56:00,-9.848,-9.465,18.368
2024-01-01 05:57:00,-12.598,-10.406,20.143
2024-01-01 05:58:00,-9.439,-10.030,20.726
2024-01-01 05:59:00,-9.360,-8.629,19.853
2024-01-01 06:00:00,-9.708,-10.482,21.662
2024-01-01 06:01:00,-10.232,-10.972,18.720
2024-01-01 06:02:00,-10.544,-10.906,18.864
2024-01-01 06:03:00,-11.121,-10.070,18.141
2024-01-01 06:04:00,-10.167,-11.065,18.579
2024-01-01 06:05:00,-10.141,-9.410,21.868
2024-01-01 06:06:00,-11.090,-11.866,23.020
2024-01-01 06:07:00,-12.322,-9.386,18.898
2024-01-01 06:08:00,-10.788,-10.565,17.298
2024-01-01 06:09:00,-10.792,-9.416,18.147
2024-01-01 06:10:00,-10.613,-11.876,18.400
2024-01-01 06:11:00,-10.958,-9.273,18.231
2024-01-01 06:12:00,-8.788,-9.500,18.119
2024-01-01 06:13:00,-8.686,-9.276,19.023
2024-01-01 06:14:00,-9.556,-10.047,21.816
2024-01-01 06:15:00,-11.133,-9.526,18.406
2024-01-01 06:16:00,-9.685,-8.013,20.330
2024-01-01 06:17:00,-10.988,-9.973,19.752
2024-01-01 06:18:00,-10.972,-10.795,18.642
2024-01-01 06:19:00,-9.283,-10.309,21.271
2024-01-01 06:20:00,-10.279,-9.139,20.133
2024-01-01 06:21:00,-7.851,-12.102,21.842
2024-01-01 06:22:00,-9.227,-11.840,17.313
2024-01-01 06:23:00,-11.199,-8.588,21.860
2024-01-01 06:24:00,-9.121,-8.460,22.796
2024-01-01 06:25:00,-10.187,-8.814,20.722
2024-01-01 06:26:00,-10.184,-10.043,21.272
2024-01-01 06:27:00,-9.877,-8.668,18.131
2024-01-01 06:28:00,-10.626,-9.345,16.766
2024-01-01 06:29:00,-10.128,-11.297,18.441
2024-01-01 06:30:00,-10.404,-8.353,17.383
2024-01-01 06:31:00,-10.609,-9.558,19.509
2024-01-01 06:32:00,-9.561,-10.801,20.208
2024-01-01 06:33:00,-10.748,-9.078,16.556
2024-01-01 06:34:00,-11.331,-9.398,23.416
2024-01-01 06:35:00,-11.381,-9.421,17.491
2024-01-01 06:36:00,-10.385,-10.535,21.087
2024-01-01 06:37:00,-10.434,-9.302,19.967
2024-01-01 06:38:00,-8.657,-10.348,19.497
2024-01-01 06:39:00,-10.820,-11.561,19.009
2024-01-01 06:40:00,-7.765,-8.652,20.874
2024-01-01 06:41:00,-10.332,-8.693,19.135
2024-01-01 06:42:00,-10.928,-9.687,17.465
2024-01-01 06:43:00,-9.644,-9.287,19.400
2024-01-01 06:44:00,-10.428,-9.324,19.127
2024-01-01 06:45:00,-9.711,-8.911,23.354
2024-01-01 06:46:00,-11.437,-10.177,17.006
2024-01-01 06:47:00,-10.543,-8.230,21.479
2024-01-01 06:48:00,-11.450,-9.494,21.046
2024-01-01 06:49:00,-12.307,-9.935,19.754
2024-01-01 06:50:00,-11.428,-9.976,19.754
2024-01-01 06:51:00,-9.451,-9.712,21.020
2024-01-01 06:52:00,-10.559,-11.030,17.510
2024-01-01 06:53:00,-8.203,-7.629,18.990
2024-01-01 06:54:00,-10.701,-10.671,22.088
2024-01-01 06:55:00,-9.437,-8.568,15.166
2024-01-01 06:56:00,-9.813,-9.776,18.009
2024-01-01 06:57:00,-9.200,-8.687,18.077
2024-01-01 06:58:00,-9.835,-10.201,22.747
2024-01-01 06:59:00,-9.819,-8.263,18.569
2024-01-01 07:00:00,-8.208,-9.363,21.680
2024-01-01 07:01:00,-9.947,-11.066,20.699
2024-01-01 07:02:00,-11.242,-10.201,22.916
2024-01-01 07:03:00,-9.978,-10.931,18.929
2024-01-01 07:04:00,-9.358,-9.053,20.364
2024-01-01 07:05:00,-9.490,-9.089,21.523
2024-01-01 07:06:00,-10.291,-11.363,22.486
2024-01-01 07:07:00,-10.683,-10.322,19.907
2024-01-01 07:08:00,-10.935,-8.540,18.069
2024-01-01 07:09:00,-8.541,-9.442,20.655
2024-01-01 07:10:00,-8.586,-10.489,20.681
2024-01-01 07:11:00,-11.001,-10.972,21.631
2024-01-01 07:12:00,-11.042,-8.821,20.441
2024-01-01 07:13:00,-10.939,-10.543,19.866
2024-01-01 07:14:00,-8.517,-10.080,19.193
2024-01-01 07:15:00,-8.676,-10.259,19.054
2024-01-01 07:16:00,-11.764,-9.963,21.520
2024-01-01 07:17:00,-10.220,-8.941,18.777
2024-01-01 07:18:00,-10.504,-12.382,20.504
2024-01-01 07:19:00,-10.594,-11.422,20.715
2024-01-01 07:20:00,-9.624,-9.921,24.211
2024-01-01 07:21:00,-8.601,-10.512,21.753
2024-01-01 07:22:00,-9.554,-9.802,18.326
2024-01-01 07:23:00,-8.049,-10.264,20.135
2024-01-01 07:24:00,-9.796,-10.135,19.255
2024-01-01 07:25:00,-10.720,-7.955,19.827
2024-01-01 07:26:00,-8.483,-8.609,21.042
2024-01-01 07:27:00,-9.689,-8.718,21.104
2024-01-01 07:28:00,-9.000,-11.664,19.433
2024-01-01 07:29:00,-8.177,-10.664,17.323
2024-01-01 07:30:00,-10.246,-10.462,18.718
2024-01-01 07:31:00,-9.663,-9.582,20.073
2024-01-01 07:32:00,-8.564,-10.193,19.521
2024-01-01 07:33:00,-8.911,-10.662,16.558
2024-01-01 07:34:00,-8.504,-10.263,23.319
2024-01-01 07:35:00,-8.622,-9.202,19.875
2024-01-01 07:36:00,-8.884,-9.224,18.642
2024-01-01 07:37:00,-9.972,-12.376,19.708
2024-01-01 07:38:00,-8.951,-10.103,21.883
2024-01-01 07:39:00,-8.810,-8.626,18.801
2024-01-01 07:40:00,-8.129,-9.092,17.982
2024-01-01 07:41:00,-10.602,-10.265,19.567
2024-01-01 07:42:00,-10.301,-11.503,21.808
2024-01-01 07:43:00,-8.473,-9.548,17.120
2024-01-01 07:44:00,-10.015,-8.728,19.333
2024-01-01 07:45:00,-9.671,-9.900,16.734
2024-01-01 07:46:00,-10.731,-11.680,19.394
2024-01-01 07:47:00,-10.160,-9.208,16.278
2024-01-01 07:48:00,-9.825,-9.691,17.479
2024-01-01 07:49:00,-9.539,-9.526,21.914
2024-01-01 07:50:00,-10.209,-11.320,16.860
2024-01-01 07:51:00,-9.068,-8.445,18.765
2024-01-01 07:52:00,-9.777,-9.701,22.687
2024-01-01 07:53:00,-9.871,-8.356,16.245
2024-01-01 07:54:00,-10.703,-8.949,19.181
2024-01-01 07:55:00,-8.220,-9.103,20.811
2024-01-01 07:56:00,-10.547,-11.431,19.333
2024-01-01 07:57:00,-9.426,-9.025,20.636
2024-01-01 07:58:00,-10.069,-9.924,18.164
2024-01-01 07:59:00,-8.235,-9.596,20.253
2024-01-01 08:00:00,-8.869,-9.483,17.774
2024-01-01 08:01:00,-9.892,-9.383,16.462
2024-01-01 08:02:00,-8.531,-8.676,13.262
2024-01-01 08:03:00,-7.362,-10.624,19.440
2024-01-01 08:04:00,-9.215,-9.951,17.562
2024-01-01 08:05:00,-9.861,-9.093,16.240
2024-01-01 08:06:00,-10.352,-9.583,14.318
2024-01-01 08:07:00,-10.725,-9.225,19.592
2024-01-01 08:08:00,-10.228,-9.945,20.384
2024-01-01 08:09:00,-10.481,-10.398,19.101
2024-01-01 08:10:00,-10.875,-8.649,15.987
2024-01-01 08:11:00,-8.613,-9.952,19.290
2024-01-01 08:12:00,-9.165,-8.405,20.722
2024-01-01 08:13:00,-10.405,-10.041,17.418
2024-01-01 08:14:00,-10.363,-11.555,21.942
2024-01-01 08:15:00,-9.446,-10.095,15.474
2024-01-01 08:16:00,-9.399,-10.932,22.697
2024-01-01 08:17:00,-8.664,-11.396,15.966
2024-01-01 08:18:00,-10.432,-9.066,18.518
2024-01-01 08:19:00,-9.177,-10.868,18.966
2024-01-01 08:20:00,-10.457,-8.471,19.665
2024-01-01 08:21:00,-9.430,-10.068,22.099
2024-01-01 08:22:00,-10.867,-9.010,18.019
2024-01-01 08:23:00,-10.453,-8.051,19.331
2024-01-01 08:24:00,-8.008,-10.017,22.300
2024-01-01 08:25:00,-9.174,-8.406,19.326
2024-01-01 08:26:00,-10.255,-10.200,18.501
2024-01-01 08:27:00,-9.869,-9.478,21.877
2024-01-01 08:28:00,-9.822,-7.588,22.385
2024-01-01 08:29:00,-9.831,-7.503,18.704
2024-01-01 08:30:00,-7.834,-8.845,16.849
2024-01-01 08:31:00,-10.862,-10.811,18.303
2024-01-01 08:32:00,-11.615,-9.746,19.395
2024-01-01 08:33:00,-10.100,-10.723,23.977
2024-01-01 08:34:00,-9.890,-8.123,16.229
2024-01-01 08:35:00,-10.941,-9.663,17.836
2024-01-01 08:36:00,-9.839,-9.324,18.761
2024-01-01 08:37:00,-10.655,-8.972,19.247
2024-01-01 08:38:00,-8.310,-11.572,17.743
2024-01-01 08:39:00,-9.628,-9.224,16.732
2024-01-01 08:40:00,-10.677,-9.492,20.663
2024-01-01 08:41:00,-8.502,-8.056,21.320
2024-01-01 08:42:00,-10.275,-8.902,19.144
2024-01-01 08:43:00,-8.779,-10.405,18.414
2024-01-01 08:44:00,-9.287,-9.996,18.403
2024-01-01 08:45:00,-8.856,-8.754,15.013
2024-01-01 08:46:00,-9.515,-10.389,16.298
2024-01-01 08:47:00,-8.961,-8.586,15.940
2024-01-01 08:48:00,-11.253,-7.319,20.124
2024-01-01 08:49:00,-9.249,-9.875,19.265
2024-01-01 08:50:00,-9.464,-9.030,18.435
2024-01-01 08:51:00,-9.809,-9.440,18.037
2024-01-01 08:52:00,-9.636,-10.148,14.583
2024-01-01 08:53:00,-8.249,-10.324,21.866
2024-01-01 08:54:00,-9.175,-8.188,16.943
2024-01-01 08:55:00,-7.253,-9.082,14.098
2024-01-01 08:56:00,-7.893,-7.382,16.376
2024-01-01 08:57:00,-9.510,-8.542,20.605
2024-01-01 08:58:00,-9.752,-8.239,16.801
2024-01-01 08:59:00,-8.038,-10.677,14.398
2024-01-01 09:00:00,-7.247,-7.693,18.730
2024-01-01 09:01:00,-8.051,-7.841,23.004
2024-01-01 09:02:00,-7.981,-8.469,19.718
2024-01-01 09:03:00,-8.856,-8.407,17.715
2024-01-01 09:04:00,-7.701,-7.487,17.549
2024-01-01 09:05:00,-8.331,-9.547,15.999
2024-01-01 09:06:00,-8.748,-9.047,16.620
2024-01-01 09:07:00,-9.299,-9.223,14.397
2024-01-01 09:08:00,-8.871,-8.944,19.215
2024-01-01 09:09:00,-7.445,-8.006,20.576
2024-01-01 09:10:00,-7.763,-9.657,18.515
2024-01-01 09:11:00,-7.389,-8.574,17.268
2024-01-01 09:12:00,-8.354,-8.811,19.213
2024-01-01 09:13:00,-8.707,-8.501,19.098
2024-01-01 09:14:00,-6.340,-9.549,17.785
2024-01-01 09:15:00,-8.706,-9.330,18.663
2024-01-01 09:16:00,-8.314,-9.168,17.667
2024-01-01 09:17:00,-9.212,-8.623,17.766
2024-01-01 09:18:00,-11.510,-9.510,20.012
2024-01-01 09:19:00,-6.885,-9.965,19.140
2024-01-01 09:20:00,-9.200,-9.319,17.664
2024-01-01 09:21:00,-7.791,-10.369,13.183
2024-01-01 09:22:00,-8.918,-7.549,16.655
2024-01-01 09:23:00,-7.406,-10.522,15.438
2024-01-01 09:24:00,-8.967,-8.586,19.914
2024-01-01 09:25:00,-8.987,-8.989,16.076
2024-01-01 09:26:00,-9.936,-7.334,12.056
2024-01-01 09:27:00,-8.601,-9.591,19.586
2024-01-01 09:28:00,-8.649,-11.013,14.202
2024-01-01 09:29:00,-8.715,-7.892,16.591
2024-01-01 09:30:00,-7.444,-9.456,21.707
2024-01-01 09:31:00,-8.949,-10.025,18.697
2024-01-01 09:32:00,-8.847,-8.838,14.202
2024-01-01 09:33:00,-8.555,-8.524,17.805
2024-01-01 09:34:00,-8.298,-7.931,19.083
2024-01-01 09:35:00,-9.010,-6.797,16.356
2024-01-01 09:36:00,-9.587,-8.926,14.785
2024-01-01 09:37:00,-9.075,-7.910,16.656
2024-01-01 09:38:00,-9.335,-8.161,18.879
2024-01-01 09:39:00,-5.880,-10.827,16.505
2024-01-01 09:40:00,-9.785,-7.380,19.207
2024-01-01 09:41:00,-7.574,-8.792,15.165
2024-01-01 09:42:00,-6.828,-9.187,15.962
2024-01-01 09:43:00,-8.673,-8.859,16.316
2024-01-01 09:44:00,-8.617,-8.913,14.260
2024-01-01 09:45:00,-7.475,-9.094,17.561
2024-01-01 09:46:00,-8.460,-7.868,14.896
2024-01-01 09:47:00,-9.344,-7.519,16.977
2024-01-01 09:48:00,-7.695,-9.720,14.341
2024-01-01 09:49:00,-8.951,-6.768,18.632
2024-01-01 09:50:00,-8.690,-10.579,18.842
2024-01-01 09:51:00,-7.467,-8.080,16.747
2024-01-01 09:52:00,-8.266,-8.248,20.078
2024-01-01 09:53:00,-8.505,-9.345,14.621
2024-01-01 09:54:00,-7.362,-8.325,13.026
2024-01-01 09:55:00,-8.809,-9.539,14.130
2024-01-01 09:56:00,-8.848,-6.969,16.003
2024-01-01 09:57:00,-8.438,-8.696,13.923
2024-01-01 09:58:00,-8.927,-8.945,17.195
2024-01-01 09:59:00,-7.893,-9.757,18.310
2024-01-01 10:00:00,-7.908,-9.171,14.601
2024-01-01 10:01:00,-9.150,-9.428,16.027
2024-01-01 10:02:00,-7.595,-8.543,17.464
2024-01-01 10:03:00,-7.810,-10.482,18.105
2024-01-01 10:04:00,-7.191,-8.043,19.075
2024-01-01 10:05:00,-8.201,-5.731,14.533
2024-01-01 10:06:00,-9.298,-7.711,20.086
2024-01-01 10:07:00,-7.275,-8.468,13.676
2024-01-01 10:08:00,-7.442,-6.911,17.906
2024-01-01 10:09:00,-9.643,-8.360,14.781
2024-01-01 10:10:00,-7.942,-9.912,18.007
2024-01-01 10:11:00,-7.830,-8.340,15.978
2024-01-01 10:12:00,-9.196,-10.040,16.650
2024-01-01 10:13:00,-8.212,-8.528,15.176
2024-01-01 10:14:00,-6.327,-9.562,17.302
2024-01-01 10:15:00,-7.177,-9.045,18.187
2024-01-01 10:16:00,-8.286,-8.647,20.117
2024-01-01 10:17:00,-9.229,-8.713,18.936
2024-01-01 10:18:00,-8.392,-8.156,16.595
2024-01-01 10:19:00,-8.923,-9.174,13.610
2024-01-01 10:20:00,-6.570,-8.498,20.737
2024-01-01 10:21:00,-8.719,-8.220,14.684
2024-01-01 10:22:00,-8.148,-9.244,14.643
2024-01-01 10:23:00,-9.506,-7.045,15.915
2024-01-01 10:24:00,-6.354,-8.254,13.853
2024-01-01 10:25:00,-9.582,-7.201,18.192
2024-01-01 10:26:00,-9.252,-7.724,17.535
2024-01-01 10:27:00,-7.163,-8.167,11.162
2024-01-01 10:28:00,-8.432,-8.606,17.984
2024-01-01 10:29:00,-8.165,-8.492,15.488
2024-01-01 10:30:00,-7.891,-7.929,15.425
2024-01-01 10:31:00,-7.111,-7.171,16.313
2024-01-01 10:32:00,-9.606,-8.968,17.109
2024-01-01 10:33:00,-9.599,-9.113,17.558
2024-01-01 10:34:00,-7.510,-8.729,14.182
2024-01-01 10:35:00,-8.123,-5.484,16.146
2024-01-01 10:36:00,-7.448,-7.434,15.525
2024-01-01 10:37:00,-7.315,-7.799,14.506
2024-01-01 10:38:00,-8.343,-8.190,17.605
2024-01-01 10:39:00,-10.722,-4.991,15.016
2024-01-01 10:40:00,-7.868,-10.622,15.695
2024-01-01 10:41:00,-6.702,-9.428,19.599
2024-01-01 10:42:00,-8.444,-8.636,15.442
2024-01-01 10:43:00,-7.621,-6.472,17.633
2024-01-01 10:44:00,-7.780,-7.976,17.139
2024-01-01 10:45:00,-8.266,-7.676,16.899
2024-01-01 10:46:00,-7.181,-8.126,13.509
2024-01-01 10:47:00,-9.189,-8.116,15.151
2024-01-01 10:48:00,-7.488,-7.969,15.942
2024-01-01 10:49:00,-7.448,-8.837,12.365
2024-01-01 10:50:00,-8.678,-7.580,15.631
2024-01-01 10:51:00,-8.238,-8.462,15.260
2024-01-01 10:52:00,-7.115,-7.236,14.192
2024-01-01 10:53:00,-7.426,-8.829,14.988
2024-01-01 10:54:00,-7.807,-8.416,17.308
2024-01-01 10:55:00,-7.361,-9.177,15.497
2024-01-01 10:56:00,-6.824,-6.501,15.833
2024-01-01 10:57:00,-8.593,-7.957,15.073
2024-01-01 10:58:00,-8.257,-7.325,15.097
2024-01-01 10:59:00,-8.745,-8.198,18.261
2024-01-01 11:00:00,-5.844,-8.650,14.310
2024-01-01 11:01:00,-7.327,-8.055,14.717
2024-01-01 11:02:00,-6.276,-7.767,14.770
2024-01-01 11:03:00,-7.567,-7.586,15.471
2024-01-01 11:04:00,-6.094,-7.389,13.164
2024-01-01 11:05:00,-7.483,-8.917,14.983
2024-01-01 11:06:00,-8.105,-7.082,13.334
2024-01-01 11:07:00,-7.870,-7.551,17.090
2024-01-01 11:08:00,-7.077,-6.789,10.683
2024-01-01 11:09:00,-6.549,-6.338,13.643
2024-01-01 11:10:00,-9.056,-7.113,13.656
2024-01-01 11:11:00,-7.928,-7.399,18.062
2024-01-01 11:12:00,-8.103,-6.241,17.893
2024-01-01 11:13:00,-7.697,-8.232,18.477
2024-01-01 11:14:00,-8.848,-6.267,12.748
2024-01-01 11:15:00,-9.010,-6.920,12.610
2024-01-01 11:16:00,-7.148,-8.239,14.355
2024-01-01 11:17:00,-5.883,-8.136,13.493
2024-01-01 11:18:00,-7.062,-8.553,13.934
2024-01-01 11:19:00,-7.222,-5.801,12.929
2024-01-01 11:20:00,-9.086,-6.839,13.468
2024-01-01 11:21:00,-5.253,-5.312,14.018
2024-01-01 11:22:00,-6.762,-8.719,17.990
2024-01-01 11:23:00,-7.926,-8.662,18.581
2024-01-01 11:24:00,-8.319,-6.788,15.333
2024-01-01 11:25:00,-7.680,-6.760,11.551
2024-01-01 11:26:00,-6.435,-8.776,16.574
2024-01-01 11:27:00,-7.391,-6.359,15.474
2024-01-01 11:28:00,-6.993,-7.941,17.133
2024-01-01 11:29:00,-7.587,-8.581,14.700
2024-01-01 11:30:00,-6.426,-8.485,14.256
2024-01-01 11:31:00,-5.941,-7.783,14.256
2024-01-01 11:32:00,-6.929,-7.511,16.236
2024-01-01 11:33:00,-4.194,-6.041,16.803
2024-01-01 11:34:00,-5.870,-6.845,13.494
2024-01-01 11:35:00,-6.034,-6.754,15.071
2024-01-01 11:36:00,-5.965,-7.649,10.710
2024-01-01 11:37:00,-6.762,-5.572,10.587
2024-01-01 11:38:00,-8.606,-6.483,14.297
2024-01-01 11:39:00,-3.786,-4.434,13.919
2024-01-01 11:40:00,-7.628,-7.120,15.189
2024-01-01 11:41:00,-5.029,-7.364,16.671
2024-01-01 11:42:00,-6.720,-6.304,15.763
2024-01-01 11:43:00,-6.013,-5.580,14.780
2024-01-01 11:44:00,-5.556,-7.378,13.626
2024-01-01 11:45:00,-6.432,-7.983,16.595
2024-01-01 11:46:00,-6.534,-8.242,12.822
2024-01-01 11:47:00,-6.926,-5.947,14.235
2024-01-01 11:48:00,-7.236,-6.516,15.336
2024-01-01 11:49:00,-5.735,-5.875,14.159
2024-01-01 11:50:00,-4.827,-7.565,12.230
2024-01-01 11:51:00,-6.229,-6.023,11.090
2024-01-01 11:52:00,-7.114,-6.189,12.376
2024-01-01 11:53:00,-8.183,-7.775,13.706
2024-01-01 11:54:00,-7.224,-5.794,16.293
2024-01-01 11:55:00,-5.678,-8.159,11.074
2024-01-01 11:56:00,-6.601,-7.018,14.700
2024-01-01 11:57:00,-4.342,-9.017,16.469
2024-01-01 11:58:00,-6.678,-8.033,11.041
2024-01-01 11:59:00,-6.197,-7.516,16.449
2024-01-01 12:00:00,-6.976,-7.894,15.734
2024-01-01 12:01:00,-6.717,-7.145,12.909
2024-01-01 12:02:00,-6.844,-9.222,13.557
2024-01-01 12:03:00,-7.096,-8.095,16.161
2024-01-01 12:04:00,-7.053,-7.463,12.284
2024-01-01 12:05:00,-6.822,-6.638,15.779
2024-01-01 12:06:00,-7.015,-4.625,14.849
2024-01-01 12:07:00,-7.038,-7.406,11.000
2024-01-01 12:08:00,-6.956,-5.729,15.086
2024-01-01 12:09:00,-8.393,-8.276,13.701
2024-01-01 12:10:00,-5.541,-6.679,15.338
2024-01-01 12:11:00,-6.658,-6.776,12.044
2024-01-01 12:12:00,-6.504,-6.528,15.598
2024-01-01 12:13:00,-5.930,-7.247,12.950
2024-01-01 12:14:00,-7.205,-6.002,14.998
2024-01-01 12:15:00,-7.719,-7.425,13.215
2024-01-01 12:16:00,-5.504,-5.084,14.940
2024-01-01 12:17:00,-8.637,-5.637,11.853
2024-01-01 12:18:00,-5.864,-6.853,11.794
2024-01-01 12:19:00,-6.398,-6.566,19.227
2024-01-01 12:20:00,-7.092,-7.231,18.367
2024-01-01 12:21:00,-6.071,-8.624,16.054
2024-01-01 12:22:00,-6.930,-6.998,14.767
2024-01-01 12:23:00,-5.636,-6.520,11.171
2024-01-01 12:24:00,-7.154,-6.185,13.304
2024-01-01 12:25:00,-7.483,-8.672,15.395
2024-01-01 12:26:00,-5.273,-6.156,12.967
2024-01-01 12:27:00,-5.535,-4.740,10.345
2024-01-01 12:28:00,-6.395,-6.080,13.479
2024-01-01 12:29:00,-7.450,-7.922,10.859
2024-01-01 12:30:00,-5.724,-6.989,14.249
2024-01-01 12:31:00,-5.328,-7.580,13.570
2024-01-01 12:32:00,-6.603,-5.986,14.643
2024-01-01 12:33:00,-5.159,-6.265,14.840
2024-01-01 12:34:00,-6.453,-7.910,16.360
2024-01-01 12:35:00,-7.160,-6.659,13.088
2024-01-01 12:36:00,-6.766,-6.478,10.241
2024-01-01 12:37:00,-6.486,-7.115,13.385
2024-01-01 12:38:00,-6.392,-7.782,11.075
2024-01-01 12:39:00,-6.911,-6.155,14.933
2024-01-01 12:40:00,-4.675,-5.724,14.085
2024-01-01 12:41:00,-5.998,-5.073,13.050
2024-01-01 12:42:00,-6.350,-8.056,11.425
2024-01-01 12:43:00,-7.313,-5.526,9.592
2024-01-01 12:44:00,-6.641,-5.313,10.085
2024-01-01 12:45:00,-8.273,-5.127,14.007
2024-01-01 12:46:00,-5.640,-5.590,11.190
2024-01-01 12:47:00,-4.659,-7.188,13.439
2024-01-01 12:48:00,-7.027,-7.344,16.309
2024-01-01 12:49:00,-8.146,-6.047,12.418
2024-01-01 12:50:00,-6.018,-4.575,11.723
2024-01-01 12:51:00,-5.698,-7.731,13.316
2024-01-01 12:52:00,-6.732,-6.521,13.466
2024-01-01 12:53:00,-5.030,-6.238,15.785
2024-01-01 12:54:00,-8.281,-6.325,12.487
2024-01-01 12:55:00,-7.101,-5.692,10.719
2024-01-01 12:56:00,-6.588,-5.469,11.032
2024-01-01 12:57:00,-7.636,-7.263,10.785
2024-01-01 12:58:00,-6.989,-5.087,13.714
2024-01-01 12:59:00,-6.615,-5.750,17.163
2024-01-01 13:00:00,-5.238,-6.654,14.145
2024-01-01 13:01:00,-6.402,-6.394,13.180
2024-01-01 13:02:00,-5.513,-4.596,12.295
2024-01-01 13:03:00,-5.326,-5.276,13.510
2024-01-01 13:04:00,-8.242,-5.486,12.264
2024-01-01 13:05:00,-4.988,-7.192,14.274
2024-01-01 13:06:00,-4.615,-7.108,10.693
2024-01-01 13:07:00,-6.608,-6.732,10.832
2024-01-01 13:08:00,-6.190,-3.942,13.334
2024-01-01 13:09:00,-6.386,-6.690,12.589
2024-01-01 13:10:00,-6.898,-6.514,12.017
2024-01-01 13:11:00,-5.743,-6.875,10.932
2024-01-01 13:12:00,-5.903,-5.553,9.114
2024-01-01 13:13:00,-5.606,-5.255,11.644
2024-01-01 13:14:00,-4.776,-6.609,10.648
2024-01-01 13:15:00,-3.806,-5.718,9.213
2024-01-01 13:16:00,-7.938,-4.792,12.706
2024-01-01 13:17:00,-5.403,-6.360,13.542
2024-01-01 13:18:00,-6.248,-7.018,15.063
2024-01-01 13:19:00,-7.051,-7.031,12.439
2024-01-01 13:20:00,-6.149,-6.820,12.305
2024-01-01 13:21:00,-4.916,-6.187,14.228
2024-01-01 13:22:00,-4.663,-6.290,12.547
2024-01-01 13:23:00,-5.096,-5.959,13.310
2024-01-01 13:24:00,-7.364,-6.732,12.325
2024-01-01 13:25:00,-4.885,-5.648,13.638
2024-01-01 13:26:00,-6.015,-4.857,7.511
2024-01-01 13:27:00,-5.742,-6.180,9.251
2024-01-01 13:28:00,-4.574,-5.530,10.830
2024-01-01 13:29:00,-5.193,-5.589,6.875
2024-01-01 13:30:00,-5.504,-6.665,8.128
2024-01-01 13:31:00,-5.308,-5.103,12.908
2024-01-01 13:32:00,-7.120,-5.738,12.708
2024-01-01 13:33:00,-6.594,-5.175,10.670
2024-01-01 13:34:00,-4.531,-4.186,10.845
2024-01-01 13:35:00,-6.935,-5.351,8.852
2024-01-01 13:36:00,-6.762,-4.607,11.906
2024-01-01 13:37:00,-6.202,-5.447,11.742
2024-01-01 13:38:00,-5.879,-5.973,8.344
2024-01-01 13:39:00,-7.616,-5.540,11.411
2024-01-01 13:40:00,-5.396,-6.279,10.562
2024-01-01 13:41:00,-6.622,-4.825,8.453
2024-01-01 13:42:00,-4.866,-5.205,11.654
2024-01-01 13:43:00,-4.392,-4.579,11.211
2024-01-01 13:44:00,-5.161,-5.826,9.224
2024-01-01 13:45:00,-4.476,-4.688,14.194
2024-01-01 13:46:00,-6.070,-5.490,13.712
2024-01-01 13:47:00,-4.204,-5.106,9.625
2024-01-01 13:48:00,-5.772,-5.406,12.962
2024-01-01 13:49:00,-4.401,-5.731,7.246
2024-01-01 13:50:00,-4.310,-5.510,10.994
2024-01-01 13:51:00,-4.718,-4.204,12.630
2024-01-01 13:52:00,-5.420,-4.786,12.620
2024-01-01 13:53:00,-6.139,-6.303,11.282
2024-01-01 13:54:00,-3.190,-5.924,12.534
2024-01-01 13:55:00,-4.935,-3.827,10.180
2024-01-01 13:56:00,-5.943,-4.569,9.706
2024-01-01 13:57:00,-6.721,-6.725,8.191
2024-01-01 13:58:00,-5.599,-5.555,10.973
2024-01-01 13:59:00,-4.651,-5.211,12.070
2024-01-01 14:00:00,-4.691,-5.140,12.568
2024-01-01 14:01:00,-5.510,-4.807,11.301
2024-01-01 14:02:00,-5.299,-3.365,9.127
2024-01-01 14:03:00,-3.510,-4.300,11.549
2024-01-01 14:04:00,-6.577,-4.545,11.393
2024-01-01 14:05:00,-5.551,-4.560,11.929
2024-01-01 14:06:00,-6.435,-5.529,9.386
2024-01-01 14:07:00,-6.751,-5.100,8.895
2024-01-01 14:08:00,-4.382,-4.544,8.961
2024-01-01 14:09:00,-5.688,-4.132,11.852
2024-01-01 14:10:00,-6.378,-4.499,11.755
2024-01-01 14:11:00,-7.757,-7.084,13.868
2024-01-01 14:12:00,-3.995,-5.594,10.095
2024-01-01 14:13:00,-4.834,-5.201,17.392
2024-01-01 14:14:00,-4.826,-5.495,13.290
2024-01-01 14:15:00,-6.029,-4.824,8.652
2024-01-01 14:16:00,-5.430,-6.300,13.281
2024-01-01 14:17:00,-5.390,-3.457,10.124
2024-01-01 14:18:00,-5.592,-3.965,8.629
2024-01-01 14:19:00,-6.537,-4.500,12.015
2024-01-01 14:20:00,-4.313,-7.831,7.918
2024-01-01 14:21:00,-5.352,-5.868,11.029
2024-01-01 14:22:00,-6.337,-5.161,11.732
2024-01-01 14:23:00,-4.921,-5.187,7.879
2024-01-01 14:24:00,-4.969,-4.748,10.053
2024-01-01 14:25:00,-5.766,-3.700,11.789
2024-01-01 14:26:00,-3.625,-6.035,13.312
2024-01-01 14:27:00,-5.779,-4.778,10.047
2024-01-01 14:28:00,-5.155,-5.252,12.619
2024-01-01 14:29:00,-6.946,-4.855,5.353
2024-01-01 14:30:00,-4.498,-5.899,8.387
2024-01-01 14:31:00,-3.750,-4.500,7.607
2024-01-01 14:32:00,-5.048,-5.225,12.966
2024-01-01 14:33:00,-4.782,-4.731,10.572
2024-01-01 14:34:00,-7.643,-3.706,9.267
2024-01-01 14:35:00,-3.817,-6.825,9.723
2024-01-01 14:36:00,-5.865,-4.374,9.813
2024-01-01 14:37:00,-5.104,-5.614,8.423
2024-01-01 14:38:00,-5.661,-3.816,9.837
2024-01-01 14:39:00,-5.805,-4.006,8.983
2024-01-01 14:40:00,-3.623,-4.153,12.268
2024-01-01 14:41:00,-3.039,-5.615,8.851
2024-01-01 14:42:00,-5.622,-3.176,13.785
2024-01-01 14:43:00,-4.757,-4.382,9.882
2024-01-01 14:44:00,-6.135,-5.069,11.944
2024-01-01 14:45:00,-4.124,-4.302,8.320
2024-01-01 14:46:00,-4.482,-3.739,6.965
2024-01-01 14:47:00,-6.428,-5.363,10.446
2024-01-01 14:48:00,-4.044,-4.697,9.657
2024-01-01 14:49:00,-6.363,-5.291,7.207
2024-01-01 14:50:00,-5.148,-4.574,9.294
2024-01-01 14:51:00,-4.688,-6.201,10.554
2024-01-01 14:52:00,-5.759,-5.047,9.422
2024-01-01 14:53:00,-4.352,-5.152,7.692
2024-01-01 14:54:00,-3.667,-5.020,9.650
2024-01-01 14:55:00,-6.559,-6.701,8.661
2024-01-01 14:56:00,-3.549,-4.724,9.086
2024-01-01 14:57:00,-4.209,-5.949,10.285
2024-01-01 14:58:00,-5.229,-5.242,8.303
2024-01-01 14:59:00,-5.587,-1.668,11.999
2024-01-01 15:00:00,-6.948,-3.737,6.978
2024-01-01 15:01:00,-4.134,-4.926,11.779
2024-01-01 15:02:00,-5.480,-4.583,10.698
2024-01-01 15:03:00,-5.862,-5.068,9.406
2024-01-01 15:04:00,-5.986,-4.338,12.792
2024-01-01 15:05:00,-3.972,-5.499,9.414
2024-01-01 15:06:00,-4.201,-4.627,8.464
2024-01-01 15:07:00,-5.424,-3.526,5.126
2024-01-01 15:08:00,-5.245,-5.407,12.728
2024-01-01 15:09:00,-4.506,-3.901,8.466
2024-01-01 15:10:00,-4.190,-3.325,8.612
2024-01-01 15:11:00,-2.736,-5.791,6.924
2024-01-01 15:12:00,-5.004,-3.433,8.518
2024-01-01 15:13:00,-4.645,-6.104,11.419
2024-01-01 15:14:00,-4.791,-4.697,7.665
2024-01-01 15:15:00,-4.196,-4.447,8.251
2024-01-01 15:16:00,-4.514,-4.801,9.915
2024-01-01 15:17:00,-4.890,-4.386,7.832
2024-01-01 15:18:00,-4.829,-5.090,7.822
2024-01-01 15:19:00,-2.510,-4.619,10.355
2024-01-01 15:20:00,-4.521,-4.487,9.090
2024-01-01 15:21:00,-4.883,-3.250,9.933
2024-01-01 15:22:00,-4.758,-3.578,8.331
2024-01-01 15:23:00,-4.964,-4.800,8.582
2024-01-01 15:24:00,-5.326,-2.931,10.383
2024-01-01 15:25:00,-5.321,-5.313,10.212
2024-01-01 15:26:00,-5.275,-5.321,6.746
2024-01-01 15:27:00,-5.126,-5.182,8.645
2024-01-01 15:28:00,-4.792,-5.223,8.853
2024-01-01 15:29:00,-5.149,-5.621,9.517
2024-01-01 15:30:00,-5.169,-4.894,10.734
2024-01-01 15:31:00,-2.711,-5.614,7.676
2024-01-01 15:32:00,-6.503,-5.576,5.923
2024-01-01 15:33:00,-4.397,-4.590,8.857
2024-01-01 15:34:00,-3.635,-6.393,8.931
2024-01-01 15:35:00,-3.332,-4.780,8.911
2024-01-01 15:36:00,-4.850,-5.021,9.157
2024-01-01 15:37:00,-5.323,-4.878,8.153
2024-01-01 15:38:00,-3.401,-4.013,6.185
2024-01-01 15:39:00,-4.767,-4.286,7.867
2024-01-01 15:40:00,-3.208,-4.875,9.482
2024-01-01 15:41:00,-3.812,-4.627,7.115
2024-01-01 15:42:00,-3.863,-4.282,7.820
2024-01-01 15:43:00,-4.475,-4.905,8.281
2024-01-01 15:44:00,-3.972,-5.275,9.844
2024-01-01 15:45:00,-4.183,-4.773,10.726
2024-01-01 15:46:00,-3.331,-4.298,6.103
2024-01-01 15:47:00,-5.299,-3.871,6.378
2024-01-01 15:48:00,-4.174,-5.242,6.565
2024-01-01 15:49:00,-4.724,-4.260,7.937
2024-01-01 15:50:00,-6.787,-3.122,6.890
2024-01-01 15:51:00,-2.700,-6.353,13.036
2024-01-01 15:52:00,-2.844,-3.690,7.313
2024-01-01 15:53:00,-3.616,-3.479,12.156
2024-01-01 15:54:00,-4.727,-4.035,7.388
2024-01-01 15:55:00,-3.744,-4.090,11.101
2024-01-01 15:56:00,-5.678,-5.053,9.040
2024-01-01 15:57:00,-4.280,-4.508,7.512
2024-01-01 15:58:00,-4.401,-4.377,8.233
2024-01-01 15:59:00,-6.489,-4.063,10.563
2024-01-01 16:00:00,-4.690,-4.970,11.048
2024-01-01 16:01:00,-3.671,-3.368,11.622
2024-01-01 16:02:00,-3.346,-3.596,8.812
2024-01-01 16:03:00,-4.030,-4.663,8.260
2024-01-01 16:04:00,-5.892,-2.901,10.216
2024-01-01 16:05:00,-4.694,-5.473,10.526
2024-01-01 16:06:00,-5.062,-4.258,3.797
2024-01-01 16:07:00,-4.373,-3.240,7.850
2024-01-01 16:08:00,-3.204,-3.908,6.090
2024-01-01 16:09:00,-3.137,-2.705,13.152
2024-01-01 16:10:00,-4.414,-4.779,11.636
2024-01-01 16:11:00,-5.262,-4.088,7.155
2024-01-01 16:12:00,-4.224,-5.167,8.467
2024-01-01 16:13:00,-4.684,-4.453,7.154
2024-01-01 16:14:00,-2.894,-4.418,10.951
2024-01-01 16:15:00,-4.419,-3.339,8.994
2024-01-01 16:16:00,-3.717,-3.574,8.991
2024-01-01 16:17:00,-4.068,-4.253,12.573
2024-01-01 16:18:00,-3.359,-3.934,9.099
2024-01-01 16:19:00,-3.174,-3.757,10.772
2024-01-01 16:20:00,-5.282,-2.929,10.476
2024-01-01 16:21:00,-3.060,-3.683,8.613
2024-01-01 16:22:00,-1.984,-3.046,9.521
2024-01-01 16:23:00,-4.146,-3.152,9.549
2024-01-01 16:24:00,-4.800,-2.964,7.443
2024-01-01 16:25:00,-4.046,-2.975,10.593
2024-01-01 16:26:00,-4.505,-4.523,6.977
2024-01-01 16:27:00,-2.468,-4.044,9.740
2024-01-01 16:28:00,-3.416,-2.728,8.317
2024-01-01 16:29:00,-3.355,-4.059,7.099
2024-01-01 16:30:00,-3.596,-5.569,7.185
2024-01-01 16:31:00,-4.422,-3.958,11.011
2024-01-01 16:32:00,-4.812,-4.092,10.567
2024-01-01 16:33:00,-5.060,-2.344,7.738
2024-01-01 16:34:00,-2.918,-2.804,9.650
2024-01-01 16:35:00,-3.616,-4.787,10.530
2024-01-01 16:36:00,-2.650,-3.845,9.940
2024-01-01 16:37:00,-4.918,-5.509,11.257
2024-01-01 16:38:00,-3.804,-5.245,5.885
2024-01-01 16:39:00,-4.324,-5.246,9.327
2024-01-01 16:40:00,-3.337,-2.235,9.606
2024-01-01 16:41:00,-3.816,-4.057,5.227
2024-01-01 16:42:00,-4.276,-4.839,7.837
2024-01-01 16:43:00,-6.080,-3.599,12.778
2024-01-01 16:44:00,-5.636,-3.576,4.180
2024-01-01 16:45:00,-4.648,-4.452,13.108
2024-01-01 16:46:00,-4.587,-1.829,8.817
2024-01-01 16:47:00,-4.034,-6.481,10.589
2024-01-01 16:48:00,-3.894,-4.486,8.761
2024-01-01 16:49:00,-2.771,-4.352,11.225
2024-01-01 16:50:00,-5.749,-2.265,6.640
2024-01-01 16:51:00,-4.192,-3.922,11.130
2024-01-01 16:52:00,-3.927,-5.213,7.906
2024-01-01 16:53:00,-2.596,-4.534,7.194
2024-01-01 16:54:00,-4.029,-4.404,7.350
2024-01-01 16:55:00,-2.561,-4.032,8.124
2024-01-01 16:56:00,-3.807,-5.301,10.273
2024-01-01 16:57:00,-3.070,-3.319,9.532
2024-01-01 16:58:00,-2.564,-3.029,6.162
2024-01-01 16:59:00,-2.980,-3.795,11.800
2024-01-01 17:00:00,-3.088,-7.112,12.301
2024-01-01 17:01:00,-3.656,-4.927,6.964
2024-01-01 17:02:00,-5.009,-3.169,10.499
2024-01-01 17:03:00,-4.125,-3.947,8.587
2024-01-01 17:04:00,-3.306,-3.128,8.732
2024-01-01 17:05:00,-3.910,-5.204,10.100
2024-01-01 17:06:00,-4.402,-5.081,7.881
2024-01-01 17:07:00,-4.805,-3.140,5.129
2024-01-01 17:08:00,-4.170,-4.166,9.775
2024-01-01 17:09:00,-3.754,-3.755,8.631
2024-01-01 17:10:00,-4.723,-4.522,6.387
2024-01-01 17:11:00,-4.969,-3.345,10.038
2024-01-01 17:12:00,-4.070,-3.577,7.984
2024-01-01 17:13:00,-4.151,-4.454,7.628
2024-01-01 17:14:00,-3.431,-5.240,7.506
2024-01-01 17:15:00,-5.132,-5.662,8.689
2024-01-01 17:16:00,-4.245,-4.202,8.538
2024-01-01 17:17:00,-5.084,-5.780,9.236
2024-01-01 17:18:00,-4.512,-2.387,11.704
2024-01-01 17:19:00,-1.941,-1.864,8.080
2024-01-01 17:20:00,-5.152,-2.452,6.863
2024-01-01 17:21:00,-2.000,-5.729,7.613
2024-01-01 17:22:00,-3.260,-3.608,11.933
2024-01-01 17:23:00,-2.518,-2.344,8.141
2024-01-01 17:24:00,-3.679,-5.120,4.047
2024-01-01 17:25:00,-5.135,-3.861,8.071
2024-01-01 17:26:00,-4.314,-2.475,9.721
2024-01-01 17:27:00,-3.806,-4.714,5.466
2024-01-01 17:28:00,-4.609,-4.334,11.604
2024-01-01 17:29:00,-5.587,-4.300,12.372
2024-01-01 17:30:00,-3.473,-4.927,8.853
2024-01-01 17:31:00,-3.385,-2.871,5.680
2024-01-01 17:32:00,-2.509,-3.908,7.294
2024-01-01 17:33:00,-3.273,-3.623,8.454
2024-01-01 17:34:00,-2.347,-5.412,6.692
2024-01-01 17:35:00,-5.847,-4.456,10.518
2024-01-01 17:36:00,-3.999,-3.754,7.160
2024-01-01 17:37:00,-4.575,-5.229,5.274
2024-01-01 17:38:00,-4.594,-4.253,8.535
2024-01-01 17:39:00,-4.832,-2.734,4.353
2024-01-01 17:40:00,-3.212,-4.515,8.368
2024-01-01 17:41:00,-5.097,-4.257,7.185
2024-01-01 17:42:00,-2.370,-4.502,5.646
2024-01-01 17:43:00,-3.299,-4.938,5.402
2024-01-01 17:44:00,-3.896,-4.073,5.955
2024-01-01 17:45:00,-4.648,-4.146,10.081
2024-01-01 17:46:00,-4.112,-4.412,7.832
2024-01-01 17:47:00,-4.255,-3.531,6.425
2024-01-01 17:48:00,-4.447,-3.369,10.441
2024-01-01 17:49:00,-3.224,-3.683,8.333
2024-01-01 17:50:00,-5.677,-3.759,6.385
2024-01-01 17:51:00,-2.540,-3.068,7.857
2024-01-01 17:52:00,-2.157,-5.425,6.088
2024-01-01 17:53:00,-5.222,-4.615,5.530
2024-01-01 17:54:00,-4.710,-4.438,7.210
2024-01-01 17:55:00,-3.668,-2.578,5.770
2024-01-01 17:56:00,-3.363,-4.737,6.047
2024-01-01 17:57:00,-5.024,-5.187,10.529
2024-01-01 17:58:00,-3.207,-5.382,4.096
2024-01-01 17:59:00,-4.206,-3.693,8.036
2024-01-01 18:00:00,-2.525,-4.248,6.100
2024-01-01 18:01:00,-4.915,-2.596,5.955
2024-01-01 18:02:00,-3.745,-1.954,10.922
2024-01-01 18:03:00,-4.662,-5.084,8.919
2024-01-01 18:04:00,-3.866,-4.565,7.354
2024-01-01 18:05:00,-4.557,-3.869,6.754
2024-01-01 18:06:00,-4.048,-4.800,8.984
2024-01-01 18:07:00,-3.083,-3.544,8.740
2024-01-01 18:08:00,-2.167,-4.003,7.377
2024-01-01 18:09:00,-4.698,-3.326,7.595
2024-01-01 18:10:00,-3.657,-5.228,6.653
2024-01-01 18:11:00,-4.180,-5.531,6.382
2024-01-01 18:12:00,-5.167,-3.065,6.332
2024-01-01 18:13:00,-2.473,-2.316,7.749
2024-01-01 18:14:00,-3.673,-4.450,8.881
2024-01-01 18:15:00,-4.121,-4.274,6.118
2024-01-01 18:16:00,-3.873,-2.386,7.553
2024-01-01 18:17:00,-2.761,-3.679,7.105
2024-01-01 18:18:00,-2.576,-4.706,8.025
2024-01-01 18:19:00,-3.733,-3.445,8.342
2024-01-01 18:20:00,-3.132,-3.675,10.245
2024-01-01 18:21:00,-4.960,-4.144,6.137
2024-01-01 18:22:00,-3.990,-3.966,10.204
2024-01-01 18:23:00,-3.639,-3.807,6.830
2024-01-01 18:24:00,-3.593,-4.395,9.564
2024-01-01 18:25:00,-1.688,-4.779,7.956
2024-01-01 18:26:00,-3.355,-1.874,7.877
2024-01-01 18:27:00,-3.334,-2.357,8.067
2024-01-01 18:28:00,-5.898,-5.162,8.739
2024-01-01 18:29:00,-3.076,-5.276,6.778
2024-01-01 18:30:00,-2.928,-4.538,6.190
2024-01-01 18:31:00,-4.668,-4.323,5.846
2024-01-01 18:32:00,-3.269,-4.222,6.207
2024-01-01 18:33:00,-4.009,-2.579,6.548
2024-01-01 18:34:00,-2.946,-3.988,8.072
2024-01-01 18:35:00,-3.389,-3.194,8.396
2024-01-01 18:36:00,-3.382,-3.310,7.349
2024-01-01 18:37:00,-4.604,-4.455,5.057
2024-01-01 18:38:00,-3.846,-1.918,9.157
2024-01-01 18:39:00,-5.893,-5.712,9.767
2024-01-01 18:40:00,-4.171,-4.325,3.749
2024-01-01 18:41:00,-4.936,-5.498,8.793
2024-01-01 18:42:00,-4.832,-4.003,8.340
2024-01-01 18:43:00,-3.654,-5.193,8.019
2024-01-01 18:44:00,-5.161,-1.766,7.394
2024-01-01 18:45:00,-3.439,-4.239,9.636
2024-01-01 18:46:00,-4.317,-3.855,10.877
2024-01-01 18:47:00,-4.587,-3.966,11.331
2024-01-01 18:48:00,-4.694,-2.690,9.586
2024-01-01 18:49:00,-2.676,-2.060,7.322
2024-01-01 18:50:00,-3.680,-3.301,4.420
2024-01-01 18:51:00,-3.511,-3.750,11.621
2024-01-01 18:52:00,-5.840,-4.084,12.123
2024-01-01 18:53:00,-3.819,-4.598,10.824
2024-01-01 18:54:00,-3.413,-2.730,11.890
2024-01-01 18:55:00,-4.794,-5.390,8.809
2024-01-01 18:56:00,-5.700,-4.909,7.067
2024-01-01 18:57:00,-3.192,-4.713,7.026
2024-01-01 18:58:00,-4.352,-5.159,6.818
2024-01-01 18:59:00,-5.609,-4.064,9.058
2024-01-01 19:00:00,-5.950,-3.541,7.641
2024-01-01 19:01:00,-4.519,-2.892,6.460
2024-01-01 19:02:00,-3.998,-3.723,6.119
2024-01-01 19:03:00,-3.580,-3.473,3.161
2024-01-01 19:04:00,-3.215,-2.746,10.669
2024-01-01 19:05:00,-3.874,-2.535,11.884
2024-01-01 19:06:00,-2.750,-3.841,6.259
2024-01-01 19:07:00,-3.594,-4.116,11.695
2024-01-01 19:08:00,-3.747,-3.957,5.974
2024-01-01 19:09:00,-5.279,-3.408,7.924
2024-01-01 19:10:00,-6.191,-4.088,5.080
2024-01-01 19:11:00,-5.473,-3.899,7.617
2024-01-01 19:12:00,-3.089,-4.646,7.359
2024-01-01 19:13:00,-3.992,-5.534,4.440
2024-01-01 19:14:00,-4.697,-3.676,6.208
2024-01-01 19:15:00,-5.643,-3.649,7.699
2024-01-01 19:16:00,-4.450,-4.867,8.817
2024-01-01 19:17:00,-3.536,-3.250,8.591
2024-01-01 19:18:00,-7.083,-3.133,9.066
2024-01-01 19:19:00,-2.968,-4.263,9.159
2024-01-01 19:20:00,-4.683,-3.827,5.576
2024-01-01 19:21:00,-3.949,-4.474,9.042
2024-01-01 19:22:00,-4.828,-5.562,10.927
2024-01-01 19:23:00,-4.415,-4.006,8.194
2024-01-01 19:24:00,-5.384,-3.744,9.439
2024-01-01 19:25:00,-4.879,-4.262,5.565
2024-01-01 19:26:00,-5.012,-3.229,7.993
2024-01-01 19:27:00,-4.170,-3.906,9.765
2024-01-01 19:28:00,-4.600,-5.278,5.096
2024-01-01 19:29:00,-4.438,-2.770,5.822
2024-01-01 19:30:00,-3.993,-4.642,7.436
2024-01-01 19:31:00,-4.952,-3.910,8.690
2024-01-01 19:32:00,-4.463,-2.933,11.213
2024-01-01 19:33:00,-3.208,-3.455,7.396
2024-01-01 19:34:00,-4.976,-5.018,9.585
2024-01-01 19:35:00,-4.830,-3.215,4.711
2024-01-01 19:36:00,-6.587,-5.011,9.261
2024-01-01 19:37:00,-3.858,-4.108,9.206
2024-01-01 19:38:00,-4.651,-4.948,5.356
2024-01-01 19:39:00,-4.036,-3.581,8.611
2024-01-01 19:40:00,-2.972,-5.146,9.790
2024-01-01 19:41:00,-3.125,-5.941,8.330
2024-01-01 19:42:00,-4.163,-3.149,6.055
2024-01-01 19:43:00,-4.156,-5.123,8.414
2024-01-01 19:44:00,-2.465,-3.797,9.197
2024-01-01 19:45:00,-6.467,-3.713,8.016
2024-01-01 19:46:00,-5.289,-3.343,7.467
2024-01-01 19:47:00,-3.690,-3.568,12.173
2024-01-01 19:48:00,-4.827,-5.410,11.477
2024-01-01 19:49:00,-4.159,-2.315,7.239
2024-01-01 19:50:00,-3.855,-3.725,7.376
2024-01-01 19:51:00,-3.791,-2.393,10.306
2024-01-01 19:52:00,-4.529,-4.635,8.692
2024-01-01 19:53:00,-4.788,-2.674,5.371
2024-01-01 19:54:00,-3.737,-4.715,5.577
2024-01-01 19:55:00,-6.063,-3.085,8.161
2024-01-01 19:56:00,-3.145,-3.924,8.739
2024-01-01 19:57:00,-4.545,-4.604,5.765
2024-01-01 19:58:00,-4.275,-3.812,10.031
2024-01-01 19:59:00,-3.637,-6.545,5.854
2024-01-01 20:00:00,-3.550,-3.063,5.425
2024-01-01 20:01:00,-4.700,-5.086,8.242
2024-01-01 20:02:00,-5.286,-3.209,9.937
2024-01-01 20:03:00,-4.989,-4.926,9.701
2024-01-01 20:04:00,-5.437,-5.857,7.683
2024-01-01 20:05:00,-4.567,-4.868,15.205
2024-01-01 20:06:00,-5.621,-3.962,9.635
2024-01-01 20:07:00,-3.065,-3.741,9.797
2024-01-01 20:08:00,-5.234,-4.091,6.712
2024-01-01 20:09:00,-4.654,-5.415,5.966
2024-01-01 20:10:00,-3.559,-4.046,9.785
2024-01-01 20:11:00,-5.500,-3.006,11.123
2024-01-01 20:12:00,-3.985,-4.039,12.575
2024-01-01 20:13:00,-3.702,-3.963,5.505
2024-01-01 20:14:00,-4.285,-5.265,6.942
2024-01-01 20:15:00,-3.809,-3.021,10.655
2024-01-01 20:16:00,-4.758,-4.988,9.677
2024-01-01 20:17:00,-4.868,-4.111,8.277
2024-01-01 20:18:00,-6.211,-5.698,8.924
2024-01-01 20:19:00,-6.166,-3.781,7.553
2024-01-01 20:20:00,-4.582,-3.897,9.213
2024-01-01 20:21:00,-3.013,-3.586,11.293
2024-01-01 20:22:00,-2.851,-6.281,9.629
2024-01-01 20:23:00,-2.822,-2.319,8.833
2024-01-01 20:24:00,-4.095,-2.052,6.170
2024-01-01 20:25:00,-4.906,-5.758,4.719
2024-01-01 20:26:00,-5.226,-3.328,6.461
2024-01-01 20:27:00,-2.540,-4.475,10.669
2024-01-01 20:28:00,-3.924,-3.296,9.298
2024-01-01 20:29:00,-4.390,-4.248,11.454
2024-01-01 20:30:00,-5.522,-5.590,13.088
2024-01-01 20:31:00,-3.763,-5.137,10.398
2024-01-01 20:32:00,-3.220,-3.937,7.755
2024-01-01 20:33:00,-5.477,-3.364,10.057
2024-01-01 20:34:00,-4.948,-5.079,8.656
2024-01-01 20:35:00,-5.828,-5.882,9.611
2024-01-01 20:36:00,-4.553,-4.830,5.305
2024-01-01 20:37:00,-3.848,-5.107,6.209
2024-01-01 20:38:00,-6.380,-5.008,7.907
2024-01-01 20:39:00,-3.615,-4.957,9.181
2024-01-01 20:40:00,-5.947,-3.924,13.417
2024-01-01 20:41:00,-5.032,-5.528,8.704
2024-01-01 20:42:00,-5.488,-4.979,9.192
2024-01-01 20:43:00,-4.063,-5.675,9.572
2024-01-01 20:44:00,-4.528,-5.483,11.938
2024-01-01 20:45:00,-5.618,-5.412,10.754
2024-01-01 20:46:00,-4.793,-5.453,6.363
2024-01-01 20:47:00,-4.975,-4.368,9.506
2024-01-01 20:48:00,-3.693,-4.227,9.092
2024-01-01 20:49:00,-4.683,-2.474,8.286
2024-01-01 20:50:00,-3.906,-5.141,9.446
2024-01-01 20:51:00,-3.834,-4.653,9.454
2024-01-01 20:52:00,-5.394,-4.620,11.327
2024-01-01 20:53:00,-4.132,-4.382,7.264
2024-01-01 20:54:00,-6.163,-5.435,4.789
2024-01-01 20:55:00,-5.651,-5.216,6.021
2024-01-01 20:56:00,-4.904,-4.057,6.756
2024-01-01 20:57:00,-5.682,-5.070,11.072
2024-01-01 20:58:00,-5.845,-3.582,8.833
2024-01-01 20:59:00,-5.065,-5.892,7.575
2024-01-01 21:00:00,-5.154,-2.889,7.920
2024-01-01 21:01:00,-5.202,-5.316,11.417
2024-01-01 21:02:00,-3.030,-4.584,11.126
2024-01-01 21:03:00,-5.325,-5.785,10.005
2024-01-01 21:04:00,-3.681,-5.641,5.682
2024-01-01 21:05:00,-3.052,-3.250,9.478
2024-01-01 21:06:00,-2.915,-4.241,8.050
2024-01-01 21:07:00,-4.323,-6.511,9.770
2024-01-01 21:08:00,-5.288,-6.770,10.607
2024-01-01 21:09:00,-3.899,-5.230,10.433
2024-01-01 21:10:00,-5.164,-5.672,8.721
2024-01-01 21:11:00,-5.306,-5.020,9.805
2024-01-01 21:12:00,-5.260,-5.260,10.057
2024-01-01 21:13:00,-4.332,-6.278,11.698
2024-01-01 21:14:00,-4.570,-4.018,8.080
2024-01-01 21:15:00,-5.241,-6.109,9.397
2024-01-01 21:16:00,-5.739,-5.591,11.831
2024-01-01 21:17:00,-5.043,-5.188,10.188
2024-01-01 21:18:00,-3.515,-5.162,9.241
2024-01-01 21:19:00,-6.105,-5.325,12.598
2024-01-01 21:20:00,-3.686,-4.726,9.153
2024-01-01 21:21:00,-5.399,-4.088,11.150
2024-01-01 21:22:00,-4.142,-3.793,10.462
2024-01-01 21:23:00,-2.726,-5.243,9.933
2024-01-01 21:24:00,-5.832,-4.351,8.750
2024-01-01 21:25:00,-4.952,-4.817,7.883
2024-01-01 21:26:00,-5.971,-3.713,11.493
2024-01-01 21:27:00,-4.930,-2.992,5.184
2024-01-01 21:28:00,-6.701,-5.081,12.724
2024-01-01 21:29:00,-6.294,-4.528,9.115
2024-01-01 21:30:00,-4.770,-4.386,11.504
2024-01-01 21:31:00,-5.471,-5.552,12.080
2024-01-01 21:32:00,-5.933,-5.370,11.502
2024-01-01 21:33:00,-5.568,-5.133,11.104
2024-01-01 21:34:00,-6.596,-5.324,8.264
2024-01-01 21:35:00,-5.007,-6.131,8.905
2024-01-01 21:36:00,-4.741,-6.511,3.394
2024-01-01 21:37:00,-5.602,-5.438,9.729
2024-01-01 21:38:00,-4.469,-6.692,9.392
2024-01-01 21:39:00,-5.166,-6.268,11.040
2024-01-01 21:40:00,-5.270,-5.072,7.866
2024-01-01 21:41:00,-5.839,-3.305,7.696
2024-01-01 21:42:00,-5.883,-3.837,9.508
2024-01-01 21:43:00,-5.539,-4.441,11.002
2024-01-01 21:44:00,-7.569,-5.286,10.320
2024-01-01 21:45:00,-5.695,-5.234,9.031
2024-01-01 21:46:00,-6.149,-4.465,11.743
2024-01-01 21:47:00,-6.065,-5.189,9.273
2024-01-01 21:48:00,-4.616,-5.451,12.104
2024-01-01 21:49:00,-5.980,-4.682,13.779
2024-01-01 21:50:00,-5.876,-6.774,11.000
2024-01-01 21:51:00,-5.519,-3.886,10.833
2024-01-01 21:52:00,-6.543,-6.615,8.746
2024-01-01 21:53:00,-4.526,-7.443,12.018
2024-01-01 21:54:00,-6.017,-6.270,9.644
2024-01-01 21:55:00,-6.309,-5.362,8.876
2024-01-01 21:56:00,-4.629,-4.370,12.069
2024-01-01 21:57:00,-4.176,-5.401,7.089
2024-01-01 21:58:00,-5.050,-3.706,11.211
2024-01-01 21:59:00,-5.456,-5.532,12.264
2024-01-01 22:00:00,-5.139,-7.658,5.447
2024-01-01 22:01:00,-6.102,-5.482,12.938
2024-01-01 22:02:00,-5.243,-6.127,13.270
2024-01-01 22:03:00,-6.050,-6.310,11.157
2024-01-01 22:04:00,-6.898,-5.392,11.104
2024-01-01 22:05:00,-5.546,-5.426,14.002
2024-01-01 22:06:00,-6.308,-6.118,9.840
2024-01-01 22:07:00,-5.134,-5.585,13.234
2024-01-01 22:08:00,-5.663,-7.533,7.998
2024-01-01 22:09:00,-4.648,-5.631,13.657
2024-01-01 22:10:00,-6.675,-3.807,11.254
2024-01-01 22:11:00,-4.888,-5.269,13.745
2024-01-01 22:12:00,-6.277,-5.310,13.490
2024-01-01 22:13:00,-6.028,-6.043,12.408
2024-01-01 22:14:00,-4.894,-5.890,8.141
2024-01-01 22:15:00,-5.271,-4.117,11.634
2024-01-01 22:16:00,-5.421,-6.324,10.995
2024-01-01 22:17:00,-5.769,-3.867,10.030
2024-01-01 22:18:00,-4.711,-5.461,9.148
2024-01-01 22:19:00,-4.829,-6.867,11.748
2024-01-01 22:20:00,-4.499,-6.430,13.687
2024-01-01 22:21:00,-5.007,-6.555,11.147
2024-01-01 22:22:00,-7.156,-6.929,10.653
2024-01-01 22:23:00,-5.842,-5.996,12.606
2024-01-01 22:24:00,-6.044,-6.672,13.525
2024-01-01 22:25:00,-6.581,-5.500,8.020
2024-01-01 22:26:00,-5.968,-4.983,12.544
2024-01-01 22:27:00,-5.213,-5.953,11.118
2024-01-01 22:28:00,-5.456,-6.035,10.181
2024-01-01 22:29:00,-4.395,-6.167,10.641
2024-01-01 22:30:00,-4.396,-4.478,7.032
2024-01-01 22:31:00,-5.281,-4.434,9.815
2024-01-01 22:32:00,-5.930,-5.616,13.921
2024-01-01 22:33:00,-4.607,-4.608,12.430
2024-01-01 22:34:00,-6.191,-6.691,10.673
2024-01-01 22:35:00,-5.670,-6.205,10.427
2024-01-01 22:36:00,-6.090,-6.887,13.209
2024-01-01 22:37:00,-5.600,-6.188,11.974
2024-01-01 22:38:00,-8.009,-5.791,9.809
2024-01-01 22:39:00,-5.453,-4.791,12.581
2024-01-01 22:40:00,-6.277,-6.092,11.726
2024-01-01 22:41:00,-6.385,-7.036,8.949
2024-01-01 22:42:00,-4.903,-6.205,7.693
2024-01-01 22:43:00,-5.737,-5.560,7.654
2024-01-01 22:44:00,-5.751,-5.537,15.055
2024-01-01 22:45:00,-5.057,-6.979,16.584
2024-01-01 22:46:00,-6.762,-6.816,14.024
2024-01-01 22:47:00,-5.633,-6.330,12.577
2024-01-01 22:48:00,-5.669,-6.106,11.709
2024-01-01 22:49:00,-5.563,-5.442,9.240
2024-01-01 22:50:00,-5.407,-5.345,13.053
2024-01-01 22:51:00,-5.780,-5.486,14.587
2024-01-01 22:52:00,-4.335,-4.830,11.666
2024-01-01 22:53:00,-5.683,-6.185,10.898
2024-01-01 22:54:00,-4.634,-6.313,10.907
2024-01-01 22:55:00,-5.238,-6.238,9.656
2024-01-01 22:56:00,-7.430,-5.247,11.965
2024-01-01 22:57:00,-5.531,-7.010,11.490
2024-01-01 22:58:00,-5.634,-6.828,9.988
2024-01-01 22:59:00,-6.749,-6.469,15.397
2024-01-01 23:00:00,-5.790,-5.657,16.211
2024-01-01 23:01:00,-5.445,-5.434,11.605
2024-01-01 23:02:00,-7.907,-7.841,12.380
2024-01-01 23:03:00,-7.725,-7.287,12.704
2024-01-01 23:04:00,-6.671,-7.493,13.121
2024-01-01 23:05:00,-8.445,-4.849,11.806
2024-01-01 23:06:00,-7.820,-6.961,12.616
2024-01-01 23:07:00,-7.512,-4.875,11.429
2024-01-01 23:08:00,-6.101,-6.692,13.050
2024-01-01 23:09:00,-7.791,-7.805,15.146
2024-01-01 23:10:00,-7.437,-7.332,11.913
2024-01-01 23:11:00,-6.491,-7.050,13.249
2024-01-01 23:12:00,-7.891,-6.307,9.449
2024-01-01 23:13:00,-7.779,-6.246,13.278
2024-01-01 23:14:00,-5.830,-4.976,11.714
2024-01-01 23:15:00,-6.834,-5.854,12.062
2024-01-01 23:16:00,-7.879,-6.461,13.430
2024-01-01 23:17:00,-5.120,-6.414,9.935
2024-01-01 23:18:00,-6.418,-4.580,11.334
2024-01-01 23:19:00,-4.817,-5.299,13.138
2024-01-01 23:20:00,-8.109,-5.849,10.747
2024-01-01 23:21:00,-7.806,-7.131,9.176
2024-01-01 23:22:00,-7.735,-7.116,12.714
2024-01-01 23:23:00,-5.440,-8.064,13.408
2024-01-01 23:24:00,-5.579,-4.771,15.946
2024-01-01 23:25:00,-5.785,-7.697,14.180
2024-01-01 23:26:00,-6.588,-5.861,10.512
2024-01-01 23:27:00,-6.768,-7.444,13.294
2024-01-01 23:28:00,-6.675,-6.368,9.060
2024-01-01 23:29:00,-5.177,-7.452,17.252
2024-01-01 23:30:00,-5.476,-5.732,11.707
2024-01-01 23:31:00,-5.987,-7.445,15.439
2024-01-01 23:32:00,-5.543,-6.931,10.905
2024-01-01 23:33:00,-5.975,-7.042,14.255
2024-01-01 23:34:00,-5.650,-4.225,10.890
2024-01-01 23:35:00,-7.385,-5.652,9.842
2024-01-01 23:36:00,-5.917,-5.947,9.535
2024-01-01 23:37:00,-5.863,-5.900,13.261
2024-01-01 23:38:00,-5.956,-6.714,14.153
2024-01-01 23:39:00,-7.281,-6.065,15.428
2024-01-01 23:40:00,-5.070,-7.815,10.672
2024-01-01 23:41:00,-6.182,-8.603,13.252
2024-01-01 23:42:00,-5.395,-7.994,13.474
2024-01-01 23:43:00,-6.389,-3.444,15.038
2024-01-01 23:44:00,-6.968,-6.733,12.510
2024-01-01 23:45:00,-7.056,-6.603,14.644
2024-01-01 23:46:00,-8.442,-6.445,14.085
2024-01-01 23:47:00,-6.562,-6.041,12.302
2024-01-01 23:48:00,-8.736,-6.466,14.794
2024-01-01 23:49:00,-6.918,-6.926,14.306
2024-01-01 23:50:00,-5.549,-5.847,13.242
2024-01-01 23:51:00,-7.900,-6.333,13.753
2024-01-01 23:52:00,-7.516,-5.409,12.663
2024-01-01 23:53:00,-7.385,-5.317,15.442
2024-01-01 23:54:00,-6.213,-7.294,13.850
2024-01-01 23:55:00,-6.912,-6.268,11.809
2024-01-01 23:56:00,-8.419,-7.063,15.837
2024-01-01 23:57:00,-7.207,-5.273,12.585
2024-01-01 23:58:00,-6.593,-5.714,14.029
2024-01-01 23:59:00,-4.527,-7.786,14.811
