timestamp,Datacenter0,Datacenter1,Datacenter2,SECahuachi,SEDerivacion,SEIca
2024-01-01 00:00:00,-2.704,-5.706,-3.956,-12.290,-15.181,-17.406
2024-01-01 00:01:00,-2.705,-6.628,-3.292,-15.779,-17.200,-13.837
2024-01-01 00:02:00,-2.607,-7.598,-4.396,-12.996,-14.641,-12.884
2024-01-01 00:03:00,-2.864,-6.423,-4.146,-18.244,-10.587,-15.646
2024-01-01 00:04:00,-2.713,-7.142,-3.781,-14.479,-18.257,-10.790
2024-01-01 00:05:00,-2.726,-9.014,-4.632,-14.314,-9.665,-14.500
2024-01-01 00:06:00,-2.540,-8.741,-3.373,-16.134,-13.665,-12.979
2024-01-01 00:07:00,-2.040,-9.204,-3.154,-12.857,-8.667,-8.059
2024-01-01 00:08:00,-2.631,-6.770,-4.580,-15.815,-3.835,-12.430
2024-01-01 00:09:00,-2.981,-6.066,-5.024,-11.866,-16.540,-14.118
2024-01-01 00:10:00,-2.964,-8.797,-3.525,-9.915,-8.136,-15.432
2024-01-01 00:11:00,-2.982,-6.146,-4.221,-13.286,-18.743,-13.948
2024-01-01 00:12:00,-2.761,-6.984,-4.445,-14.598,-14.670,-13.440
2024-01-01 00:13:00,-3.542,-8.110,-4.184,-11.169,-12.105,-17.827
2024-01-01 00:14:00,-2.138,-6.371,-5.192,-14.864,-14.780,-12.211
2024-01-01 00:15:00,-3.132,-6.844,-5.163,-16.296,-11.235,-14.810
2024-01-01 00:16:00,-2.589,-6.549,-4.066,-14.551,-13.757,-9.693
2024-01-01 00:17:00,-3.064,-6.287,-5.057,-16.115,-14.503,-9.062
2024-01-01 00:18:00,-3.278,-5.617,-3.656,-15.991,-9.278,-13.116
2024-01-01 00:19:00,-3.179,-6.754,-3.230,-11.779,-13.243,-13.434
2024-01-01 00:20:00,-3.276,-7.524,-4.715,-13.816,-11.614,-15.211
2024-01-01 00:21:00,-3.122,-7.719,-2.805,-12.676,-10.998,-14.079
2024-01-01 00:22:00,-3.071,-8.707,-4.501,-14.462,-15.455,-11.300
2024-01-01 00:23:00,-2.904,-5.346,-3.657,-15.393,-16.794,-12.543
2024-01-01 00:24:00,-2.606,-7.565,-3.560,-12.166,-11.502,-15.582
2024-01-01 00:25:00,-2.534,-6.871,-4.581,-14.889,-15.648,-18.795
2024-01-01 00:26:00,-3.657,-6.796,-4.797,-13.776,-7.463,-11.083
2024-01-01 00:27:00,-3.088,-7.593,-4.024,-12.834,-7.019,-12.776
2024-01-01 00:28:00,-2.781,-6.736,-4.497,-15.138,-12.781,-19.236
2024-01-01 00:29:00,-2.958,-7.399,-4.555,-8.921,-21.705,-15.562
2024-01-01 00:30:00,-2.706,-8.225,-4.995,-11.511,-10.898,-14.167
2024-01-01 00:31:00,-2.740,-7.087,-3.306,-14.525,-13.966,-10.793
2024-01-01 00:32:00,-2.037,-6.220,-4.117,-14.838,-13.374,-11.317
2024-01-01 00:33:00,-3.168,-9.286,-4.260,-12.850,-15.468,-19.064
2024-01-01 00:34:00,-2.566,-6.635,-4.858,-14.981,-11.556,-13.595
2024-01-01 00:35:00,-3.096,-7.640,-4.540,-14.977,-11.971,-12.306
2024-01-01 00:36:00,-3.183,-8.744,-4.984,-16.511,-15.190,-13.713
2024-01-01 00:37:00,-2.499,-7.076,-3.707,-14.973,-14.384,-18.260
2024-01-01 00:38:00,-2.863,-8.370,-3.687,-14.918,-6.592,-11.742
2024-01-01 00:39:00,-3.206,-7.626,-4.566,-14.531,-16.954,-11.814
2024-01-01 00:40:00,-2.716,-9.183,-5.212,-15.615,-16.258,-16.356
2024-01-01 00:41:00,-2.890,-7.385,-4.058,-18.777,-15.880,-19.155
2024-01-01 00:42:00,-3.119,-8.700,-5.699,-13.478,-14.996,-15.968
2024-01-01 00:43:00,-2.577,-7.576,-4.142,-15.512,-17.545,-12.998
2024-01-01 00:44:00,-3.196,-6.608,-5.121,-16.764,-19.804,-13.603
2024-01-01 00:45:00,-3.008,-7.093,-4.866,-11.411,-12.499,-19.833
2024-01-01 00:46:00,-2.760,-8.055,-3.954,-12.912,-10.020,-19.273
2024-01-01 00:47:00,-2.648,-7.599,-4.762,-11.248,-19.116,-15.829
2024-01-01 00:48:00,-2.464,-8.726,-4.184,-11.878,-13.836,-18.540
2024-01-01 00:49:00,-3.403,-6.884,-3.615,-15.002,-16.389,-13.714
2024-01-01 00:50:00,-3.608,-8.470,-5.404,-19.312,-8.882,-13.776
2024-01-01 00:51:00,-2.811,-8.649,-4.280,-15.453,-18.647,-13.444
2024-01-01 00:52:00,-2.679,-6.042,-5.247,-16.840,-13.656,-17.317
2024-01-01 00:53:00,-3.526,-8.747,-5.058,-13.796,-15.104,-10.965
2024-01-01 00:54:00,-3.407,-7.747,-3.862,-19.478,-9.799,-12.922
2024-01-01 00:55:00,-2.918,-8.465,-5.494,-15.250,-12.184,-18.801
2024-01-01 00:56:00,-2.840,-7.483,-4.805,-15.194,-15.637,-13.985
2024-01-01 00:57:00,-3.106,-7.647,-5.495,-16.347,-16.585,-10.878
2024-01-01 00:58:00,-2.886,-7.453,-4.844,-17.009,-6.865,-18.665
2024-01-01 00:59:00,-2.971,-7.200,-3.995,-12.524,-12.865,-14.092
2024-01-01 01:00:00,-3.049,-9.995,-4.109,-12.826,-12.513,-13.412
2024-01-01 01:01:00,-2.958,-7.242,-4.441,-11.622,-13.059,-18.476
2024-01-01 01:02:00,-3.027,-7.265,-4.511,-15.386,-17.994,-15.737
2024-01-01 01:03:00,-2.842,-8.315,-4.509,-16.064,-12.477,-17.760
2024-01-01 01:04:00,-2.952,-7.006,-3.280,-14.436,-10.467,-11.780
2024-01-01 01:05:00,-2.940,-7.224,-4.025,-19.368,-13.090,-11.572
2024-01-01 01:06:00,-2.789,-6.953,-4.376,-15.185,-17.495,-22.571
2024-01-01 01:07:00,-2.959,-9.193,-4.606,-15.087,-17.293,-13.303
2024-01-01 01:08:00,-2.460,-8.868,-3.671,-11.956,-19.995,-20.530
2024-01-01 01:09:00,-3.001,-6.107,-3.969,-14.977,-11.360,-19.946
2024-01-01 01:10:00,-2.952,-7.512,-4.190,-13.045,-13.114,-18.880
2024-01-01 01:11:00,-2.886,-7.164,-4.768,-16.579,-12.319,-15.071
2024-01-01 01:12:00,-3.327,-8.366,-5.664,-12.097,-20.321,-23.364
2024-01-01 01:13:00,-2.941,-9.048,-5.131,-13.290,-15.934,-19.696
2024-01-01 01:14:00,-3.783,-8.427,-5.440,-17.551,-22.266,-17.622
2024-01-01 01:15:00,-2.836,-8.413,-3.573,-16.801,-15.934,-13.920
2024-01-01 01:16:00,-3.214,-8.279,-5.057,-15.923,-12.920,-19.978
2024-01-01 01:17:00,-3.538,-8.995,-5.075,-18.290,-17.609,-16.394
2024-01-01 01:18:00,-2.771,-9.026,-4.782,-15.244,-14.484,-7.793
2024-01-01 01:19:00,-2.804,-8.648,-3.687,-15.288,-15.065,-17.324
2024-01-01 01:20:00,-3.494,-7.113,-4.594,-10.584,-17.115,-18.869
2024-01-01 01:21:00,-3.933,-7.882,-4.025,-14.904,-14.256,-10.011
2024-01-01 01:22:00,-2.779,-7.947,-4.359,-17.700,-11.812,-16.065
2024-01-01 01:23:00,-3.520,-9.545,-4.553,-19.088,-11.261,-16.413
2024-01-01 01:24:00,-3.452,-9.118,-5.650,-16.764,-14.401,-14.356
2024-01-01 01:25:00,-2.574,-6.602,-4.607,-14.979,-18.660,-18.845
2024-01-01 01:26:00,-2.617,-7.756,-5.221,-15.040,-18.160,-16.772
2024-01-01 01:27:00,-2.919,-9.152,-4.983,-16.249,-17.568,-16.063
2024-01-01 01:28:00,-3.311,-7.980,-5.315,-11.581,-17.894,-14.764
2024-01-01 01:29:00,-2.790,-7.052,-3.868,-17.030,-15.849,-14.716
2024-01-01 01:30:00,-4.173,-6.897,-4.818,-21.135,-11.862,-21.864
2024-01-01 01:31:00,-4.162,-6.297,-4.926,-14.959,-14.076,-19.033
2024-01-01 01:32:00,-3.499,-9.390,-3.847,-16.417,-13.461,-17.298
2024-01-01 01:33:00,-3.094,-7.762,-3.697,-15.281,-17.892,-13.882
2024-01-01 01:34:00,-2.952,-7.925,-4.589,-18.156,-18.248,-23.510
2024-01-01 01:35:00,-2.924,-7.740,-5.588,-17.051,-15.596,-20.625
2024-01-01 01:36:00,-2.734,-10.636,-4.258,-16.451,-15.434,-15.921
2024-01-01 01:37:00,-2.661,-8.347,-4.751,-15.998,-17.465,-16.606
2024-01-01 01:38:00,-3.134,-9.190,-5.120,-17.114,-16.017,-14.608
2024-01-01 01:39:00,-3.270,-8.176,-4.970,-15.394,-15.924,-18.185
2024-01-01 01:40:00,-3.325,-9.113,-5.088,-15.129,-15.945,-17.329
2024-01-01 01:41:00,-3.261,-8.498,-5.137,-16.818,-18.275,-18.425
2024-01-01 01:42:00,-3.107,-7.693,-5.118,-17.879,-13.258,-17.489
2024-01-01 01:43:00,-4.227,-6.865,-6.248,-17.947,-13.772,-15.805
2024-01-01 01:44:00,-3.425,-8.289,-5.487,-17.382,-17.366,-20.758
2024-01-01 01:45:00,-3.060,-8.334,-5.504,-14.800,-21.244,-16.782
2024-01-01 01:46:00,-3.723,-9.355,-5.263,-18.357,-15.562,-16.254
2024-01-01 01:47:00,-3.456,-6.177,-4.602,-14.044,-15.753,-14.580
2024-01-01 01:48:00,-3.537,-8.094,-4.299,-16.352,-18.332,-14.506
2024-01-01 01:49:00,-3.123,-7.800,-5.142,-16.943,-17.606,-12.202
2024-01-01 01:50:00,-3.224,-8.943,-3.840,-15.490,-17.838,-19.613
2024-01-01 01:51:00,-4.055,-8.694,-4.188,-16.588,-18.965,-18.786
2024-01-01 01:52:00,-4.029,-8.356,-4.528,-15.310,-17.214,-15.047
2024-01-01 01:53:00,-2.216,-9.427,-5.053,-15.467,-16.324,-10.570
2024-01-01 01:54:00,-3.659,-7.578,-4.619,-15.143,-14.382,-15.811
2024-01-01 01:55:00,-3.745,-8.436,-4.072,-17.666,-21.339,-18.184
2024-01-01 01:56:00,-3.437,-7.071,-5.457,-12.887,-18.687,-18.645
2024-01-01 01:57:00,-3.164,-8.269,-3.940,-17.807,-15.900,-14.979
2024-01-01 01:58:00,-3.645,-7.146,-6.126,-19.536,-16.804,-14.359
2024-01-01 01:59:00,-2.518,-10.718,-5.818,-14.810,-19.227,-14.106
2024-01-01 02:00:00,-2.853,-7.621,-4.628,-15.457,-18.633,-14.227
2024-01-01 02:01:00,-4.064,-8.743,-5.196,-14.362,-14.316,-14.138
2024-01-01 02:02:00,-3.850,-9.377,-4.934,-17.836,-23.757,-15.417
2024-01-01 02:03:00,-2.849,-9.157,-4.665,-20.492,-18.379,-20.826
2024-01-01 02:04:00,-3.931,-8.582,-4.120,-15.487,-17.877,-12.116
2024-01-01 02:05:00,-3.037,-8.001,-4.031,-19.038,-14.674,-14.119
2024-01-01 02:06:00,-3.337,-7.409,-4.204,-17.213,-22.694,-12.068
2024-01-01 02:07:00,-3.630,-8.404,-5.326,-17.392,-20.421,-13.632
2024-01-01 02:08:00,-3.346,-9.018,-5.612,-19.797,-21.559,-16.137
2024-01-01 02:09:00,-3.547,-7.813,-5.415,-17.022,-19.389,-19.617
2024-01-01 02:10:00,-2.842,-7.289,-4.652,-14.765,-18.671,-14.977
2024-01-01 02:11:00,-3.468,-7.987,-4.337,-16.444,-12.758,-17.185
2024-01-01 02:12:00,-3.321,-7.315,-5.207,-19.192,-19.102,-14.415
2024-01-01 02:13:00,-3.351,-8.030,-4.864,-18.303,-16.939,-17.474
2024-01-01 02:14:00,-3.062,-7.793,-4.606,-15.703,-16.182,-16.423
2024-01-01 02:15:00,-2.911,-6.350,-5.520,-19.240,-16.479,-19.045
2024-01-01 02:16:00,-3.036,-9.258,-5.254,-14.119,-14.644,-16.829
2024-01-01 02:17:00,-2.796,-8.609,-5.811,-13.443,-15.704,-15.633
2024-01-01 02:18:00,-2.575,-7.305,-5.574,-17.212,-16.781,-16.623
2024-01-01 02:19:00,-3.391,-8.699,-5.984,-13.530,-18.072,-19.135
2024-01-01 02:20:00,-3.233,-8.874,-6.348,-15.549,-17.107,-15.236
2024-01-01 02:21:00,-3.539,-7.506,-6.502,-17.959,-13.473,-17.017
2024-01-01 02:22:00,-3.578,-7.264,-4.385,-18.989,-15.612,-15.099
2024-01-01 02:23:00,-3.688,-8.722,-4.133,-16.744,-14.816,-23.416
2024-01-01 02:24:00,-4.081,-7.171,-5.382,-18.300,-15.837,-19.360
2024-01-01 02:25:00,-4.257,-8.010,-4.213,-19.156,-14.394,-16.824
2024-01-01 02:26:00,-3.060,-6.880,-5.586,-17.045,-16.997,-24.003
2024-01-01 02:27:00,-2.891,-8.859,-5.249,-18.401,-17.191,-21.468
2024-01-01 02:28:00,-4.021,-8.856,-5.421,-18.673,-11.649,-13.540
2024-01-01 02:29:00,-4.107,-8.370,-5.733,-13.880,-19.059,-19.402
2024-01-01 02:30:00,-3.283,-7.285,-5.080,-15.587,-12.543,-21.189
2024-01-01 02:31:00,-4.128,-10.672,-4.846,-15.555,-17.007,-19.705
2024-01-01 02:32:00,-3.880,-9.719,-5.177,-14.692,-15.047,-18.199
2024-01-01 02:33:00,-3.701,-7.133,-4.521,-17.664,-22.123,-16.610
2024-01-01 02:34:00,-3.554,-7.621,-4.683,-16.926,-15.132,-18.087
2024-01-01 02:35:00,-3.356,-8.512,-5.894,-18.124,-16.507,-17.006
2024-01-01 02:36:00,-3.415,-7.333,-5.293,-15.791,-19.519,-22.974
2024-01-01 02:37:00,-3.156,-10.227,-5.334,-19.532,-18.882,-22.488
2024-01-01 02:38:00,-3.356,-8.500,-4.766,-16.933,-20.964,-12.588
2024-01-01 02:39:00,-3.269,-10.578,-5.142,-18.509,-22.046,-19.087
2024-01-01 02:40:00,-3.277,-9.206,-6.096,-17.465,-16.819,-16.457
2024-01-01 02:41:00,-3.233,-8.163,-4.790,-16.901,-16.145,-22.632
2024-01-01 02:42:00,-3.781,-7.458,-5.354,-20.128,-16.527,-22.324
2024-01-01 02:43:00,-4.061,-9.100,-4.252,-16.569,-16.995,-20.160
2024-01-01 02:44:00,-3.670,-8.899,-5.081,-18.989,-18.733,-19.511
2024-01-01 02:45:00,-3.757,-8.746,-6.115,-17.908,-16.637,-19.644
2024-01-01 02:46:00,-3.584,-8.289,-5.668,-16.423,-19.083,-16.647
2024-01-01 02:47:00,-3.296,-9.390,-6.159,-17.744,-19.495,-20.653
2024-01-01 02:48:00,-3.837,-9.728,-5.756,-18.534,-17.917,-16.803
2024-01-01 02:49:00,-3.375,-8.699,-4.608,-20.688,-18.784,-20.343
2024-01-01 02:50:00,-2.775,-8.662,-5.938,-14.141,-21.657,-16.574
2024-01-01 02:51:00,-3.198,-7.960,-5.250,-18.467,-17.453,-14.389
2024-01-01 02:52:00,-2.972,-8.329,-4.652,-15.617,-15.709,-25.123
2024-01-01 02:53:00,-3.704,-8.734,-5.572,-19.525,-21.807,-18.634
2024-01-01 02:54:00,-3.597,-7.823,-5.659,-14.462,-19.729,-15.533
2024-01-01 02:55:00,-3.467,-7.420,-4.905,-16.656,-20.268,-18.033
2024-01-01 02:56:00,-3.211,-8.485,-6.186,-18.879,-23.393,-23.095
2024-01-01 02:57:00,-3.850,-8.817,-4.591,-19.377,-17.276,-21.462
2024-01-01 02:58:00,-3.793,-8.701,-5.942,-19.858,-19.729,-21.793
2024-01-01 02:59:00,-3.018,-10.038,-5.614,-15.343,-17.270,-19.002
2024-01-01 03:00:00,-3.409,-7.471,-5.035,-18.956,-15.777,-20.567
2024-01-01 03:01:00,-3.231,-8.566,-4.712,-19.491,-13.512,-20.716
2024-01-01 03:02:00,-3.426,-9.102,-4.914,-19.258,-16.509,-16.601
2024-01-01 03:03:00,-3.427,-9.760,-5.695,-17.120,-15.744,-16.260
2024-01-01 03:04:00,-2.666,-8.487,-5.578,-17.136,-19.276,-18.509
2024-01-01 03:05:00,-3.828,-8.435,-5.412,-19.210,-9.538,-19.282
2024-01-01 03:06:00,-3.491,-8.638,-5.040,-20.776,-21.249,-13.828
2024-01-01 03:07:00,-3.823,-8.378,-5.579,-16.063,-20.353,-19.839
2024-01-01 03:08:00,-3.659,-9.115,-5.942,-16.540,-18.883,-18.036
2024-01-01 03:09:00,-3.405,-8.642,-5.079,-16.237,-21.842,-18.388
2024-01-01 03:10:00,-3.455,-9.755,-4.774,-17.023,-21.564,-16.158
2024-01-01 03:11:00,-3.433,-9.055,-6.315,-20.707,-17.835,-14.685
2024-01-01 03:12:00,-4.189,-8.109,-6.154,-16.963,-20.871,-13.620
2024-01-01 03:13:00,-3.800,-11.783,-6.373,-21.005,-17.734,-18.320
2024-01-01 03:14:00,-3.970,-8.460,-6.309,-16.293,-16.774,-23.819
2024-01-01 03:15:00,-3.962,-10.211,-6.423,-19.795,-17.551,-18.841
2024-01-01 03:16:00,-4.341,-8.367,-5.002,-19.914,-16.640,-16.704
2024-01-01 03:17:00,-3.504,-9.321,-5.649,-21.427,-18.544,-16.323
2024-01-01 03:18:00,-2.995,-7.391,-5.931,-19.281,-19.599,-18.344
2024-01-01 03:19:00,-4.158,-9.845,-5.594,-19.352,-16.730,-18.054
2024-01-01 03:20:00,-4.060,-9.979,-5.548,-18.837,-18.324,-13.585
2024-01-01 03:21:00,-3.726,-10.482,-5.056,-20.092,-19.701,-20.326
2024-01-01 03:22:00,-4.426,-10.399,-5.277,-16.420,-20.950,-16.142
2024-01-01 03:23:00,-3.685,-9.310,-5.081,-16.959,-15.484,-17.202
2024-01-01 03:24:00,-3.773,-10.799,-5.281,-21.095,-18.146,-17.684
2024-01-01 03:25:00,-4.068,-8.343,-5.819,-19.587,-21.461,-17.911
2024-01-01 03:26:00,-3.257,-8.450,-5.569,-16.806,-16.098,-15.073
2024-01-01 03:27:00,-3.533,-10.293,-5.515,-18.147,-17.891,-13.625
2024-01-01 03:28:00,-3.453,-9.607,-4.995,-18.914,-18.770,-16.355
2024-01-01 03:29:00,-3.700,-8.478,-6.303,-18.788,-11.276,-16.432
2024-01-01 03:30:00,-4.049,-8.511,-5.132,-13.946,-18.758,-13.913
2024-01-01 03:31:00,-3.536,-9.312,-5.238,-20.178,-19.470,-7.151
2024-01-01 03:32:00,-3.503,-8.765,-5.950,-19.626,-17.018,-18.506
2024-01-01 03:33:00,-3.782,-9.065,-5.106,-18.260,-15.600,-15.749
2024-01-01 03:34:00,-3.761,-8.132,-4.667,-21.744,-18.571,-22.866
2024-01-01 03:35:00,-3.908,-9.097,-6.012,-21.259,-21.274,-19.436
2024-01-01 03:36:00,-3.980,-9.898,-5.951,-22.566,-10.138,-21.188
2024-01-01 03:37:00,-3.275,-9.214,-4.819,-20.548,-17.013,-19.506
2024-01-01 03:38:00,-3.835,-10.637,-5.261,-17.063,-15.280,-19.004
2024-01-01 03:39:00,-4.112,-9.592,-5.867,-14.417,-19.126,-19.947
2024-01-01 03:40:00,-3.836,-9.892,-5.845,-18.424,-16.080,-17.076
2024-01-01 03:41:00,-4.095,-8.597,-5.142,-18.302,-14.805,-11.081
2024-01-01 03:42:00,-3.592,-8.812,-5.299,-14.562,-17.157,-17.113
2024-01-01 03:43:00,-4.208,-8.838,-4.591,-20.315,-17.185,-16.006
2024-01-01 03:44:00,-3.690,-10.380,-6.662,-22.127,-16.870,-16.751
2024-01-01 03:45:00,-3.726,-9.506,-5.982,-19.089,-21.708,-21.849
2024-01-01 03:46:00,-3.661,-9.897,-5.990,-17.970,-20.605,-15.213
2024-01-01 03:47:00,-3.576,-7.944,-5.584,-20.751,-21.983,-18.884
2024-01-01 03:48:00,-4.123,-10.372,-4.497,-17.088,-14.535,-20.304
2024-01-01 03:49:00,-3.415,-9.052,-6.356,-19.975,-19.813,-19.053
2024-01-01 03:50:00,-3.952,-8.000,-4.881,-16.079,-15.037,-14.525
2024-01-01 03:51:00,-3.723,-8.376,-5.846,-20.170,-16.207,-21.728
2024-01-01 03:52:00,-3.277,-10.236,-5.561,-20.895,-21.263,-22.323
2024-01-01 03:53:00,-3.579,-10.711,-5.829,-20.292,-18.027,-21.633
2024-01-01 03:54:00,-3.494,-7.539,-6.447,-20.958,-19.860,-18.274
2024-01-01 03:55:00,-3.223,-6.744,-5.354,-16.716,-20.151,-15.529
2024-01-01 03:56:00,-3.645,-11.249,-5.187,-20.817,-17.382,-23.328
2024-01-01 03:57:00,-4.221,-11.305,-5.186,-12.276,-18.342,-14.566
2024-01-01 03:58:00,-4.049,-11.413,-6.516,-19.291,-20.529,-19.719
2024-01-01 03:59:00,-4.142,-9.307,-5.888,-17.267,-19.911,-18.693
2024-01-01 04:00:00,-3.570,-9.616,-5.071,-19.351,-17.464,-18.619
2024-01-01 04:01:00,-3.946,-9.904,-6.438,-21.302,-21.081,-23.906
2024-01-01 04:02:00,-3.631,-10.286,-5.102,-19.685,-14.915,-24.137
2024-01-01 04:03:00,-3.706,-8.715,-5.953,-19.173,-26.512,-22.112
2024-01-01 04:04:00,-3.890,-10.680,-6.066,-19.712,-15.854,-14.968
2024-01-01 04:05:00,-4.547,-9.927,-6.110,-18.869,-17.871,-23.099
2024-01-01 04:06:00,-3.758,-8.435,-5.927,-17.933,-14.002,-20.962
2024-01-01 04:07:00,-3.497,-10.147,-5.159,-23.329,-19.286,-19.237
2024-01-01 04:08:00,-3.964,-8.866,-5.344,-19.666,-23.032,-22.070
2024-01-01 04:09:00,-3.913,-9.415,-5.642,-19.708,-17.046,-22.005
2024-01-01 04:10:00,-3.450,-12.355,-6.222,-20.090,-18.419,-21.693
2024-01-01 04:11:00,-4.093,-10.750,-5.346,-15.735,-19.013,-10.314
2024-01-01 04:12:00,-3.863,-10.126,-5.934,-20.490,-18.008,-16.370
2024-01-01 04:13:00,-3.898,-8.389,-6.518,-19.530,-23.857,-20.678
2024-01-01 04:14:00,-3.910,-10.198,-5.839,-17.429,-17.210,-15.675
2024-01-01 04:15:00,-3.467,-9.700,-5.291,-21.515,-19.677,-17.050
2024-01-01 04:16:00,-4.060,-10.326,-6.020,-18.401,-21.479,-20.647
2024-01-01 04:17:00,-4.122,-7.857,-4.666,-19.256,-19.896,-21.058
2024-01-01 04:18:00,-3.869,-9.051,-6.357,-20.511,-23.643,-20.376
2024-01-01 04:19:00,-3.860,-8.643,-6.126,-17.215,-15.786,-23.152
2024-01-01 04:20:00,-3.707,-10.398,-6.387,-15.489,-15.585,-17.095
2024-01-01 04:21:00,-3.359,-9.668,-5.753,-17.490,-17.258,-20.642
2024-01-01 04:22:00,-3.980,-9.224,-5.107,-20.976,-18.745,-19.736
2024-01-01 04:23:00,-3.694,-9.744,-5.307,-20.936,-20.507,-15.113
2024-01-01 04:24:00,-3.910,-8.976,-6.409,-19.210,-18.929,-18.802
2024-01-01 04:25:00,-4.151,-8.618,-5.536,-17.168,-23.471,-18.119
2024-01-01 04:26:00,-3.952,-9.271,-5.703,-15.629,-20.236,-16.196
2024-01-01 04:27:00,-3.924,-8.516,-5.874,-18.182,-18.692,-17.385
2024-01-01 04:28:00,-4.201,-8.211,-5.936,-20.064,-18.976,-15.652
2024-01-01 04:29:00,-3.814,-10.028,-5.838,-19.517,-16.477,-17.660
2024-01-01 04:30:00,-3.275,-8.729,-4.815,-18.751,-21.407,-18.762
2024-01-01 04:31:00,-3.837,-10.199,-5.552,-21.623,-23.013,-22.499
2024-01-01 04:32:00,-3.458,-10.079,-5.641,-21.405,-17.361,-16.744
2024-01-01 04:33:00,-3.549,-9.550,-5.868,-18.515,-14.103,-22.376
2024-01-01 04:34:00,-3.669,-8.769,-6.419,-16.605,-13.535,-15.650
2024-01-01 04:35:00,-4.293,-9.522,-5.375,-20.646,-18.714,-25.979
2024-01-01 04:36:00,-3.442,-9.169,-5.392,-21.007,-16.167,-22.527
2024-01-01 04:37:00,-3.943,-9.385,-6.527,-22.828,-20.264,-17.471
2024-01-01 04:38:00,-3.452,-10.624,-5.081,-19.297,-18.204,-23.566
2024-01-01 04:39:00,-3.346,-10.639,-5.553,-21.795,-17.913,-21.141
2024-01-01 04:40:00,-3.961,-8.758,-5.443,-20.697,-21.052,-15.835
2024-01-01 04:41:00,-4.423,-10.894,-4.958,-19.728,-16.277,-16.516
2024-01-01 04:42:00,-3.671,-10.798,-5.803,-18.849,-23.908,-24.869
2024-01-01 04:43:00,-3.304,-9.938,-5.695,-20.284,-18.511,-22.112
2024-01-01 04:44:00,-3.983,-8.177,-6.638,-19.232,-18.922,-21.446
2024-01-01 04:45:00,-4.126,-9.251,-5.923,-20.267,-15.146,-23.763
2024-01-01 04:46:00,-4.041,-10.959,-5.438,-18.847,-18.012,-16.225
2024-01-01 04:47:00,-4.332,-9.433,-5.946,-18.257,-17.036,-17.391
2024-01-01 04:48:00,-3.760,-10.318,-4.975,-22.508,-18.654,-19.885
2024-01-01 04:49:00,-3.849,-9.006,-5.941,-21.582,-21.265,-11.246
2024-01-01 04:50:00,-4.399,-10.914,-5.614,-19.734,-23.171,-18.177
2024-01-01 04:51:00,-4.011,-8.400,-5.564,-19.024,-16.355,-17.859
2024-01-01 04:52:00,-3.517,-10.703,-5.572,-16.820,-19.418,-21.606
2024-01-01 04:53:00,-4.043,-9.531,-6.252,-15.021,-15.891,-19.943
2024-01-01 04:54:00,-4.618,-8.961,-6.327,-22.172,-20.626,-17.136
2024-01-01 04:55:00,-4.187,-11.219,-5.553,-19.973,-18.840,-24.087
2024-01-01 04:56:00,-3.755,-9.627,-5.936,-17.565,-13.884,-18.205
2024-01-01 04:57:00,-4.468,-10.502,-5.222,-20.334,-16.826,-21.728
2024-01-01 04:58:00,-4.041,-9.222,-4.658,-19.928,-19.320,-22.160
2024-01-01 04:59:00,-3.910,-9.451,-4.711,-16.745,-19.472,-17.755
2024-01-01 05:00:00,-3.402,-11.778,-6.225,-22.489,-20.321,-21.969
2024-01-01 05:01:00,-3.682,-10.749,-6.405,-21.541,-16.782,-19.944
2024-01-01 05:02:00,-3.763,-9.533,-6.497,-21.167,-17.145,-21.458
2024-01-01 05:03:00,-3.250,-9.748,-6.598,-22.122,-18.424,-17.689
2024-01-01 05:04:00,-3.963,-9.593,-6.138,-20.933,-24.332,-17.778
2024-01-01 05:05:00,-3.750,-9.959,-5.871,-22.277,-16.116,-19.560
2024-01-01 05:06:00,-3.900,-10.334,-6.319,-18.677,-18.959,-19.778
2024-01-01 05:07:00,-4.320,-10.998,-4.768,-22.558,-22.729,-20.427
2024-01-01 05:08:00,-4.378,-11.362,-5.342,-17.151,-24.486,-19.717
2024-01-01 05:09:00,-3.957,-10.380,-5.363,-18.915,-20.891,-28.930
2024-01-01 05:10:00,-4.837,-10.537,-5.467,-20.511,-16.853,-16.017
2024-01-01 05:11:00,-3.869,-10.454,-4.424,-19.463,-19.342,-18.722
2024-01-01 05:12:00,-4.629,-10.557,-5.456,-21.154,-23.547,-16.558
2024-01-01 05:13:00,-4.173,-9.534,-6.471,-17.386,-18.169,-14.409
2024-01-01 05:14:00,-3.684,-8.052,-5.943,-15.696,-18.756,-17.037
2024-01-01 05:15:00,-3.815,-9.157,-5.739,-23.460,-17.907,-18.632
2024-01-01 05:16:00,-4.578,-9.438,-5.575,-22.022,-13.578,-21.171
2024-01-01 05:17:00,-4.448,-8.654,-5.197,-15.213,-22.260,-23.545
2024-01-01 05:18:00,-3.546,-9.372,-5.871,-20.728,-20.415,-10.163
2024-01-01 05:19:00,-3.393,-11.919,-6.096,-21.457,-18.586,-19.114
2024-01-01 05:20:00,-3.910,-8.708,-6.703,-22.389,-13.795,-21.440
2024-01-01 05:21:00,-4.457,-9.694,-5.836,-15.666,-19.590,-17.544
2024-01-01 05:22:00,-4.647,-10.743,-6.572,-15.305,-20.307,-14.642
2024-01-01 05:23:00,-2.873,-9.379,-5.855,-18.105,-27.517,-15.218
2024-01-01 05:24:00,-4.322,-7.746,-7.082,-20.768,-22.959,-20.918
2024-01-01 05:25:00,-4.717,-8.286,-6.455,-19.033,-25.969,-23.158
2024-01-01 05:26:00,-4.179,-8.333,-5.338,-19.393,-18.843,-22.148
2024-01-01 05:27:00,-4.675,-8.916,-6.042,-20.048,-17.887,-15.479
2024-01-01 05:28:00,-3.861,-8.407,-5.961,-17.524,-22.365,-20.213
2024-01-01 05:29:00,-4.600,-12.716,-6.174,-18.122,-18.203,-18.909
2024-01-01 05:30:00,-4.041,-11.743,-4.559,-19.261,-18.354,-23.031
2024-01-01 05:31:00,-3.727,-9.487,-6.316,-19.996,-16.743,-13.714
2024-01-01 05:32:00,-3.433,-10.225,-5.405,-18.259,-21.749,-21.583
2024-01-01 05:33:00,-3.909,-8.340,-4.990,-20.277,-20.681,-23.007
2024-01-01 05:34:00,-4.266,-9.174,-6.734,-18.319,-16.386,-20.020
2024-01-01 05:35:00,-4.670,-9.667,-6.206,-18.806,-19.451,-19.767
2024-01-01 05:36:00,-2.902,-11.673,-5.119,-19.769,-26.717,-20.242
2024-01-01 05:37:00,-3.903,-10.397,-5.517,-18.823,-19.752,-22.281
2024-01-01 05:38:00,-3.396,-9.141,-4.640,-16.376,-23.889,-23.062
2024-01-01 05:39:00,-4.611,-9.732,-6.661,-22.520,-22.441,-20.049
2024-01-01 05:40:00,-4.180,-9.935,-5.365,-18.184,-15.990,-14.601
2024-01-01 05:41:00,-4.142,-10.224,-5.440,-20.583,-19.824,-14.076
2024-01-01 05:42:00,-4.668,-10.411,-6.168,-22.368,-18.676,-16.898
2024-01-01 05:43:00,-3.348,-9.676,-6.608,-19.065,-17.825,-15.034
2024-01-01 05:44:00,-3.561,-9.904,-6.081,-17.546,-15.147,-16.818
2024-01-01 05:45:00,-4.381,-9.015,-6.189,-15.844,-26.656,-23.568
2024-01-01 05:46:00,-3.978,-9.781,-7.460,-18.370,-19.436,-18.316
2024-01-01 05:47:00,-4.625,-8.555,-5.429,-18.798,-21.761,-21.632
2024-01-01 05:48:00,-4.351,-9.180,-4.931,-19.161,-21.151,-15.592
2024-01-01 05:49:00,-3.876,-9.811,-6.116,-19.848,-21.908,-19.960
2024-01-01 05:50:00,-3.922,-8.879,-5.615,-19.475,-22.973,-18.489
2024-01-01 05:51:00,-3.902,-10.234,-5.512,-19.705,-18.106,-22.588
2024-01-01 05:52:00,-3.785,-9.332,-6.367,-21.226,-17.697,-18.283
2024-01-01 05:53:00,-3.969,-9.649,-5.731,-21.584,-18.307,-21.468
2024-01-01 05:54:00,-3.967,-8.912,-5.894,-19.462,-22.920,-21.204
2024-01-01 05:55:00,-3.691,-10.857,-6.124,-19.163,-17.773,-21.260
2024-01-01 05:56:00,-4.691,-9.728,-6.503,-19.226,-23.119,-21.488
2024-01-01 05:57:00,-3.423,-9.375,-5.755,-17.186,-14.417,-17.800
2024-01-01 05:58:00,-3.597,-10.948,-6.507,-21.564,-17.655,-19.354
2024-01-01 05:59:00,-4.109,-10.629,-5.514,-19.858,-19.587,-21.219
2024-01-01 06:00:00,-4.403,-7.605,-5.742,-18.103,-20.472,-17.701
2024-01-01 06:01:00,-3.980,-11.013,-5.230,-20.034,-19.918,-21.134
2024-01-01 06:02:00,-4.103,-7.794,-6.061,-21.757,-18.584,-24.243
2024-01-01 06:03:00,-4.529,-10.368,-6.377,-19.710,-22.505,-12.288
2024-01-01 06:04:00,-4.056,-9.573,-5.926,-22.471,-25.075,-16.144
2024-01-01 06:05:00,-4.238,-10.826,-5.872,-20.409,-14.748,-24.092
2024-01-01 06:06:00,-3.159,-9.874,-5.458,-18.871,-19.447,-19.746
2024-01-01 06:07:00,-3.914,-8.753,-6.072,-18.466,-17.032,-23.822
2024-01-01 06:08:00,-3.794,-12.191,-6.284,-23.474,-17.237,-23.140
2024-01-01 06:09:00,-3.837,-9.432,-5.254,-20.672,-20.478,-20.111
2024-01-01 06:10:00,-4.139,-10.366,-6.110,-17.320,-18.969,-15.794
2024-01-01 06:11:00,-3.984,-9.038,-6.259,-20.125,-21.282,-19.075
2024-01-01 06:12:00,-4.575,-10.129,-5.738,-19.176,-21.773,-23.840
2024-01-01 06:13:00,-4.798,-8.602,-6.449,-19.882,-17.135,-23.212
2024-01-01 06:14:00,-4.033,-8.240,-5.813,-22.617,-20.560,-16.911
2024-01-01 06:15:00,-3.836,-10.044,-6.146,-20.773,-21.641,-20.420
2024-01-01 06:16:00,-3.934,-10.909,-6.432,-18.185,-21.993,-17.533
2024-01-01 06:17:00,-3.439,-9.198,-4.888,-19.296,-22.684,-22.176
2024-01-01 06:18:00,-3.674,-9.748,-6.011,-16.461,-15.282,-22.491
2024-01-01 06:19:00,-3.933,-9.916,-6.136,-22.322,-10.793,-26.183
2024-01-01 06:20:00,-3.227,-9.363,-6.014,-22.910,-13.094,-21.814
2024-01-01 06:21:00,-3.377,-10.030,-5.662,-17.487,-17.723,-17.461
2024-01-01 06:22:00,-3.925,-11.190,-6.260,-19.672,-10.753,-20.410
2024-01-01 06:23:00,-3.856,-8.793,-5.437,-19.853,-14.660,-20.713
2024-01-01 06:24:00,-4.412,-9.360,-5.704,-19.137,-15.148,-12.042
2024-01-01 06:25:00,-3.922,-9.935,-5.580,-18.391,-17.999,-22.247
2024-01-01 06:26:00,-4.027,-10.858,-6.732,-19.833,-16.375,-20.120
2024-01-01 06:27:00,-4.155,-8.792,-5.204,-18.926,-19.133,-14.904
2024-01-01 06:28:00,-4.532,-9.749,-6.478,-19.731,-22.800,-20.887
2024-01-01 06:29:00,-4.652,-9.931,-5.610,-18.262,-19.992,-20.812
2024-01-01 06:30:00,-4.488,-8.453,-5.682,-22.424,-25.365,-18.351
2024-01-01 06:31:00,-3.784,-9.185,-5.785,-16.989,-19.115,-18.186
2024-01-01 06:32:00,-3.877,-8.979,-5.334,-20.162,-21.323,-19.701
2024-01-01 06:33:00,-4.284,-11.074,-5.857,-21.200,-19.456,-14.737
2024-01-01 06:34:00,-4.321,-10.091,-6.206,-19.134,-20.344,-21.144
2024-01-01 06:35:00,-4.498,-8.639,-6.067,-19.829,-17.047,-13.775
2024-01-01 06:36:00,-3.652,-8.446,-6.656,-20.788,-26.125,-18.291
2024-01-01 06:37:00,-4.695,-9.729,-6.787,-20.162,-20.153,-18.897
2024-01-01 06:38:00,-3.973,-10.651,-6.146,-18.759,-19.777,-20.484
2024-01-01 06:39:00,-3.204,-8.897,-5.693,-17.966,-24.026,-16.777
2024-01-01 06:40:00,-4.005,-9.205,-6.266,-17.853,-18.659,-25.125
2024-01-01 06:41:00,-4.368,-10.142,-6.006,-19.798,-24.470,-24.012
2024-01-01 06:42:00,-4.071,-10.226,-5.709,-19.451,-18.627,-22.491
2024-01-01 06:43:00,-3.677,-9.787,-6.070,-18.874,-22.287,-14.843
2024-01-01 06:44:00,-3.632,-9.669,-5.131,-20.288,-18.993,-16.486
2024-01-01 06:45:00,-4.551,-10.108,-6.657,-19.197,-23.056,-17.003
2024-01-01 06:46:00,-3.616,-10.791,-6.157,-19.174,-18.423,-21.854
2024-01-01 06:47:00,-3.947,-9.660,-5.984,-18.860,-23.411,-26.557
2024-01-01 06:48:00,-3.909,-10.676,-6.645,-18.951,-14.979,-20.440
2024-01-01 06:49:00,-3.853,-10.132,-5.011,-21.954,-21.300,-22.472
2024-01-01 06:50:00,-4.328,-11.167,-5.824,-21.818,-15.698,-14.545
2024-01-01 06:51:00,-3.479,-9.028,-5.580,-18.889,-20.311,-23.517
2024-01-01 06:52:00,-4.038,-11.983,-6.418,-20.892,-22.441,-21.100
2024-01-01 06:53:00,-4.315,-9.925,-6.386,-21.455,-25.500,-23.018
2024-01-01 06:54:00,-4.250,-10.383,-5.768,-19.721,-17.507,-23.037
2024-01-01 06:55:00,-4.222,-9.113,-5.876,-22.155,-17.360,-19.167
2024-01-01 06:56:00,-4.034,-9.150,-6.232,-21.296,-16.984,-23.192
2024-01-01 06:57:00,-4.596,-9.178,-6.054,-16.370,-21.211,-18.419
2024-01-01 06:58:00,-4.190,-8.737,-4.632,-23.073,-24.165,-27.207
2024-01-01 06:59:00,-4.376,-8.985,-6.260,-17.399,-19.128,-16.099
2024-01-01 07:00:00,-4.226,-11.159,-5.616,-19.831,-16.230,-19.125
2024-01-01 07:01:00,-3.661,-11.708,-6.386,-21.059,-18.408,-17.008
2024-01-01 07:02:00,-3.988,-8.811,-4.947,-15.156,-20.481,-18.211
2024-01-01 07:03:00,-3.787,-9.703,-6.999,-17.257,-21.351,-17.665
2024-01-01 07:04:00,-4.385,-9.570,-5.678,-19.388,-23.794,-18.829
2024-01-01 07:05:00,-4.185,-9.741,-6.387,-21.243,-18.492,-18.384
2024-01-01 07:06:00,-4.857,-11.071,-5.647,-22.966,-19.357,-17.641
2024-01-01 07:07:00,-4.144,-12.008,-5.419,-18.041,-26.588,-22.630
2024-01-01 07:08:00,-4.672,-9.739,-5.692,-19.119,-21.043,-18.446
2024-01-01 07:09:00,-3.825,-9.211,-5.455,-20.917,-26.224,-21.323
2024-01-01 07:10:00,-3.961,-10.790,-5.793,-21.408,-22.107,-18.352
2024-01-01 07:11:00,-3.666,-8.940,-6.177,-24.933,-21.003,-21.964
2024-01-01 07:12:00,-3.953,-10.165,-6.215,-20.834,-18.551,-24.483
2024-01-01 07:13:00,-3.737,-10.210,-6.098,-19.482,-17.996,-16.897
2024-01-01 07:14:00,-4.365,-10.533,-5.703,-19.103,-16.709,-24.712
2024-01-01 07:15:00,-3.814,-9.604,-5.718,-19.956,-22.891,-16.893
2024-01-01 07:16:00,-3.612,-11.818,-6.622,-19.310,-17.748,-21.986
2024-01-01 07:17:00,-3.160,-8.836,-4.989,-21.760,-20.344,-21.901
2024-01-01 07:18:00,-4.036,-9.850,-5.159,-20.531,-12.854,-18.123
2024-01-01 07:19:00,-3.982,-10.040,-6.253,-18.442,-19.055,-23.211
2024-01-01 07:20:00,-4.005,-8.566,-6.371,-22.676,-16.042,-21.788
2024-01-01 07:21:00,-3.929,-9.088,-6.001,-18.097,-20.734,-21.436
2024-01-01 07:22:00,-4.259,-9.953,-6.713,-19.179,-14.832,-22.165
2024-01-01 07:23:00,-3.428,-8.790,-6.281,-18.925,-16.701,-14.484
2024-01-01 07:24:00,-3.482,-9.191,-5.773,-19.825,-17.839,-13.288
2024-01-01 07:25:00,-4.302,-9.794,-5.301,-16.669,-22.364,-22.096
2024-01-01 07:26:00,-4.060,-10.123,-5.993,-15.565,-18.872,-20.767
2024-01-01 07:27:00,-3.334,-9.916,-6.335,-18.971,-22.927,-23.276
2024-01-01 07:28:00,-3.592,-10.225,-5.594,-17.154,-18.470,-18.657
2024-01-01 07:29:00,-2.964,-9.867,-5.476,-20.459,-20.765,-22.895
2024-01-01 07:30:00,-3.746,-10.697,-6.019,-18.855,-19.172,-17.648
2024-01-01 07:31:00,-4.745,-9.147,-5.734,-20.388,-19.241,-24.130
2024-01-01 07:32:00,-4.067,-10.178,-5.584,-19.481,-23.555,-15.389
2024-01-01 07:33:00,-3.477,-11.698,-6.006,-21.566,-16.190,-20.722
2024-01-01 07:34:00,-3.625,-11.098,-5.448,-15.883,-20.597,-17.933
2024-01-01 07:35:00,-3.147,-11.542,-6.080,-22.218,-13.070,-21.662
2024-01-01 07:36:00,-3.044,-10.124,-5.323,-18.062,-23.725,-15.399
2024-01-01 07:37:00,-4.351,-9.568,-5.276,-16.716,-17.981,-21.487
2024-01-01 07:38:00,-3.356,-10.131,-5.565,-17.199,-20.221,-22.196
2024-01-01 07:39:00,-3.730,-11.218,-5.837,-18.647,-18.781,-20.924
2024-01-01 07:40:00,-3.965,-8.490,-5.812,-21.326,-17.498,-19.545
2024-01-01 07:41:00,-3.904,-9.351,-5.156,-13.103,-21.049,-19.999
2024-01-01 07:42:00,-4.466,-10.372,-5.488,-17.560,-23.863,-21.569
2024-01-01 07:43:00,-3.686,-10.545,-5.681,-19.174,-18.697,-18.033
2024-01-01 07:44:00,-4.045,-8.745,-6.239,-17.249,-18.786,-18.533
2024-01-01 07:45:00,-3.799,-11.217,-5.461,-19.184,-19.463,-20.848
2024-01-01 07:46:00,-3.542,-9.592,-5.671,-17.027,-17.631,-19.069
2024-01-01 07:47:00,-4.440,-9.363,-5.220,-17.182,-16.668,-17.871
2024-01-01 07:48:00,-3.307,-9.949,-5.498,-20.646,-20.444,-18.173
2024-01-01 07:49:00,-4.506,-9.342,-5.734,-20.220,-16.402,-22.320
2024-01-01 07:50:00,-3.916,-12.121,-5.090,-17.493,-13.415,-16.993
2024-01-01 07:51:00,-3.478,-9.441,-6.044,-19.935,-21.968,-19.167
2024-01-01 07:52:00,-2.961,-9.717,-6.025,-17.774,-20.812,-21.832
2024-01-01 07:53:00,-3.532,-9.528,-6.509,-17.157,-20.367,-17.344
2024-01-01 07:54:00,-4.627,-8.815,-6.470,-20.929,-14.066,-20.084
2024-01-01 07:55:00,-3.882,-9.717,-5.290,-17.027,-20.566,-20.302
2024-01-01 07:56:00,-4.481,-10.341,-6.124,-19.730,-23.067,-19.639
2024-01-01 07:57:00,-4.215,-10.046,-4.921,-19.778,-26.360,-22.529
2024-01-01 07:58:00,-3.543,-10.051,-5.253,-16.835,-14.921,-15.996
2024-01-01 07:59:00,-3.910,-11.222,-5.870,-20.286,-19.392,-20.109
2024-01-01 08:00:00,-3.416,-11.079,-6.663,-18.702,-19.699,-16.808
2024-01-01 08:01:00,-3.703,-8.559,-5.820,-18.823,-18.887,-19.900
2024-01-01 08:02:00,-3.555,-10.233,-6.137,-20.256,-13.479,-17.966
2024-01-01 08:03:00,-3.283,-9.652,-5.067,-20.562,-19.806,-15.451
2024-01-01 08:04:00,-3.213,-9.818,-5.043,-20.743,-16.960,-15.200
2024-01-01 08:05:00,-4.618,-8.160,-5.798,-15.160,-20.041,-24.140
2024-01-01 08:06:00,-3.709,-9.052,-5.425,-21.886,-24.397,-22.662
2024-01-01 08:07:00,-3.606,-9.139,-5.338,-18.177,-20.595,-15.215
2024-01-01 08:08:00,-3.509,-8.998,-6.836,-19.539,-19.169,-22.178
2024-01-01 08:09:00,-4.202,-8.940,-6.114,-17.560,-16.725,-18.254
2024-01-01 08:10:00,-3.680,-7.622,-5.455,-16.014,-15.271,-17.820
2024-01-01 08:11:00,-3.984,-10.172,-4.581,-21.124,-12.967,-22.956
2024-01-01 08:12:00,-3.655,-9.053,-5.383,-20.832,-14.053,-18.014
2024-01-01 08:13:00,-3.193,-9.308,-5.285,-19.888,-10.289,-19.409
2024-01-01 08:14:00,-4.184,-9.404,-6.609,-15.187,-16.295,-12.420
2024-01-01 08:15:00,-3.359,-9.115,-4.827,-19.778,-17.439,-17.333
2024-01-01 08:16:00,-3.889,-7.770,-6.354,-20.877,-23.443,-12.671
2024-01-01 08:17:00,-3.519,-9.251,-6.063,-15.780,-20.101,-18.130
2024-01-01 08:18:00,-4.493,-8.294,-5.639,-19.687,-21.501,-18.222
2024-01-01 08:19:00,-4.124,-8.532,-5.012,-19.172,-24.121,-19.545
2024-01-01 08:20:00,-4.257,-8.952,-6.345,-18.046,-17.584,-18.696
2024-01-01 08:21:00,-4.143,-8.985,-5.091,-17.013,-14.266,-17.697
2024-01-01 08:22:00,-3.747,-10.674,-5.196,-18.643,-13.301,-16.601
2024-01-01 08:23:00,-3.267,-9.684,-5.487,-16.417,-19.803,-18.226
2024-01-01 08:24:00,-3.197,-7.951,-6.336,-17.179,-15.992,-24.026
2024-01-01 08:25:00,-3.938,-10.544,-6.000,-19.876,-15.854,-17.673
2024-01-01 08:26:00,-4.151,-8.929,-6.263,-20.143,-19.492,-21.077
2024-01-01 08:27:00,-4.128,-10.911,-5.297,-23.754,-22.525,-18.456
2024-01-01 08:28:00,-4.267,-8.578,-5.834,-18.314,-21.833,-22.110
2024-01-01 08:29:00,-3.657,-10.378,-6.145,-20.967,-17.040,-17.992
2024-01-01 08:30:00,-3.320,-7.195,-4.639,-16.239,-20.214,-18.663
2024-01-01 08:31:00,-3.423,-7.843,-6.221,-17.723,-19.503,-14.609
2024-01-01 08:32:00,-4.554,-10.498,-6.217,-20.296,-19.480,-17.559
2024-01-01 08:33:00,-3.344,-9.261,-5.421,-16.757,-17.994,-14.306
2024-01-01 08:34:00,-3.734,-9.201,-5.684,-21.053,-18.885,-21.038
2024-01-01 08:35:00,-4.241,-8.531,-5.593,-17.695,-17.810,-15.983
2024-01-01 08:36:00,-3.766,-8.966,-5.600,-17.312,-24.947,-15.373
2024-01-01 08:37:00,-3.491,-9.740,-5.525,-18.663,-15.502,-20.232
2024-01-01 08:38:00,-3.540,-9.342,-4.978,-22.637,-16.886,-19.910
2024-01-01 08:39:00,-3.722,-8.546,-5.264,-19.640,-15.322,-16.184
2024-01-01 08:40:00,-3.643,-8.702,-5.915,-20.066,-22.767,-15.952
2024-01-01 08:41:00,-3.923,-9.067,-5.088,-18.612,-18.973,-16.661
2024-01-01 08:42:00,-3.264,-8.905,-5.235,-19.783,-16.957,-18.506
2024-01-01 08:43:00,-4.052,-9.242,-5.784,-14.636,-17.084,-21.243
2024-01-01 08:44:00,-3.521,-9.878,-5.414,-16.477,-18.495,-16.082
2024-01-01 08:45:00,-3.611,-8.432,-5.790,-17.739,-19.332,-19.961
2024-01-01 08:46:00,-3.412,-9.770,-4.727,-18.537,-19.894,-11.419
2024-01-01 08:47:00,-4.279,-9.049,-6.323,-20.655,-17.513,-18.538
2024-01-01 08:48:00,-3.198,-10.327,-5.178,-18.625,-22.009,-18.813
2024-01-01 08:49:00,-3.754,-9.091,-6.526,-17.496,-18.144,-20.594
2024-01-01 08:50:00,-2.818,-8.851,-4.881,-14.579,-23.264,-21.141
2024-01-01 08:51:00,-3.096,-10.502,-6.423,-15.305,-19.152,-15.245
2024-01-01 08:52:00,-4.053,-10.008,-5.277,-15.668,-13.745,-22.740
2024-01-01 08:53:00,-3.646,-10.231,-4.695,-17.665,-18.337,-17.802
2024-01-01 08:54:00,-3.601,-10.105,-5.958,-22.863,-16.309,-19.226
2024-01-01 08:55:00,-3.911,-9.955,-5.844,-15.748,-19.669,-16.867
2024-01-01 08:56:00,-4.601,-7.624,-5.016,-19.054,-15.095,-16.253
2024-01-01 08:57:00,-2.519,-7.892,-4.345,-19.962,-19.193,-10.391
2024-01-01 08:58:00,-3.857,-11.217,-6.198,-17.212,-23.422,-18.577
2024-01-01 08:59:00,-3.597,-8.842,-4.870,-19.663,-14.296,-21.836
2024-01-01 09:00:00,-4.311,-9.167,-6.429,-18.863,-15.623,-13.460
2024-01-01 09:01:00,-3.189,-6.263,-5.751,-20.610,-21.975,-17.928
2024-01-01 09:02:00,-3.762,-9.123,-5.493,-19.488,-19.364,-16.267
2024-01-01 09:03:00,-3.656,-8.301,-4.735,-18.253,-20.477,-17.366
2024-01-01 09:04:00,-3.615,-9.894,-4.917,-15.035,-20.393,-20.299
2024-01-01 09:05:00,-3.288,-9.244,-5.987,-17.046,-16.619,-17.241
2024-01-01 09:06:00,-3.655,-8.669,-4.324,-19.814,-18.143,-18.328
2024-01-01 09:07:00,-3.886,-9.348,-5.179,-18.972,-24.555,-14.837
2024-01-01 09:08:00,-2.499,-10.473,-4.861,-17.758,-21.648,-13.951
2024-01-01 09:09:00,-3.329,-9.275,-5.472,-16.667,-23.424,-13.553
2024-01-01 09:10:00,-3.051,-9.569,-5.589,-16.473,-16.747,-14.575
2024-01-01 09:11:00,-3.495,-7.311,-5.718,-19.377,-13.181,-15.417
2024-01-01 09:12:00,-3.436,-7.923,-5.485,-17.155,-13.411,-20.723
2024-01-01 09:13:00,-3.606,-10.269,-4.990,-18.596,-18.944,-16.325
2024-01-01 09:14:00,-3.338,-8.465,-6.144,-14.963,-13.627,-17.745
2024-01-01 09:15:00,-3.801,-7.747,-5.171,-16.541,-16.188,-16.688
2024-01-01 09:16:00,-3.226,-11.257,-5.813,-15.917,-20.267,-14.723
2024-01-01 09:17:00,-3.544,-8.981,-5.003,-23.227,-19.563,-16.620
2024-01-01 09:18:00,-3.662,-9.548,-4.487,-20.274,-17.645,-20.242
2024-01-01 09:19:00,-3.937,-8.756,-4.204,-19.484,-16.788,-17.673
2024-01-01 09:20:00,-2.936,-8.138,-4.348,-14.954,-15.447,-16.591
2024-01-01 09:21:00,-4.099,-9.148,-5.134,-17.116,-14.557,-18.030
2024-01-01 09:22:00,-2.996,-8.441,-4.730,-20.041,-12.919,-15.537
2024-01-01 09:23:00,-3.215,-7.721,-5.972,-15.776,-11.916,-16.150
2024-01-01 09:24:00,-2.814,-7.119,-5.032,-16.585,-15.655,-15.967
2024-01-01 09:25:00,-3.549,-8.568,-4.750,-18.650,-15.585,-16.985
2024-01-01 09:26:00,-3.293,-7.598,-6.081,-17.120,-15.627,-13.713
2024-01-01 09:27:00,-3.518,-7.388,-5.333,-18.417,-15.057,-17.026
2024-01-01 09:28:00,-3.177,-8.196,-5.008,-16.849,-18.520,-13.987
2024-01-01 09:29:00,-3.915,-8.002,-5.341,-17.467,-14.304,-17.225
2024-01-01 09:30:00,-3.082,-9.507,-4.695,-18.883,-17.632,-20.830
2024-01-01 09:31:00,-3.555,-8.713,-6.090,-16.661,-21.743,-15.336
2024-01-01 09:32:00,-4.037,-8.312,-4.724,-11.759,-21.714,-13.558
2024-01-01 09:33:00,-3.225,-6.379,-5.010,-19.135,-18.887,-21.982
2024-01-01 09:34:00,-2.953,-9.059,-5.271,-19.692,-15.609,-18.093
2024-01-01 09:35:00,-3.448,-9.159,-4.983,-16.839,-17.881,-14.923
2024-01-01 09:36:00,-3.136,-10.311,-4.680,-20.885,-15.862,-17.646
2024-01-01 09:37:00,-3.195,-9.208,-5.517,-16.278,-20.924,-20.422
2024-01-01 09:38:00,-2.939,-6.934,-4.409,-14.369,-20.513,-16.522
2024-01-01 09:39:00,-3.520,-9.106,-4.992,-19.916,-15.972,-13.813
2024-01-01 09:40:00,-2.894,-7.135,-5.327,-20.307,-17.009,-16.148
2024-01-01 09:41:00,-3.519,-10.733,-4.268,-18.825,-18.279,-20.508
2024-01-01 09:42:00,-3.142,-9.431,-5.889,-14.149,-12.236,-16.052
2024-01-01 09:43:00,-3.660,-6.117,-5.234,-17.931,-16.804,-17.821
2024-01-01 09:44:00,-3.707,-7.697,-4.123,-18.258,-17.444,-18.391
2024-01-01 09:45:00,-3.552,-9.833,-5.118,-14.928,-18.247,-18.208
2024-01-01 09:46:00,-3.278,-8.935,-4.823,-20.598,-19.393,-13.147
2024-01-01 09:47:00,-4.369,-8.497,-5.478,-15.704,-18.843,-20.793
2024-01-01 09:48:00,-3.484,-7.783,-5.024,-14.008,-14.591,-17.281
2024-01-01 09:49:00,-2.989,-7.691,-5.193,-17.469,-16.597,-16.318
2024-01-01 09:50:00,-3.355,-7.304,-5.419,-17.735,-20.954,-20.308
2024-01-01 09:51:00,-3.067,-7.616,-5.446,-17.209,-14.056,-14.378
2024-01-01 09:52:00,-3.308,-8.452,-4.477,-14.264,-21.111,-15.817
2024-01-01 09:53:00,-2.632,-9.442,-4.602,-15.873,-19.793,-17.568
2024-01-01 09:54:00,-3.159,-8.112,-4.719,-13.722,-19.294,-21.548
2024-01-01 09:55:00,-3.272,-9.982,-6.111,-17.881,-17.804,-18.766
2024-01-01 09:56:00,-3.787,-7.908,-6.271,-13.644,-20.073,-18.765
2024-01-01 09:57:00,-3.772,-7.756,-6.555,-18.764,-19.705,-16.927
2024-01-01 09:58:00,-3.204,-9.157,-4.721,-16.839,-19.782,-13.863
2024-01-01 09:59:00,-3.256,-7.637,-5.719,-19.467,-18.291,-16.320
2024-01-01 10:00:00,-3.767,-8.334,-5.777,-18.401,-16.771,-20.031
2024-01-01 10:01:00,-4.071,-7.174,-4.948,-15.628,-18.097,-18.641
2024-01-01 10:02:00,-2.919,-5.910,-4.686,-14.887,-15.766,-16.264
2024-01-01 10:03:00,-3.513,-8.170,-5.201,-20.392,-15.460,-17.221
2024-01-01 10:04:00,-3.752,-8.159,-4.513,-18.718,-11.385,-20.615
2024-01-01 10:05:00,-2.960,-7.195,-4.952,-17.247,-16.214,-16.273
2024-01-01 10:06:00,-3.629,-7.648,-6.292,-16.799,-23.014,-14.388
2024-01-01 10:07:00,-3.337,-9.013,-5.850,-15.365,-18.543,-16.385
2024-01-01 10:08:00,-3.689,-7.312,-4.277,-16.995,-19.287,-20.641
2024-01-01 10:09:00,-3.059,-8.714,-5.137,-16.583,-17.318,-14.947
2024-01-01 10:10:00,-3.435,-7.888,-7.145,-16.967,-19.119,-16.493
2024-01-01 10:11:00,-2.859,-8.523,-4.044,-17.760,-18.698,-20.912
2024-01-01 10:12:00,-3.133,-8.113,-4.213,-15.968,-17.025,-15.638
2024-01-01 10:13:00,-2.711,-9.034,-6.084,-20.196,-18.672,-15.631
2024-01-01 10:14:00,-3.431,-8.782,-5.217,-15.099,-16.697,-17.116
2024-01-01 10:15:00,-3.333,-9.013,-5.159,-16.347,-20.884,-20.681
2024-01-01 10:16:00,-3.074,-7.918,-4.561,-19.476,-17.024,-15.364
2024-01-01 10:17:00,-3.056,-8.018,-6.130,-15.026,-18.931,-16.806
2024-01-01 10:18:00,-2.955,-6.611,-5.579,-17.301,-17.743,-12.933
2024-01-01 10:19:00,-2.859,-9.247,-4.984,-17.707,-17.972,-15.037
2024-01-01 10:20:00,-3.221,-8.651,-4.646,-17.696,-19.974,-11.456
2024-01-01 10:21:00,-2.816,-6.985,-5.321,-17.212,-14.007,-18.573
2024-01-01 10:22:00,-3.029,-7.253,-5.896,-15.778,-14.602,-15.681
2024-01-01 10:23:00,-2.843,-8.564,-4.944,-12.113,-16.865,-18.284
2024-01-01 10:24:00,-3.449,-8.113,-5.951,-13.827,-12.158,-19.228
2024-01-01 10:25:00,-3.161,-9.013,-5.351,-16.873,-17.136,-13.497
2024-01-01 10:26:00,-3.707,-7.611,-5.485,-16.600,-11.330,-17.406
2024-01-01 10:27:00,-3.125,-9.657,-6.151,-15.203,-13.973,-17.557
2024-01-01 10:28:00,-2.363,-8.275,-4.673,-18.656,-11.692,-17.934
2024-01-01 10:29:00,-3.518,-8.782,-4.741,-17.765,-19.370,-14.906
2024-01-01 10:30:00,-3.465,-8.873,-5.293,-15.595,-9.123,-13.321
2024-01-01 10:31:00,-2.901,-5.713,-4.061,-15.248,-16.349,-15.560
2024-01-01 10:32:00,-3.406,-9.549,-5.801,-12.890,-15.386,-19.286
2024-01-01 10:33:00,-3.400,-8.778,-4.787,-15.823,-12.620,-17.307
2024-01-01 10:34:00,-3.484,-9.048,-5.628,-15.967,-18.339,-18.473
2024-01-01 10:35:00,-3.330,-8.253,-5.405,-15.708,-20.419,-15.828
2024-01-01 10:36:00,-3.751,-8.514,-3.621,-18.442,-14.520,-20.103
2024-01-01 10:37:00,-3.304,-7.695,-5.743,-15.131,-10.358,-17.110
2024-01-01 10:38:00,-2.501,-6.700,-4.674,-15.811,-12.953,-14.859
2024-01-01 10:39:00,-2.703,-8.269,-4.537,-14.061,-16.632,-13.640
2024-01-01 10:40:00,-2.566,-5.477,-5.480,-21.118,-12.832,-10.742
2024-01-01 10:41:00,-2.949,-8.357,-5.906,-16.611,-16.442,-15.582
2024-01-01 10:42:00,-3.152,-7.320,-4.822,-17.147,-11.804,-16.941
2024-01-01 10:43:00,-3.284,-7.140,-4.416,-16.802,-17.500,-12.834
2024-01-01 10:44:00,-2.635,-6.079,-5.314,-21.341,-23.407,-13.845
2024-01-01 10:45:00,-2.845,-8.286,-4.670,-13.249,-13.672,-14.464
2024-01-01 10:46:00,-3.371,-9.285,-4.985,-13.286,-15.493,-12.291
2024-01-01 10:47:00,-3.148,-8.757,-5.196,-17.023,-17.244,-16.161
2024-01-01 10:48:00,-3.198,-8.067,-4.168,-17.513,-16.476,-12.519
2024-01-01 10:49:00,-3.548,-5.452,-4.586,-18.000,-16.749,-11.093
2024-01-01 10:50:00,-3.396,-6.377,-3.840,-12.680,-15.704,-10.944
2024-01-01 10:51:00,-3.427,-6.063,-3.885,-14.466,-14.651,-15.096
2024-01-01 10:52:00,-3.089,-6.262,-3.859,-13.245,-13.174,-15.939
2024-01-01 10:53:00,-2.840,-7.024,-4.583,-17.835,-16.342,-17.221
2024-01-01 10:54:00,-3.611,-8.161,-4.618,-16.208,-13.728,-8.558
2024-01-01 10:55:00,-3.649,-7.432,-5.486,-14.068,-12.828,-15.271
2024-01-01 10:56:00,-2.687,-8.444,-5.918,-18.024,-17.488,-13.851
2024-01-01 10:57:00,-3.496,-7.598,-5.077,-18.520,-13.932,-17.047
2024-01-01 10:58:00,-2.642,-8.522,-5.324,-14.296,-17.714,-16.715
2024-01-01 10:59:00,-2.625,-6.587,-4.256,-15.842,-11.152,-19.369
2024-01-01 11:00:00,-3.603,-5.413,-5.188,-17.102,-13.572,-7.203
2024-01-01 11:01:00,-3.641,-7.561,-3.515,-11.243,-15.305,-10.080
2024-01-01 11:02:00,-3.105,-7.470,-5.712,-16.164,-13.306,-20.662
2024-01-01 11:03:00,-3.365,-8.240,-4.635,-18.165,-14.880,-14.411
2024-01-01 11:04:00,-2.964,-7.959,-4.450,-13.082,-17.010,-15.738
2024-01-01 11:05:00,-3.146,-7.257,-6.037,-16.843,-14.250,-8.678
2024-01-01 11:06:00,-3.464,-9.647,-5.099,-16.113,-15.554,-9.567
2024-01-01 11:07:00,-2.388,-7.790,-2.724,-17.763,-15.565,-18.905
2024-01-01 11:08:00,-2.667,-9.122,-4.748,-16.773,-15.560,-14.322
2024-01-01 11:09:00,-3.374,-6.089,-3.842,-15.016,-12.619,-18.384
2024-01-01 11:10:00,-2.897,-9.107,-4.848,-17.093,-16.601,-13.897
2024-01-01 11:11:00,-3.379,-6.619,-4.912,-13.426,-15.230,-14.383
2024-01-01 11:12:00,-3.513,-7.212,-4.029,-14.986,-13.883,-14.360
2024-01-01 11:13:00,-2.952,-8.161,-4.874,-12.926,-14.116,-14.215
2024-01-01 11:14:00,-2.865,-7.750,-5.343,-17.640,-13.823,-15.725
2024-01-01 11:15:00,-3.120,-8.360,-3.947,-13.791,-11.607,-12.396
2024-01-01 11:16:00,-2.890,-7.772,-5.199,-16.708,-13.182,-19.254
2024-01-01 11:17:00,-2.732,-8.852,-5.422,-13.896,-17.429,-15.196
2024-01-01 11:18:00,-3.432,-8.334,-5.368,-15.956,-13.944,-15.619
2024-01-01 11:19:00,-2.796,-6.792,-4.184,-11.802,-15.497,-18.225
2024-01-01 11:20:00,-3.142,-6.245,-3.021,-17.669,-13.363,-16.612
2024-01-01 11:21:00,-2.769,-7.585,-4.612,-16.189,-17.210,-11.718
2024-01-01 11:22:00,-2.866,-8.487,-4.391,-14.343,-13.687,-13.087
2024-01-01 11:23:00,-2.977,-7.635,-4.439,-16.401,-16.832,-12.508
2024-01-01 11:24:00,-2.761,-6.288,-3.645,-17.855,-14.702,-14.837
2024-01-01 11:25:00,-2.719,-6.052,-5.123,-15.473,-16.125,-13.279
2024-01-01 11:26:00,-3.512,-6.773,-4.218,-17.744,-18.802,-15.959
2024-01-01 11:27:00,-2.670,-5.469,-4.108,-15.348,-15.329,-17.095
2024-01-01 11:28:00,-3.199,-7.395,-3.515,-12.520,-13.653,-16.799
2024-01-01 11:29:00,-2.911,-8.548,-4.105,-16.346,-15.591,-20.211
2024-01-01 11:30:00,-3.365,-6.172,-3.966,-12.524,-13.210,-13.626
2024-01-01 11:31:00,-3.040,-6.648,-3.503,-13.564,-13.976,-17.332
2024-01-01 11:32:00,-3.326,-6.554,-3.679,-15.759,-12.751,-11.759
2024-01-01 11:33:00,-2.766,-4.929,-3.571,-11.913,-13.523,-14.530
2024-01-01 11:34:00,-3.480,-6.874,-3.912,-13.092,-12.763,-13.055
2024-01-01 11:35:00,-2.510,-8.749,-3.891,-13.645,-15.117,-16.285
2024-01-01 11:36:00,-2.940,-7.380,-3.654,-13.544,-12.598,-13.026
2024-01-01 11:37:00,-3.227,-5.874,-4.500,-16.062,-15.189,-12.637
2024-01-01 11:38:00,-2.753,-7.981,-4.747,-16.154,-14.685,-11.846
2024-01-01 11:39:00,-2.920,-7.704,-4.464,-15.802,-19.110,-13.612
2024-01-01 11:40:00,-3.035,-7.555,-4.425,-16.566,-11.078,-21.884
2024-01-01 11:41:00,-2.722,-8.359,-4.338,-14.095,-13.448,-10.310
2024-01-01 11:42:00,-2.713,-7.632,-4.158,-13.348,-15.180,-13.820
2024-01-01 11:43:00,-2.827,-6.501,-3.918,-14.529,-15.826,-13.973
2024-01-01 11:44:00,-2.633,-7.970,-2.765,-11.037,-16.633,-8.022
2024-01-01 11:45:00,-1.418,-7.420,-4.208,-15.997,-13.717,-14.562
2024-01-01 11:46:00,-2.925,-6.845,-4.126,-15.067,-14.283,-5.294
2024-01-01 11:47:00,-2.938,-6.272,-4.157,-12.745,-14.119,-15.823
2024-01-01 11:48:00,-3.217,-6.956,-3.873,-15.134,-13.326,-13.026
2024-01-01 11:49:00,-2.307,-5.910,-4.276,-9.835,-16.431,-11.437
2024-01-01 11:50:00,-3.413,-6.982,-4.021,-16.056,-15.062,-15.735
2024-01-01 11:51:00,-2.309,-7.261,-4.097,-14.724,-15.322,-9.734
2024-01-01 11:52:00,-3.338,-7.575,-3.579,-15.882,-12.116,-9.475
2024-01-01 11:53:00,-2.588,-4.804,-4.391,-13.967,-15.274,-8.057
2024-01-01 11:54:00,-2.564,-5.450,-3.786,-10.964,-16.347,-12.853
2024-01-01 11:55:00,-2.846,-6.582,-4.184,-11.049,-13.145,-12.494
2024-01-01 11:56:00,-3.241,-6.875,-3.012,-9.893,-14.260,-15.974
2024-01-01 11:57:00,-2.292,-5.596,-4.185,-12.237,-14.571,-12.181
2024-01-01 11:58:00,-3.319,-8.967,-4.417,-15.224,-12.612,-14.385
2024-01-01 11:59:00,-3.134,-7.417,-4.128,-14.237,-18.333,-17.270
2024-01-01 12:00:00,-2.802,-7.341,-4.943,-13.592,-13.001,-15.183
2024-01-01 12:01:00,-2.557,-5.577,-3.731,-17.089,-14.172,-17.374
2024-01-01 12:02:00,-2.938,-7.282,-3.815,-15.392,-18.922,-9.058
2024-01-01 12:03:00,-1.880,-5.159,-4.829,-9.203,-17.737,-15.925
2024-01-01 12:04:00,-2.639,-6.228,-4.336,-11.037,-14.807,-10.349
2024-01-01 12:05:00,-2.407,-7.047,-4.044,-14.218,-12.725,-13.850
2024-01-01 12:06:00,-3.180,-5.763,-3.189,-13.002,-15.149,-11.268
2024-01-01 12:07:00,-2.834,-7.834,-4.523,-13.469,-9.137,-13.369
2024-01-01 12:08:00,-2.205,-5.495,-3.010,-15.522,-11.917,-8.671
2024-01-01 12:09:00,-2.743,-6.937,-4.330,-12.893,-14.262,-12.602
2024-01-01 12:10:00,-2.483,-5.316,-4.765,-13.055,-12.957,-12.761
2024-01-01 12:11:00,-2.974,-7.057,-5.017,-11.297,-10.452,-13.757
2024-01-01 12:12:00,-2.957,-5.762,-3.660,-11.469,-17.396,-13.707
2024-01-01 12:13:00,-3.301,-7.124,-3.816,-16.175,-11.204,-8.443
2024-01-01 12:14:00,-2.585,-7.402,-4.152,-13.235,-11.308,-10.411
2024-01-01 12:15:00,-2.801,-5.487,-3.864,-18.262,-15.809,-14.025
2024-01-01 12:16:00,-2.833,-6.829,-3.330,-15.094,-16.078,-15.244
2024-01-01 12:17:00,-2.744,-6.125,-3.840,-15.334,-14.217,-9.729
2024-01-01 12:18:00,-3.220,-5.986,-4.155,-15.446,-11.025,-13.996
2024-01-01 12:19:00,-2.450,-7.438,-5.212,-11.405,-13.328,-12.883
2024-01-01 12:20:00,-2.693,-6.561,-4.283,-9.920,-15.459,-10.490
2024-01-01 12:21:00,-3.084,-7.386,-4.159,-10.653,-11.721,-13.065
2024-01-01 12:22:00,-2.447,-5.128,-3.170,-12.695,-11.390,-8.849
2024-01-01 12:23:00,-2.699,-8.234,-4.567,-11.366,-10.422,-13.261
2024-01-01 12:24:00,-2.454,-6.635,-3.170,-14.133,-13.316,-13.736
2024-01-01 12:25:00,-2.729,-5.950,-4.957,-15.870,-15.479,-11.584
2024-01-01 12:26:00,-2.295,-7.302,-4.258,-13.883,-11.720,-10.759
2024-01-01 12:27:00,-2.663,-6.122,-3.522,-10.709,-8.262,-12.815
2024-01-01 12:28:00,-2.424,-6.142,-4.463,-9.522,-12.697,-15.367
2024-01-01 12:29:00,-2.468,-5.598,-4.127,-12.563,-11.808,-16.927
2024-01-01 12:30:00,-2.589,-6.499,-3.576,-15.587,-12.753,-18.946
2024-01-01 12:31:00,-2.543,-7.348,-4.021,-12.282,-11.802,-15.102
2024-01-01 12:32:00,-2.513,-4.135,-4.202,-13.986,-14.859,-12.406
2024-01-01 12:33:00,-1.763,-5.808,-3.229,-8.802,-9.063,-11.154
2024-01-01 12:34:00,-2.371,-8.663,-3.984,-14.585,-15.102,-16.953
2024-01-01 12:35:00,-2.668,-6.063,-3.627,-17.362,-10.145,-12.686
2024-01-01 12:36:00,-2.714,-7.002,-2.983,-15.325,-14.629,-12.646
2024-01-01 12:37:00,-2.446,-5.062,-3.671,-14.225,-16.761,-10.265
2024-01-01 12:38:00,-2.389,-6.754,-3.749,-9.734,-15.085,-16.214
2024-01-01 12:39:00,-2.825,-5.461,-3.591,-13.908,-10.062,-10.168
2024-01-01 12:40:00,-2.921,-6.265,-3.149,-8.518,-13.808,-11.015
2024-01-01 12:41:00,-2.830,-5.165,-3.411,-12.415,-9.554,-14.342
2024-01-01 12:42:00,-2.564,-5.161,-3.246,-15.205,-11.561,-14.751
2024-01-01 12:43:00,-2.476,-8.046,-4.123,-12.701,-10.178,-8.042
2024-01-01 12:44:00,-2.343,-4.552,-4.014,-11.726,-8.063,-15.638
2024-01-01 12:45:00,-2.486,-6.796,-4.973,-10.945,-12.029,-10.621
2024-01-01 12:46:00,-1.582,-6.111,-3.932,-12.247,-15.250,-5.775
2024-01-01 12:47:00,-2.487,-5.987,-3.412,-16.951,-14.965,-8.701
2024-01-01 12:48:00,-1.775,-7.084,-3.833,-12.968,-10.962,-15.679
2024-01-01 12:49:00,-2.364,-6.612,-4.687,-13.392,-16.193,-9.359
2024-01-01 12:50:00,-2.997,-4.770,-3.328,-12.585,-11.163,-13.124
2024-01-01 12:51:00,-2.149,-7.547,-3.917,-13.899,-10.850,-13.185
2024-01-01 12:52:00,-3.124,-6.831,-3.043,-16.268,-10.768,-12.798
2024-01-01 12:53:00,-2.323,-4.207,-3.440,-11.393,-12.240,-9.657
2024-01-01 12:54:00,-2.413,-6.478,-3.661,-10.332,-10.741,-14.735
2024-01-01 12:55:00,-1.362,-6.994,-4.754,-11.711,-15.247,-12.677
2024-01-01 12:56:00,-2.771,-7.349,-2.941,-9.739,-15.413,-10.727
2024-01-01 12:57:00,-2.060,-5.022,-3.135,-11.255,-15.057,-7.559
2024-01-01 12:58:00,-2.878,-7.238,-3.773,-10.864,-12.584,-16.050
2024-01-01 12:59:00,-2.371,-6.394,-3.065,-11.940,-11.608,-7.455
2024-01-01 13:00:00,-1.784,-7.279,-4.018,-14.101,-7.615,-16.508
2024-01-01 13:01:00,-2.482,-7.165,-2.922,-10.922,-10.071,-11.717
2024-01-01 13:02:00,-2.316,-6.703,-2.732,-9.607,-10.498,-15.800
2024-01-01 13:03:00,-2.885,-6.869,-4.227,-11.603,-13.729,-12.412
2024-01-01 13:04:00,-2.080,-5.135,-3.388,-10.159,-11.350,-17.542
2024-01-01 13:05:00,-3.002,-6.159,-3.206,-14.347,-13.491,-15.985
2024-01-01 13:06:00,-2.677,-5.204,-3.491,-12.983,-8.091,-5.490
2024-01-01 13:07:00,-1.695,-6.234,-3.951,-14.508,-12.029,-10.456
2024-01-01 13:08:00,-1.830,-5.587,-3.701,-10.578,-11.902,-20.007
2024-01-01 13:09:00,-2.019,-7.545,-3.339,-9.570,-11.433,-9.699
2024-01-01 13:10:00,-2.178,-5.403,-4.193,-10.290,-13.282,-10.649
2024-01-01 13:11:00,-1.821,-6.805,-4.261,-13.826,-13.232,-4.698
2024-01-01 13:12:00,-2.746,-4.508,-4.681,-13.552,-13.531,-15.097
2024-01-01 13:13:00,-2.195,-6.290,-3.039,-13.084,-9.310,-10.561
2024-01-01 13:14:00,-2.486,-5.645,-3.892,-12.157,-14.188,-10.705
2024-01-01 13:15:00,-1.953,-6.234,-3.684,-11.662,-14.032,-8.519
2024-01-01 13:16:00,-2.873,-5.952,-3.684,-10.397,-10.457,-7.735
2024-01-01 13:17:00,-2.374,-6.915,-3.875,-10.382,-12.680,-12.955
2024-01-01 13:18:00,-2.915,-8.093,-2.696,-11.137,-6.837,-8.062
2024-01-01 13:19:00,-2.674,-3.783,-2.628,-12.212,-10.656,-8.277
2024-01-01 13:20:00,-1.644,-5.080,-3.243,-14.641,-17.019,-10.358
2024-01-01 13:21:00,-2.405,-6.475,-3.102,-11.308,-9.089,-11.726
2024-01-01 13:22:00,-2.147,-5.490,-2.974,-10.551,-10.455,-9.311
2024-01-01 13:23:00,-2.489,-6.057,-3.135,-13.110,-15.072,-9.423
2024-01-01 13:24:00,-2.282,-6.994,-4.036,-9.935,-13.816,-9.706
2024-01-01 13:25:00,-1.704,-5.764,-3.203,-9.935,-11.967,-8.262
2024-01-01 13:26:00,-1.817,-6.875,-3.463,-12.139,-8.547,-9.611
2024-01-01 13:27:00,-1.734,-6.983,-4.400,-7.812,-10.243,-7.123
2024-01-01 13:28:00,-2.666,-4.615,-3.402,-11.827,-12.971,-5.467
2024-01-01 13:29:00,-1.650,-5.925,-3.615,-10.959,-11.520,-9.505
2024-01-01 13:30:00,-2.378,-5.953,-4.003,-10.644,-10.954,-12.441
2024-01-01 13:31:00,-1.978,-4.779,-4.215,-10.531,-13.921,-10.031
2024-01-01 13:32:00,-2.318,-4.639,-3.003,-11.961,-17.691,-13.930
2024-01-01 13:33:00,-2.260,-7.986,-2.868,-9.753,-8.429,-12.831
2024-01-01 13:34:00,-2.449,-5.997,-3.156,-11.317,-10.259,-11.959
2024-01-01 13:35:00,-1.594,-4.741,-3.209,-10.307,-11.231,-11.355
2024-01-01 13:36:00,-1.942,-4.072,-3.177,-12.756,-17.594,-10.132
2024-01-01 13:37:00,-2.463,-5.618,-3.634,-9.194,-13.888,-12.698
2024-01-01 13:38:00,-1.756,-6.297,-3.283,-10.977,-13.749,-12.020
2024-01-01 13:39:00,-2.825,-6.204,-4.767,-12.305,-13.549,-10.524
2024-01-01 13:40:00,-3.111,-6.005,-4.217,-13.953,-12.815,-14.569
2024-01-01 13:41:00,-2.024,-5.530,-2.347,-17.467,-12.161,-10.135
2024-01-01 13:42:00,-2.186,-5.499,-4.168,-13.049,-10.436,-6.835
2024-01-01 13:43:00,-2.768,-4.161,-2.923,-14.280,-10.324,-12.240
2024-01-01 13:44:00,-1.830,-6.124,-2.931,-9.820,-14.545,-14.481
2024-01-01 13:45:00,-1.972,-6.806,-3.899,-14.745,-13.865,-15.859
2024-01-01 13:46:00,-2.508,-6.185,-2.730,-10.450,-14.456,-14.049
2024-01-01 13:47:00,-2.874,-5.002,-4.428,-13.575,-8.972,-7.797
2024-01-01 13:48:00,-1.661,-6.025,-3.971,-13.904,-7.211,-13.202
2024-01-01 13:49:00,-2.776,-6.804,-2.707,-9.614,-13.440,-13.770
2024-01-01 13:50:00,-2.085,-5.692,-2.735,-12.931,-15.747,-12.634
2024-01-01 13:51:00,-2.334,-4.541,-3.101,-7.593,-13.443,-5.721
2024-01-01 13:52:00,-2.252,-4.160,-3.171,-7.183,-12.658,-12.521
2024-01-01 13:53:00,-1.811,-6.051,-3.567,-11.013,-9.300,-10.434
2024-01-01 13:54:00,-1.886,-6.415,-3.714,-15.845,-11.965,-6.890
2024-01-01 13:55:00,-1.779,-4.915,-3.193,-10.931,-10.013,-16.158
2024-01-01 13:56:00,-2.747,-5.345,-2.855,-11.150,-9.457,-12.391
2024-01-01 13:57:00,-2.342,-4.404,-3.715,-9.697,-9.299,-14.478
2024-01-01 13:58:00,-2.035,-4.806,-3.036,-10.048,-15.459,-7.277
2024-01-01 13:59:00,-2.107,-5.553,-3.856,-9.714,-8.382,-11.439
2024-01-01 14:00:00,-2.050,-6.319,-3.205,-9.916,-9.571,-13.924
2024-01-01 14:01:00,-0.766,-4.897,-4.394,-9.802,-10.896,-8.500
2024-01-01 14:02:00,-2.843,-6.417,-2.688,-9.749,-9.851,-8.977
2024-01-01 14:03:00,-1.864,-4.244,-3.486,-10.392,-9.181,-14.274
2024-01-01 14:04:00,-2.556,-4.474,-3.404,-10.136,-11.180,-13.019
2024-01-01 14:05:00,-2.242,-5.513,-3.448,-12.312,-5.045,-13.989
2024-01-01 14:06:00,-2.015,-3.681,-4.011,-8.133,-9.637,-6.867
2024-01-01 14:07:00,-1.540,-6.506,-2.559,-15.002,-15.560,-16.443
2024-01-01 14:08:00,-2.571,-3.830,-3.052,-9.988,-13.809,-7.297
2024-01-01 14:09:00,-1.841,-5.620,-3.332,-10.927,-8.644,-11.300
2024-01-01 14:10:00,-1.649,-4.018,-2.706,-7.800,-12.899,-7.059
2024-01-01 14:11:00,-2.778,-3.740,-2.619,-11.958,-8.925,-7.534
2024-01-01 14:12:00,-2.983,-7.203,-3.787,-10.459,-9.674,-9.204
2024-01-01 14:13:00,-2.757,-5.055,-3.485,-8.870,-6.754,-12.898
2024-01-01 14:14:00,-2.552,-4.968,-3.087,-11.443,-9.737,-12.543
2024-01-01 14:15:00,-1.445,-4.151,-3.418,-7.337,-5.715,-11.220
2024-01-01 14:16:00,-2.564,-3.807,-3.624,-13.949,-13.860,-9.898
2024-01-01 14:17:00,-2.440,-4.152,-2.655,-11.995,-6.482,-9.088
2024-01-01 14:18:00,-2.136,-4.530,-2.538,-11.110,-10.406,-9.993
2024-01-01 14:19:00,-1.796,-6.070,-2.802,-13.660,-8.798,-7.056
2024-01-01 14:20:00,-3.179,-5.853,-4.506,-9.508,-7.455,-5.726
2024-01-01 14:21:00,-1.860,-5.789,-3.875,-11.614,-8.854,-11.608
2024-01-01 14:22:00,-2.442,-4.704,-2.628,-13.644,-10.814,-7.744
2024-01-01 14:23:00,-1.091,-4.398,-3.069,-10.009,-11.690,-11.720
2024-01-01 14:24:00,-1.847,-5.364,-2.975,-12.580,-12.420,-5.952
2024-01-01 14:25:00,-1.369,-5.242,-3.907,-9.137,-15.032,-8.743
2024-01-01 14:26:00,-2.282,-5.483,-3.166,-12.381,-12.055,-17.203
2024-01-01 14:27:00,-1.841,-4.519,-3.292,-12.198,-13.649,-10.805
2024-01-01 14:28:00,-2.258,-5.257,-3.197,-10.966,-14.118,-9.600
2024-01-01 14:29:00,-2.027,-6.844,-3.103,-10.569,-9.085,-9.660
2024-01-01 14:30:00,-2.009,-5.803,-2.588,-7.529,-7.090,-14.811
2024-01-01 14:31:00,-2.027,-5.760,-3.468,-12.221,-5.315,-14.625
2024-01-01 14:32:00,-2.077,-4.633,-3.391,-11.984,-10.336,-6.573
2024-01-01 14:33:00,-2.041,-4.393,-3.609,-9.236,-17.278,-9.949
2024-01-01 14:34:00,-2.437,-4.240,-2.898,-10.359,-3.430,-11.356
2024-01-01 14:35:00,-1.464,-4.900,-2.811,-10.371,-7.982,-6.486
2024-01-01 14:36:00,-2.653,-4.321,-3.010,-12.377,-14.201,-7.664
2024-01-01 14:37:00,-1.678,-5.996,-3.766,-5.937,-13.700,-8.590
2024-01-01 14:38:00,-2.076,-4.221,-2.272,-5.761,-6.467,-8.248
2024-01-01 14:39:00,-1.545,-5.701,-3.297,-4.815,-9.023,-9.124
2024-01-01 14:40:00,-2.407,-3.202,-2.207,-11.169,-13.940,-9.922
2024-01-01 14:41:00,-2.739,-4.554,-3.332,-7.403,-4.312,-10.398
2024-01-01 14:42:00,-1.648,-4.111,-2.463,-10.654,-11.808,-0.141
2024-01-01 14:43:00,-1.468,-3.738,-2.669,-6.960,-10.896,-7.008
2024-01-01 14:44:00,-2.538,-4.978,-3.005,-8.584,-6.291,-10.452
2024-01-01 14:45:00,-2.269,-4.167,-3.289,-8.501,-10.547,-15.486
2024-01-01 14:46:00,-1.645,-2.883,-2.338,-12.275,-7.063,-5.918
2024-01-01 14:47:00,-1.850,-6.305,-3.092,-6.561,-6.412,-11.624
2024-01-01 14:48:00,-2.527,-4.733,-3.102,-10.254,-6.175,-13.005
2024-01-01 14:49:00,-1.839,-5.175,-3.027,-8.741,-11.394,-12.110
2024-01-01 14:50:00,-1.720,-5.194,-3.548,-9.274,-6.962,-9.976
2024-01-01 14:51:00,-1.892,-4.863,-1.739,-13.710,-10.747,-10.457
2024-01-01 14:52:00,-1.568,-4.633,-3.274,-8.475,-9.729,-15.159
2024-01-01 14:53:00,-0.908,-3.756,-3.608,-10.546,-7.943,-11.648
2024-01-01 14:54:00,-2.032,-6.834,-1.981,-7.078,-14.902,-13.785
2024-01-01 14:55:00,-1.780,-4.881,-3.682,-8.946,-6.751,-13.560
2024-01-01 14:56:00,-1.673,-4.360,-3.997,-8.183,-14.386,-10.219
2024-01-01 14:57:00,-1.532,-3.796,-1.540,-11.384,-8.533,-7.319
2024-01-01 14:58:00,-2.022,-4.881,-2.692,-7.125,-3.706,-12.241
2024-01-01 14:59:00,-2.209,-4.738,-2.794,-9.389,-9.337,-10.011
2024-01-01 15:00:00,-2.366,-6.751,-1.995,-10.962,-6.869,-9.597
2024-01-01 15:01:00,-2.430,-5.502,-4.091,-8.914,-10.656,-10.733
2024-01-01 15:02:00,-2.067,-6.574,-2.942,-9.161,-13.500,-8.593
2024-01-01 15:03:00,-1.966,-5.766,-2.935,-10.054,-5.142,-9.763
2024-01-01 15:04:00,-2.547,-5.454,-2.579,-10.010,-5.406,-8.488
2024-01-01 15:05:00,-1.492,-4.308,-2.393,-9.807,-10.515,-8.134
2024-01-01 15:06:00,-2.017,-5.640,-2.449,-8.046,-5.817,-11.143
2024-01-01 15:07:00,-1.627,-4.517,-1.874,-9.331,-13.069,-7.420
2024-01-01 15:08:00,-1.820,-5.226,-3.188,-7.580,-5.950,-7.749
2024-01-01 15:09:00,-1.536,-4.231,-2.294,-7.462,-8.359,-6.350
2024-01-01 15:10:00,-1.927,-4.031,-2.576,-8.282,-14.573,-8.565
2024-01-01 15:11:00,-1.401,-3.228,-3.189,-9.207,-12.129,-15.062
2024-01-01 15:12:00,-2.091,-3.123,-1.960,-6.498,-10.762,-7.904
2024-01-01 15:13:00,-2.461,-6.381,-2.161,-8.077,-1.915,-12.154
2024-01-01 15:14:00,-2.163,-5.435,-4.196,-9.907,-5.933,-9.010
2024-01-01 15:15:00,-1.874,-6.095,-1.872,-6.767,-8.206,-12.906
2024-01-01 15:16:00,-1.707,-5.100,-2.567,-10.847,-16.632,-9.255
2024-01-01 15:17:00,-2.088,-5.537,-2.658,-7.819,-9.644,-7.540
2024-01-01 15:18:00,-1.426,-4.347,-3.076,-8.520,-10.837,-9.717
2024-01-01 15:19:00,-1.891,-3.752,-3.038,-12.332,-6.046,-11.478
2024-01-01 15:20:00,-1.568,-4.767,-2.147,-11.132,-6.050,-11.723
2024-01-01 15:21:00,-1.751,-3.055,-3.185,-11.630,-6.869,-7.946
2024-01-01 15:22:00,-1.964,-6.642,-3.321,-12.144,-12.587,-9.193
2024-01-01 15:23:00,-1.972,-5.671,-3.742,-9.497,-14.748,-12.856
2024-01-01 15:24:00,-2.944,-5.344,-2.678,-9.369,-14.429,-5.825
2024-01-01 15:25:00,-1.523,-5.102,-3.144,-8.257,-9.169,-13.153
2024-01-01 15:26:00,-1.672,-4.431,-2.654,-10.571,-5.080,-11.057
2024-01-01 15:27:00,-1.775,-3.883,-2.984,-8.323,-6.381,-6.162
2024-01-01 15:28:00,-2.189,-4.950,-1.800,-8.445,-7.220,-10.205
2024-01-01 15:29:00,-2.215,-4.377,-3.361,-3.513,-11.713,-13.141
2024-01-01 15:30:00,-1.376,-4.396,-3.583,-8.229,-11.957,-10.777
2024-01-01 15:31:00,-1.784,-4.253,-2.805,-10.501,-10.915,-6.646
2024-01-01 15:32:00,-1.711,-4.882,-3.485,-7.134,-7.570,-4.391
2024-01-01 15:33:00,-1.901,-5.592,-1.636,-9.333,-5.384,-15.466
2024-01-01 15:34:00,-1.412,-2.243,-2.237,-5.958,-7.219,-3.882
2024-01-01 15:35:00,-1.985,-6.277,-3.060,-11.352,-2.213,-7.769
2024-01-01 15:36:00,-2.315,-4.474,-3.456,-9.275,-8.801,-6.921
2024-01-01 15:37:00,-1.686,-4.606,-3.085,-7.675,-6.070,-2.211
2024-01-01 15:38:00,-2.356,-3.665,-2.891,-9.045,-9.738,-12.695
2024-01-01 15:39:00,-1.631,-3.567,-2.650,-13.025,-10.750,-6.608
2024-01-01 15:40:00,-1.356,-3.723,-3.089,-10.830,-6.220,-7.643
2024-01-01 15:41:00,-2.164,-3.119,-2.058,-12.848,-4.348,-5.301
2024-01-01 15:42:00,-1.442,-5.753,-3.007,-5.458,-13.489,-4.807
2024-01-01 15:43:00,-1.616,-3.973,-1.245,-11.836,-9.597,-15.221
2024-01-01 15:44:00,-1.892,-2.637,-2.790,-7.983,-10.706,-8.865
2024-01-01 15:45:00,-2.108,-3.524,-2.324,-11.385,-9.604,-12.445
2024-01-01 15:46:00,-1.815,-2.554,-3.217,-6.104,-5.021,-5.994
2024-01-01 15:47:00,-1.563,-3.091,-2.811,-10.717,-9.628,-8.183
2024-01-01 15:48:00,-1.637,-4.983,-1.611,-11.006,-6.334,-8.959
2024-01-01 15:49:00,-1.759,-4.316,-2.992,-10.064,-6.338,-1.691
2024-01-01 15:50:00,-2.116,-3.828,-3.589,-10.134,-11.219,-6.321
2024-01-01 15:51:00,-1.447,-4.484,-2.510,-8.528,-14.268,-8.223
2024-01-01 15:52:00,-1.575,-4.073,-2.769,-8.240,-9.851,-11.238
2024-01-01 15:53:00,-1.944,-5.591,-2.704,-8.889,-4.576,-9.822
2024-01-01 15:54:00,-1.769,-4.871,-3.544,-9.948,-6.998,-7.041
2024-01-01 15:55:00,-2.152,-4.071,-3.213,-4.736,-7.337,-11.152
2024-01-01 15:56:00,-1.372,-3.613,-2.288,-9.320,-6.447,-7.540
2024-01-01 15:57:00,-1.628,-4.321,-1.902,-11.909,-7.717,-12.742
2024-01-01 15:58:00,-1.451,-5.986,-3.005,-9.164,-8.562,-9.034
2024-01-01 15:59:00,-1.872,-5.858,-2.657,-8.560,-11.511,-12.745
2024-01-01 16:00:00,-1.996,-4.674,-3.059,-8.758,-5.652,-7.444
2024-01-01 16:01:00,-2.232,-4.116,-2.528,-8.424,-16.830,-11.302
2024-01-01 16:02:00,-1.608,-3.102,-2.983,-10.493,-10.044,-9.682
2024-01-01 16:03:00,-1.622,-4.017,-2.142,-7.576,-9.311,-8.552
2024-01-01 16:04:00,-1.501,-3.730,-2.730,-6.784,-13.705,-8.704
2024-01-01 16:05:00,-1.633,-3.946,-2.844,-7.324,-9.180,-10.880
2024-01-01 16:06:00,-1.676,-6.176,-1.133,-8.070,-11.317,-8.471
2024-01-01 16:07:00,-1.384,-3.041,-2.138,-6.974,-7.746,-7.426
2024-01-01 16:08:00,-1.910,-4.939,-3.408,-7.059,-7.845,-14.555
2024-01-01 16:09:00,-1.738,-5.199,-2.561,-10.452,-8.233,-10.300
2024-01-01 16:10:00,-2.052,-5.550,-2.572,-7.476,-9.589,-8.529
2024-01-01 16:11:00,-1.327,-3.430,-2.279,-6.040,-9.873,-10.344
2024-01-01 16:12:00,-1.906,-2.922,-1.178,-7.298,-7.949,-8.999
2024-01-01 16:13:00,-1.615,-5.313,-1.311,-4.248,-6.307,-7.373
2024-01-01 16:14:00,-1.705,-4.839,-1.241,-9.193,-8.937,-8.175
2024-01-01 16:15:00,-1.711,-3.387,-2.763,-10.780,-8.126,-13.240
2024-01-01 16:16:00,-1.207,-3.629,-1.377,-7.838,-9.453,-4.478
2024-01-01 16:17:00,-1.547,-4.963,-2.504,-7.766,-7.434,-8.335
2024-01-01 16:18:00,-1.622,-5.076,-3.332,-6.510,-9.735,-5.797
2024-01-01 16:19:00,-1.346,-4.111,-2.833,-12.802,-9.977,-6.441
2024-01-01 16:20:00,-1.815,-3.873,-2.444,-7.819,-14.396,-10.744
2024-01-01 16:21:00,-1.615,-5.212,-3.135,-8.541,-6.158,-13.821
2024-01-01 16:22:00,-1.601,-3.797,-2.394,-4.493,-8.941,-11.939
2024-01-01 16:23:00,-1.154,-4.080,-2.258,-8.392,-8.545,-2.973
2024-01-01 16:24:00,-0.640,-5.875,-2.877,-7.022,-13.597,-7.480
2024-01-01 16:25:00,-1.710,-4.733,-1.345,-9.349,-6.137,-12.246
2024-01-01 16:26:00,-1.717,-3.756,-2.326,-9.727,-5.087,-3.249
2024-01-01 16:27:00,-1.156,-3.717,-2.645,-5.017,-3.310,-13.912
2024-01-01 16:28:00,-1.672,-4.582,-1.847,-8.726,-4.830,-7.641
2024-01-01 16:29:00,-2.157,-3.207,-2.818,-7.499,-8.555,-8.529
2024-01-01 16:30:00,-1.578,-5.349,-2.056,-5.946,-5.180,-10.905
2024-01-01 16:31:00,-1.651,-4.484,-2.467,-7.604,-9.170,-9.691
2024-01-01 16:32:00,-1.116,-3.768,-1.558,-9.391,-9.679,-5.021
2024-01-01 16:33:00,-2.024,-2.528,-2.936,-8.512,-11.878,-10.488
2024-01-01 16:34:00,-1.617,-4.866,-3.095,-7.118,-5.246,-12.535
2024-01-01 16:35:00,-1.816,-3.140,-1.478,-7.076,-10.716,-3.713
2024-01-01 16:36:00,-1.107,-4.686,-1.705,-3.459,-6.563,-13.491
2024-01-01 16:37:00,-1.916,-3.849,-3.277,-7.485,-9.580,-10.225
2024-01-01 16:38:00,-1.240,-4.562,-4.724,-7.932,-13.329,-3.770
2024-01-01 16:39:00,-1.976,-5.742,-2.222,-8.302,-7.799,-4.103
2024-01-01 16:40:00,-1.649,-5.783,-2.201,-5.292,-9.341,-8.212
2024-01-01 16:41:00,-1.586,-3.683,-2.936,-14.631,-7.920,-5.236
2024-01-01 16:42:00,-1.458,-5.069,-3.424,-7.743,-4.464,-8.309
2024-01-01 16:43:00,-1.737,-4.056,-3.381,-8.762,-9.067,-4.933
2024-01-01 16:44:00,-1.031,-3.056,-1.965,-7.816,-5.019,-5.610
2024-01-01 16:45:00,-2.196,-3.497,-2.041,-9.177,-4.123,-7.259
2024-01-01 16:46:00,-2.012,-4.463,-2.079,-8.968,-9.751,-9.149
2024-01-01 16:47:00,-1.775,-5.445,-3.567,-5.679,-9.526,-11.256
2024-01-01 16:48:00,-1.713,-3.011,-1.999,-6.866,-7.935,-11.372
2024-01-01 16:49:00,-2.474,-2.697,-2.649,-6.271,-4.616,-10.692
2024-01-01 16:50:00,-1.672,-5.051,-2.687,-7.834,-5.760,-7.834
2024-01-01 16:51:00,-2.083,-5.466,-2.756,-9.121,-8.822,-6.651
2024-01-01 16:52:00,-2.075,-5.290,-3.322,-8.553,-10.636,-13.009
2024-01-01 16:53:00,-1.811,-5.415,-2.378,-7.558,-4.824,-6.878
2024-01-01 16:54:00,-0.860,-4.280,-1.664,-6.824,-7.159,-13.552
2024-01-01 16:55:00,-1.745,-3.478,-2.605,-7.848,-13.950,-8.481
2024-01-01 16:56:00,-1.178,-4.166,-3.721,-6.797,-7.146,-7.445
2024-01-01 16:57:00,-1.383,-3.544,-1.914,-6.904,-9.355,-6.270
2024-01-01 16:58:00,-1.607,-4.964,-1.097,-7.796,-9.838,-7.612
2024-01-01 16:59:00,-1.017,-4.883,-2.773,-5.210,-5.541,-5.936
2024-01-01 17:00:00,-1.435,-2.177,-1.816,-7.923,-8.832,-4.503
2024-01-01 17:01:00,-1.787,-4.887,-2.957,-10.082,-9.184,-13.643
2024-01-01 17:02:00,-1.360,-3.570,-1.376,-4.304,-10.315,-4.851
2024-01-01 17:03:00,-1.744,-4.755,-3.254,-9.297,-4.920,-10.355
2024-01-01 17:04:00,-1.410,-2.049,-2.645,-9.227,-6.618,-3.160
2024-01-01 17:05:00,-2.400,-5.348,-3.924,-6.537,-13.008,-9.595
2024-01-01 17:06:00,-1.102,-5.590,-3.420,-6.971,-6.262,-6.231
2024-01-01 17:07:00,-1.561,-3.071,-1.741,-5.889,-9.919,-3.679
2024-01-01 17:08:00,-1.304,-3.712,-2.009,-8.539,-7.071,-7.789
2024-01-01 17:09:00,-1.574,-4.048,-3.097,-6.521,-4.351,-8.013
2024-01-01 17:10:00,-1.834,-3.424,-2.148,-7.810,-10.465,-2.755
2024-01-01 17:11:00,-1.590,-3.051,-2.898,-5.897,-7.695,-4.799
2024-01-01 17:12:00,-2.484,-3.247,-2.581,-8.857,-9.150,-7.284
2024-01-01 17:13:00,-1.020,-5.255,-2.798,-8.752,-13.496,-10.568
2024-01-01 17:14:00,-1.493,-5.419,-3.051,-7.290,-7.816,-3.309
2024-01-01 17:15:00,-1.377,-4.260,-2.799,-7.591,-7.064,-3.428
2024-01-01 17:16:00,-1.792,-3.665,-2.928,-8.524,-9.139,-6.393
2024-01-01 17:17:00,-1.867,-3.428,-2.934,-5.015,-2.733,-8.169
2024-01-01 17:18:00,-1.987,-3.150,-2.429,-5.646,-10.341,-11.966
2024-01-01 17:19:00,-2.085,-3.792,-2.758,-9.029,-8.118,-10.898
2024-01-01 17:20:00,-1.365,-4.815,-2.002,-8.698,-11.452,-11.341
2024-01-01 17:21:00,-0.642,-5.603,-0.842,-7.973,-10.453,-5.482
2024-01-01 17:22:00,-1.178,-3.853,-2.569,-8.830,-10.256,-8.653
2024-01-01 17:23:00,-1.524,-3.068,-2.366,-8.110,-5.110,-4.699
2024-01-01 17:24:00,-1.296,-2.270,-1.612,-8.953,-5.938,-9.297
2024-01-01 17:25:00,-1.493,-3.014,-2.979,-8.388,-11.127,-8.775
2024-01-01 17:26:00,-1.512,-4.030,-1.934,-7.045,-9.297,-7.261
2024-01-01 17:27:00,-1.510,-5.643,-2.067,-7.213,-8.566,-9.074
2024-01-01 17:28:00,-1.849,-6.022,-1.418,-7.564,-7.494,-10.281
2024-01-01 17:29:00,-1.011,-5.137,-2.298,-6.049,-4.467,-6.464
2024-01-01 17:30:00,-2.390,-5.091,-2.609,-7.742,-10.911,-7.309
2024-01-01 17:31:00,-1.514,-3.186,-3.042,-8.442,-0.895,-7.302
2024-01-01 17:32:00,-1.501,-1.642,-2.156,-6.150,-10.568,-10.045
2024-01-01 17:33:00,-1.338,-5.422,-2.542,-5.979,-7.499,-9.846
2024-01-01 17:34:00,-1.845,-4.151,-3.087,-9.779,-11.352,-8.004
2024-01-01 17:35:00,-1.344,-2.665,-2.546,-8.306,-10.098,-4.954
2024-01-01 17:36:00,-1.704,-3.588,-2.693,-5.779,-4.072,-7.008
2024-01-01 17:37:00,-0.944,-3.497,-1.424,-8.701,-12.477,-6.103
2024-01-01 17:38:00,-1.567,-4.093,-3.161,-4.392,-11.060,-7.392
2024-01-01 17:39:00,-1.983,-3.436,-2.424,-8.663,-5.636,-1.196
2024-01-01 17:40:00,-1.912,-4.564,-3.091,-8.117,-8.035,-8.228
2024-01-01 17:41:00,-1.685,-5.533,-3.013,-7.593,-7.962,-3.403
2024-01-01 17:42:00,-1.221,-4.100,-1.993,-7.099,-2.648,-2.310
2024-01-01 17:43:00,-1.071,-4.736,-2.842,-4.645,-6.039,-11.753
2024-01-01 17:44:00,-1.536,-4.983,-2.681,-8.106,-8.541,-9.939
2024-01-01 17:45:00,-2.193,-2.124,-2.058,-3.920,-7.794,-12.587
2024-01-01 17:46:00,-1.021,-5.719,-3.730,-4.475,-7.246,-6.451
2024-01-01 17:47:00,-1.652,-5.211,-2.262,-9.589,-3.031,-7.385
2024-01-01 17:48:00,-1.722,-3.002,-2.449,-8.127,-2.889,-6.841
2024-01-01 17:49:00,-1.602,-3.966,-3.025,-6.884,-6.221,-5.538
2024-01-01 17:50:00,-1.764,-2.646,-2.235,-9.366,-9.652,-9.865
2024-01-01 17:51:00,-1.212,-2.375,-2.238,-8.005,-8.870,-8.512
2024-01-01 17:52:00,-0.574,-3.420,-2.904,-4.667,-5.516,-7.454
2024-01-01 17:53:00,-1.353,-1.977,-2.474,-6.373,-4.925,-3.105
2024-01-01 17:54:00,-1.222,-3.195,-2.246,-11.018,-4.786,-4.300
2024-01-01 17:55:00,-1.769,-4.349,-2.740,-6.627,-11.745,-10.680
2024-01-01 17:56:00,-1.486,-4.214,-2.837,-10.029,-13.579,-3.217
2024-01-01 17:57:00,-1.693,-3.649,-1.903,-7.465,-10.486,-7.064
2024-01-01 17:58:00,-1.547,-4.715,-0.800,-10.115,-8.791,-11.641
2024-01-01 17:59:00,-1.133,-5.384,-2.699,-9.858,-7.608,-2.376
2024-01-01 18:00:00,-2.134,-2.643,-2.459,-9.377,-11.249,-10.279
2024-01-01 18:01:00,-1.243,-3.364,-2.285,-8.761,-4.485,-11.402
2024-01-01 18:02:00,-1.063,-2.722,-2.397,-8.210,-7.342,-8.783
2024-01-01 18:03:00,-1.319,-2.659,-2.283,-11.769,-7.581,-5.619
2024-01-01 18:04:00,-1.883,-3.932,-2.117,-8.720,-5.946,-13.212
2024-01-01 18:05:00,-0.754,-2.785,-2.349,-9.417,-5.512,-9.276
2024-01-01 18:06:00,-1.350,-4.700,-1.885,-9.916,-7.539,-9.891
2024-01-01 18:07:00,-1.455,-6.416,-1.434,-8.993,-10.289,-5.159
2024-01-01 18:08:00,-1.617,-2.727,-1.742,-10.247,-7.905,-5.093
2024-01-01 18:09:00,-1.877,-3.444,-2.623,-7.297,-5.992,-3.440
2024-01-01 18:10:00,-1.722,-3.097,-2.903,-8.620,-9.096,-9.749
2024-01-01 18:11:00,-1.545,-3.145,-1.695,-7.611,-4.298,-7.192
2024-01-01 18:12:00,-1.381,-3.665,-3.250,-5.887,-4.167,-5.858
2024-01-01 18:13:00,-2.085,-3.855,-2.785,-5.052,-7.215,-9.260
2024-01-01 18:14:00,-1.628,-4.468,-2.745,-7.840,-6.172,-5.608
2024-01-01 18:15:00,-1.987,-2.851,-1.493,-7.912,-7.120,-6.206
2024-01-01 18:16:00,-1.132,-4.056,-2.250,-6.224,-8.037,-4.808
2024-01-01 18:17:00,-2.415,-4.986,-3.431,-10.602,-12.501,-4.986
2024-01-01 18:18:00,-1.585,-4.169,-2.573,-6.907,-8.294,-6.753
2024-01-01 18:19:00,-0.978,-3.345,-1.524,-7.982,-12.331,-1.973
2024-01-01 18:20:00,-1.947,-3.127,-1.361,-7.866,-8.889,-6.725
2024-01-01 18:21:00,-1.429,-3.161,-2.387,-9.017,-15.211,-8.175
2024-01-01 18:22:00,-1.362,-3.956,-3.250,-7.037,-12.190,-9.371
2024-01-01 18:23:00,-1.048,-2.550,-2.632,-8.535,-14.078,-8.158
2024-01-01 18:24:00,-1.190,-3.273,-1.828,-10.718,-12.033,-4.700
2024-01-01 18:25:00,-1.299,-4.698,-2.561,-4.873,-7.699,-7.600
2024-01-01 18:26:00,-1.415,-1.689,-2.082,-4.118,-6.054,-7.522
2024-01-01 18:27:00,-1.081,-3.309,-1.961,-7.073,-6.034,-5.587
2024-01-01 18:28:00,-1.732,-3.520,-1.619,-4.060,-5.116,-6.634
2024-01-01 18:29:00,-2.021,-4.008,-1.664,-4.319,-9.345,-8.832
2024-01-01 18:30:00,-1.390,-4.037,-2.917,-9.686,-6.808,-3.523
2024-01-01 18:31:00,-1.678,-4.629,-3.047,-7.618,-8.205,-8.011
2024-01-01 18:32:00,-1.362,-2.060,-2.423,-8.303,-7.309,-2.378
2024-01-01 18:33:00,-0.918,-4.629,-3.140,-9.322,-10.725,-9.357
2024-01-01 18:34:00,-1.695,-3.737,-2.061,-7.164,-7.082,-2.404
2024-01-01 18:35:00,-1.553,-3.348,-2.405,-10.598,-8.266,-8.896
2024-01-01 18:36:00,-1.983,-3.637,-2.491,-7.457,-3.839,-10.869
2024-01-01 18:37:00,-1.734,-4.763,-2.877,-9.729,-11.196,-9.193
2024-01-01 18:38:00,-1.823,-4.554,-2.632,-8.980,-8.793,-6.506
2024-01-01 18:39:00,-1.189,-3.385,-3.942,-10.494,-6.056,-8.128
2024-01-01 18:40:00,-1.555,-5.420,-1.448,-7.255,-8.048,-10.185
2024-01-01 18:41:00,-0.725,-5.276,-1.933,-8.667,-13.239,-6.015
2024-01-01 18:42:00,-2.267,-5.070,-2.366,-8.547,-4.638,-5.530
2024-01-01 18:43:00,-1.450,-5.202,-1.171,-8.651,-7.090,-9.613
2024-01-01 18:44:00,-2.163,-4.655,-2.185,-5.478,-13.030,-6.976
2024-01-01 18:45:00,-1.434,-4.140,-2.017,-10.230,-10.217,-7.233
2024-01-01 18:46:00,-1.469,-3.446,-2.013,-6.860,-12.622,-5.785
2024-01-01 18:47:00,-1.411,-3.910,-2.093,-10.317,-10.068,-9.910
2024-01-01 18:48:00,-1.772,-4.385,-2.620,-6.188,-8.868,-6.546
2024-01-01 18:49:00,-1.737,-3.174,-1.705,-10.837,-8.511,-6.205
2024-01-01 18:50:00,-1.458,-2.266,-3.005,-5.239,-4.412,-6.944
2024-01-01 18:51:00,-1.550,-5.704,-3.154,-9.371,-3.388,-6.694
2024-01-01 18:52:00,-1.663,-4.594,-2.742,-12.047,-8.176,-12.986
2024-01-01 18:53:00,-1.726,-4.933,-2.213,-4.537,-9.218,-9.921
2024-01-01 18:54:00,-1.591,-4.830,-3.397,-9.632,-8.736,-4.851
2024-01-01 18:55:00,-1.923,-5.072,-2.597,-9.068,-13.665,-8.734
2024-01-01 18:56:00,-1.737,-5.823,-2.866,-7.011,-7.179,-4.417
2024-01-01 18:57:00,-1.803,-3.296,-1.261,-7.244,-5.112,-11.738
2024-01-01 18:58:00,-1.962,-4.044,-3.028,-5.015,-7.764,-11.339
2024-01-01 18:59:00,-1.691,-4.757,-1.614,-7.729,-6.985,-4.284
2024-01-01 19:00:00,-1.733,-1.478,-3.378,-8.680,-3.031,-8.768
2024-01-01 19:01:00,-0.866,-5.105,-3.504,-7.481,-6.233,-10.790
2024-01-01 19:02:00,-1.201,-5.084,-2.360,-8.520,-11.573,-7.647
2024-01-01 19:03:00,-1.604,-2.950,-2.235,-8.963,-5.878,-8.041
2024-01-01 19:04:00,-1.485,-3.974,-2.304,-10.680,-9.992,-7.211
2024-01-01 19:05:00,-1.289,-1.951,-3.758,-10.320,-5.358,-6.614
2024-01-01 19:06:00,-1.824,-3.218,-2.354,-7.339,-12.147,-9.310
2024-01-01 19:07:00,-1.436,-3.209,-1.835,-4.945,-11.668,-12.581
2024-01-01 19:08:00,-1.325,-2.655,-2.442,-5.679,-5.289,-8.358
2024-01-01 19:09:00,-1.508,-3.140,-2.494,-8.493,-10.397,-3.589
2024-01-01 19:10:00,-1.984,-2.662,-2.386,-8.214,-5.214,-8.614
2024-01-01 19:11:00,-0.833,-3.404,-2.524,-4.825,-7.959,-4.391
2024-01-01 19:12:00,-1.791,-2.973,-2.830,-7.882,-1.725,-6.001
2024-01-01 19:13:00,-1.228,-3.046,-2.590,-7.171,-7.352,-5.643
2024-01-01 19:14:00,-0.932,-4.295,-2.696,-9.637,-6.230,-3.656
2024-01-01 19:15:00,-0.995,-3.388,-1.946,-7.598,-10.448,-1.045
2024-01-01 19:16:00,-1.072,-4.241,-1.568,-7.586,-10.230,-9.726
2024-01-01 19:17:00,-2.417,-4.023,-2.477,-10.007,-8.803,-10.355
2024-01-01 19:18:00,-1.796,-5.848,-2.475,-10.598,-10.311,-8.574
2024-01-01 19:19:00,-1.616,-3.757,-1.501,-11.129,-3.520,-7.038
2024-01-01 19:20:00,-1.160,-4.280,-2.428,-8.364,-9.055,-8.572
2024-01-01 19:21:00,-1.511,-3.893,-3.034,-8.524,-6.196,-7.059
2024-01-01 19:22:00,-1.673,-3.814,-1.881,-6.444,-10.070,-6.938
2024-01-01 19:23:00,-2.376,-4.664,-2.442,-12.119,-5.842,-11.345
2024-01-01 19:24:00,-1.818,-4.658,-2.681,-7.118,-4.477,-8.272
2024-01-01 19:25:00,-1.712,-5.320,-1.076,-5.417,-8.345,-8.316
2024-01-01 19:26:00,-2.340,-4.342,-2.152,-6.608,-9.885,-9.693
2024-01-01 19:27:00,-1.582,-3.713,-3.154,-10.571,-11.777,-11.008
2024-01-01 19:28:00,-2.135,-5.444,-3.294,-8.613,-10.454,-9.139
2024-01-01 19:29:00,-2.251,-2.188,-1.532,-6.459,-7.423,-4.371
2024-01-01 19:30:00,-1.504,-4.648,-2.707,-6.591,-9.853,-8.208
2024-01-01 19:31:00,-2.223,-3.605,-2.346,-6.022,-6.440,-4.264
2024-01-01 19:32:00,-1.399,-4.237,-2.185,-6.041,-6.121,-11.159
2024-01-01 19:33:00,-2.305,-5.368,-2.679,-10.644,-11.051,-9.403
2024-01-01 19:34:00,-1.739,-4.014,-2.091,-5.820,-9.336,-12.459
2024-01-01 19:35:00,-1.406,-3.629,-2.512,-10.147,-8.351,-5.616
2024-01-01 19:36:00,-1.813,-2.943,-2.529,-8.771,-7.685,-5.612
2024-01-01 19:37:00,-1.655,-4.669,-3.018,-6.560,-7.420,-7.005
2024-01-01 19:38:00,-2.229,-4.350,-2.081,-9.094,-9.613,-16.105
2024-01-01 19:39:00,-1.215,-5.761,-2.206,-8.215,-6.433,-10.281
2024-01-01 19:40:00,-2.620,-2.791,-2.930,-8.392,-6.368,-10.111
2024-01-01 19:41:00,-1.602,-6.218,-1.784,-12.031,-7.377,-3.303
2024-01-01 19:42:00,-1.172,-4.490,-3.258,-9.030,-6.975,-8.751
2024-01-01 19:43:00,-1.581,-5.023,-3.092,-5.581,-12.477,-11.198
2024-01-01 19:44:00,-1.681,-2.791,-3.659,-10.660,-13.525,-5.919
2024-01-01 19:45:00,-0.735,-5.440,-2.147,-5.081,-11.525,-12.083
2024-01-01 19:46:00,-1.345,-3.759,-1.899,-13.093,-10.855,-9.515
2024-01-01 19:47:00,-1.711,-4.596,-2.738,-9.795,-3.378,-8.343
2024-01-01 19:48:00,-2.076,-4.548,-2.343,-11.982,-7.465,-7.934
2024-01-01 19:49:00,-1.163,-4.657,-3.045,-9.822,-5.559,-7.997
2024-01-01 19:50:00,-1.874,-4.715,-3.298,-8.059,-9.210,-4.882
2024-01-01 19:51:00,-2.005,-2.007,-2.872,-9.531,-6.543,-8.414
2024-01-01 19:52:00,-1.758,-2.554,-2.068,-5.547,-4.745,-14.990
2024-01-01 19:53:00,-1.396,-4.158,-1.291,-9.710,-3.683,-11.249
2024-01-01 19:54:00,-2.540,-2.948,-3.387,-7.953,-11.875,-9.084
2024-01-01 19:55:00,-1.425,-4.609,-3.463,-8.267,-14.513,-7.089
2024-01-01 19:56:00,-0.688,-4.163,-1.676,-6.510,-6.453,-12.667
2024-01-01 19:57:00,-1.399,-3.972,-1.643,-10.645,-14.428,-7.903
2024-01-01 19:58:00,-1.609,-3.992,-3.120,-5.446,-6.534,-2.381
2024-01-01 19:59:00,-1.039,-3.327,-2.913,-10.016,-8.967,-8.540
2024-01-01 20:00:00,-2.501,-3.530,-2.545,-7.391,-13.493,-9.367
2024-01-01 20:01:00,-1.134,-5.348,-2.138,-11.997,-9.516,-13.845
2024-01-01 20:02:00,-1.718,-5.030,-2.733,-10.843,-14.696,-9.064
2024-01-01 20:03:00,-1.929,-3.957,-3.268,-9.179,-4.617,-7.862
2024-01-01 20:04:00,-1.595,-3.423,-2.795,-8.017,-4.909,-9.024
2024-01-01 20:05:00,-0.720,-6.353,-2.460,-8.009,-7.637,-4.522
2024-01-01 20:06:00,-1.367,-5.296,-1.608,-7.795,-7.714,-6.501
2024-01-01 20:07:00,-1.893,-3.328,-2.225,-8.184,-10.150,-7.474
2024-01-01 20:08:00,-1.839,-4.253,-3.370,-11.933,-4.298,-5.117
2024-01-01 20:09:00,-1.419,-3.229,-1.563,-10.141,-6.039,-8.173
2024-01-01 20:10:00,-1.737,-4.568,-2.914,-10.880,-7.489,-6.264
2024-01-01 20:11:00,-0.955,-3.562,-2.541,-9.814,-8.578,-6.971
2024-01-01 20:12:00,-1.371,-4.781,-2.567,-7.087,-10.091,-6.554
2024-01-01 20:13:00,-2.546,-5.617,-1.806,-12.639,-7.496,-10.628
2024-01-01 20:14:00,-1.301,-4.912,-1.994,-5.400,-13.595,-4.230
2024-01-01 20:15:00,-2.375,-5.198,-3.572,-9.239,-14.658,-17.445
2024-01-01 20:16:00,-1.421,-6.087,-2.478,-8.688,-8.135,-7.106
2024-01-01 20:17:00,-1.673,-3.205,-2.280,-3.296,-7.604,-7.698
2024-01-01 20:18:00,-1.873,-3.209,-2.430,-5.945,-4.625,-13.386
2024-01-01 20:19:00,-1.812,-3.921,-2.386,-8.667,-5.308,-10.536
2024-01-01 20:20:00,-1.943,-3.903,-2.282,-7.778,-11.680,-8.896
2024-01-01 20:21:00,-1.884,-4.565,-2.417,-11.156,-13.382,-10.263
2024-01-01 20:22:00,-1.951,-5.922,-2.318,-4.365,-10.161,-9.373
2024-01-01 20:23:00,-2.126,-3.720,-2.678,-6.612,-10.010,-12.257
2024-01-01 20:24:00,-1.083,-3.129,-2.681,-11.676,-12.457,-11.718
2024-01-01 20:25:00,-1.707,-2.938,-3.478,-10.983,-7.399,-6.000
2024-01-01 20:26:00,-2.559,-3.955,-2.108,-5.800,-11.776,-4.157
2024-01-01 20:27:00,-1.710,-4.962,-2.674,-10.139,-10.603,-13.141
2024-01-01 20:28:00,-1.305,-4.146,-2.338,-9.468,-11.628,-8.392
2024-01-01 20:29:00,-1.202,-5.116,-2.938,-11.007,-11.212,-14.861
2024-01-01 20:30:00,-1.677,-4.293,-3.581,-9.184,-9.320,-7.959
2024-01-01 20:31:00,-1.383,-3.029,-1.779,-7.318,-11.780,-8.827
2024-01-01 20:32:00,-1.858,-5.125,-2.799,-5.488,-10.463,-6.896
2024-01-01 20:33:00,-1.191,-4.905,-2.458,-9.721,-13.491,-7.511
2024-01-01 20:34:00,-1.734,-4.815,-2.628,-12.748,-14.535,-13.297
2024-01-01 20:35:00,-1.619,-4.780,-3.107,-11.005,-8.698,-7.737
2024-01-01 20:36:00,-2.605,-4.501,-2.602,-13.443,-10.920,-11.599
2024-01-01 20:37:00,-1.349,-5.367,-2.544,-6.565,-17.014,-9.081
2024-01-01 20:38:00,-1.332,-4.011,-3.704,-10.324,-8.028,-10.314
2024-01-01 20:39:00,-2.481,-5.175,-2.809,-8.631,-7.678,-9.706
2024-01-01 20:40:00,-2.373,-4.901,-1.928,-11.456,-15.738,-10.712
2024-01-01 20:41:00,-2.233,-5.002,-2.646,-6.526,-11.332,-4.479
2024-01-01 20:42:00,-1.673,-5.746,-3.090,-9.550,-10.613,-3.597
2024-01-01 20:43:00,-2.081,-5.486,-2.115,-11.989,-5.404,-8.964
2024-01-01 20:44:00,-2.132,-4.714,-1.552,-10.031,-9.556,-11.356
2024-01-01 20:45:00,-1.830,-3.867,-2.905,-6.726,-11.744,-7.699
2024-01-01 20:46:00,-2.324,-4.993,-1.999,-11.247,-13.296,-10.470
2024-01-01 20:47:00,-1.939,-2.805,-2.647,-4.466,-10.298,-10.760
2024-01-01 20:48:00,-2.473,-6.600,-4.249,-7.294,-7.467,-6.121
2024-01-01 20:49:00,-2.602,-5.008,-2.690,-7.976,-3.861,-14.878
2024-01-01 20:50:00,-1.848,-5.508,-2.815,-10.515,-13.603,-7.121
2024-01-01 20:51:00,-2.145,-5.017,-2.613,-9.754,-7.463,-11.469
2024-01-01 20:52:00,-1.927,-3.933,-3.171,-9.423,-11.238,-11.396
2024-01-01 20:53:00,-1.983,-3.354,-2.465,-9.740,-10.977,-4.480
2024-01-01 20:54:00,-1.041,-3.539,-3.225,-10.711,-8.718,-13.472
2024-01-01 20:55:00,-1.785,-4.438,-2.774,-7.458,-11.738,-12.831
2024-01-01 20:56:00,-1.633,-4.361,-4.342,-8.131,-6.163,-3.530
2024-01-01 20:57:00,-2.478,-6.128,-2.980,-7.780,-12.262,-6.879
2024-01-01 20:58:00,-1.922,-4.695,-4.339,-9.577,-7.449,-6.939
2024-01-01 20:59:00,-1.978,-5.219,-2.833,-9.737,-11.392,-10.790
2024-01-01 21:00:00,-1.998,-5.015,-2.868,-6.875,-10.040,-15.131
2024-01-01 21:01:00,-1.934,-4.492,-3.323,-9.998,-8.372,-11.372
2024-01-01 21:02:00,-1.785,-4.473,-2.849,-8.686,-10.233,-11.840
2024-01-01 21:03:00,-2.610,-4.812,-2.389,-13.213,-4.488,-8.386
2024-01-01 21:04:00,-2.489,-2.409,-3.717,-10.912,-10.079,-8.013
2024-01-01 21:05:00,-1.467,-5.152,-3.572,-7.786,-9.171,-9.377
2024-01-01 21:06:00,-1.915,-4.970,-2.533,-11.730,-9.966,-10.790
2024-01-01 21:07:00,-2.233,-5.963,-2.937,-10.439,-8.218,-10.021
2024-01-01 21:08:00,-2.005,-4.700,-2.844,-8.335,-13.442,-16.691
2024-01-01 21:09:00,-1.732,-4.417,-3.485,-9.024,-10.342,-9.251
2024-01-01 21:10:00,-1.275,-4.806,-3.585,-9.030,-4.585,-6.160
2024-01-01 21:11:00,-2.058,-4.813,-2.686,-6.346,-6.242,-5.469
2024-01-01 21:12:00,-1.735,-2.700,-2.985,-11.400,-12.018,-9.486
2024-01-01 21:13:00,-1.949,-2.868,-2.802,-11.449,-14.919,-6.519
2024-01-01 21:14:00,-1.327,-5.371,-4.264,-10.330,-5.170,-5.931
2024-01-01 21:15:00,-1.451,-4.845,-2.569,-11.945,-6.670,-12.315
2024-01-01 21:16:00,-2.250,-4.477,-3.474,-8.556,-7.412,-11.274
2024-01-01 21:17:00,-1.042,-3.962,-2.496,-12.685,-8.331,-13.787
2024-01-01 21:18:00,-1.806,-5.726,-2.940,-10.566,-7.610,-10.381
2024-01-01 21:19:00,-1.474,-5.498,-1.811,-9.103,-9.428,-10.386
2024-01-01 21:20:00,-2.158,-3.476,-1.982,-10.091,-9.615,-5.416
2024-01-01 21:21:00,-1.983,-5.444,-2.449,-12.652,-8.624,-10.157
2024-01-01 21:22:00,-2.354,-4.437,-3.760,-9.494,-9.091,-12.996
2024-01-01 21:23:00,-1.472,-5.225,-3.413,-12.246,-11.935,-5.423
2024-01-01 21:24:00,-2.077,-5.037,-2.553,-7.518,-9.948,-12.370
2024-01-01 21:25:00,-1.947,-4.813,-3.535,-9.926,-10.648,-5.672
2024-01-01 21:26:00,-1.679,-4.479,-2.859,-8.496,-8.468,-11.689
2024-01-01 21:27:00,-1.563,-7.135,-3.740,-12.514,-3.267,-7.390
2024-01-01 21:28:00,-1.482,-4.834,-2.901,-7.466,-13.337,-5.450
2024-01-01 21:29:00,-1.875,-7.351,-3.636,-7.583,-16.288,-10.410
2024-01-01 21:30:00,-2.576,-4.342,-2.178,-7.424,-9.766,-5.668
2024-01-01 21:31:00,-1.587,-4.909,-2.676,-11.937,-9.990,-9.676
2024-01-01 21:32:00,-1.929,-5.346,-2.997,-8.569,-11.029,-9.178
2024-01-01 21:33:00,-1.846,-6.260,-2.153,-11.184,-5.109,-11.140
2024-01-01 21:34:00,-2.395,-5.472,-2.758,-10.032,-13.200,-7.808
2024-01-01 21:35:00,-2.561,-5.876,-3.672,-5.670,-13.255,-12.479
2024-01-01 21:36:00,-2.227,-4.300,-3.542,-6.961,-7.189,-14.538
2024-01-01 21:37:00,-1.471,-6.418,-3.937,-13.215,-7.952,-6.601
2024-01-01 21:38:00,-2.466,-3.447,-4.040,-10.925,-11.319,-5.973
2024-01-01 21:39:00,-1.938,-4.561,-3.395,-12.836,-9.081,-13.955
2024-01-01 21:40:00,-2.237,-5.214,-2.718,-9.208,-3.665,-10.664
2024-01-01 21:41:00,-1.831,-3.630,-2.366,-11.354,-10.919,-12.836
2024-01-01 21:42:00,-2.379,-5.048,-2.441,-8.693,-11.183,-9.692
2024-01-01 21:43:00,-1.696,-4.247,-2.932,-11.393,-11.050,-9.230
2024-01-01 21:44:00,-2.176,-6.317,-3.385,-10.816,-4.848,-6.679
2024-01-01 21:45:00,-2.538,-8.019,-2.929,-13.627,-13.260,-8.931
2024-01-01 21:46:00,-2.516,-4.927,-4.128,-8.581,-11.388,-14.004
2024-01-01 21:47:00,-2.428,-4.595,-2.399,-10.260,-10.661,-6.989
2024-01-01 21:48:00,-2.378,-5.537,-3.921,-7.681,-11.977,-9.111
2024-01-01 21:49:00,-1.651,-4.209,-2.549,-10.347,-12.329,-9.369
2024-01-01 21:50:00,-2.546,-7.598,-3.285,-7.947,-14.388,-9.299
2024-01-01 21:51:00,-2.805,-4.521,-3.251,-10.607,-9.773,-8.212
2024-01-01 21:52:00,-2.321,-4.907,-3.391,-11.875,-8.262,-10.383
2024-01-01 21:53:00,-1.497,-5.874,-3.466,-15.992,-12.311,-12.370
2024-01-01 21:54:00,-2.181,-4.854,-3.043,-9.849,-8.329,-2.711
2024-01-01 21:55:00,-2.185,-3.232,-2.913,-6.571,-12.866,-12.992
2024-01-01 21:56:00,-1.685,-5.175,-3.021,-12.562,-5.015,-15.233
2024-01-01 21:57:00,-2.542,-6.976,-4.643,-11.841,-18.630,-10.928
2024-01-01 21:58:00,-1.244,-3.775,-2.876,-11.391,-13.747,-14.371
2024-01-01 21:59:00,-2.372,-5.071,-3.635,-11.528,-11.506,-11.411
2024-01-01 22:00:00,-2.182,-7.289,-3.822,-9.196,-11.458,-12.621
2024-01-01 22:01:00,-2.113,-5.577,-3.496,-9.546,-13.476,-8.528
2024-01-01 22:02:00,-2.231,-4.574,-1.741,-11.213,-15.451,-11.133
2024-01-01 22:03:00,-1.571,-4.892,-2.372,-10.743,-16.905,-9.511
2024-01-01 22:04:00,-1.919,-3.830,-3.414,-10.917,-9.548,-11.530
2024-01-01 22:05:00,-2.516,-6.328,-2.731,-12.255,-6.996,-7.045
2024-01-01 22:06:00,-2.323,-5.892,-3.086,-9.082,-11.041,-8.918
2024-01-01 22:07:00,-2.095,-6.103,-3.041,-11.091,-12.075,-10.451
2024-01-01 22:08:00,-2.153,-5.010,-3.962,-11.816,-7.599,-13.029
2024-01-01 22:09:00,-1.944,-6.312,-3.549,-5.824,-9.428,-18.213
2024-01-01 22:10:00,-2.204,-5.240,-2.695,-12.315,-16.475,-8.557
2024-01-01 22:11:00,-2.016,-4.525,-3.278,-14.517,-10.715,-10.190
2024-01-01 22:12:00,-2.050,-6.360,-3.446,-9.346,-7.703,-13.254
2024-01-01 22:13:00,-2.960,-5.288,-3.733,-9.478,-9.958,-8.482
2024-01-01 22:14:00,-2.040,-5.066,-3.659,-11.897,-12.862,-13.859
2024-01-01 22:15:00,-2.378,-6.967,-2.853,-6.482,-11.704,-13.446
2024-01-01 22:16:00,-1.758,-5.872,-1.720,-9.166,-10.117,-10.276
2024-01-01 22:17:00,-2.468,-6.818,-3.232,-10.507,-12.134,-8.020
2024-01-01 22:18:00,-2.489,-6.538,-3.475,-13.039,-6.152,-13.574
2024-01-01 22:19:00,-1.832,-4.749,-3.142,-12.426,-5.262,-9.372
2024-01-01 22:20:00,-2.394,-7.608,-2.743,-10.490,-14.277,-9.900
2024-01-01 22:21:00,-2.320,-7.541,-4.203,-13.275,-4.244,-13.122
2024-01-01 22:22:00,-1.926,-6.684,-3.841,-6.485,-14.658,-7.619
2024-01-01 22:23:00,-2.409,-6.369,-3.252,-13.529,-11.737,-12.082
2024-01-01 22:24:00,-2.124,-5.191,-3.043,-10.736,-7.634,-12.651
2024-01-01 22:25:00,-2.767,-4.371,-3.069,-12.301,-16.524,-13.998
2024-01-01 22:26:00,-2.159,-6.750,-3.205,-11.152,-15.157,-8.923
2024-01-01 22:27:00,-2.453,-4.440,-3.384,-15.861,-7.538,-14.364
2024-01-01 22:28:00,-2.041,-6.410,-2.858,-10.344,-7.667,-12.449
2024-01-01 22:29:00,-2.458,-6.017,-3.587,-9.696,-10.132,-12.842
2024-01-01 22:30:00,-2.045,-5.473,-3.847,-7.023,-7.572,-9.250
2024-01-01 22:31:00,-2.776,-5.071,-2.400,-12.515,-12.765,-5.263
2024-01-01 22:32:00,-1.776,-5.147,-3.678,-10.372,-13.892,-9.173
2024-01-01 22:33:00,-1.792,-4.839,-3.976,-11.628,-15.104,-9.022
2024-01-01 22:34:00,-2.372,-6.346,-2.913,-10.187,-7.480,-12.011
2024-01-01 22:35:00,-2.193,-3.713,-2.804,-13.238,-19.200,-9.444
2024-01-01 22:36:00,-2.577,-5.751,-4.557,-12.639,-8.079,-11.589
2024-01-01 22:37:00,-2.049,-6.624,-4.457,-12.245,-13.250,-13.152
2024-01-01 22:38:00,-2.394,-5.594,-2.971,-9.928,-13.323,-8.193
2024-01-01 22:39:00,-2.478,-6.486,-3.625,-9.086,-9.708,-7.652
2024-01-01 22:40:00,-1.217,-4.726,-3.782,-9.930,-13.101,-10.943
2024-01-01 22:41:00,-2.620,-7.289,-3.205,-12.240,-15.649,-10.842
2024-01-01 22:42:00,-2.511,-5.317,-2.427,-13.879,-9.366,-16.562
2024-01-01 22:43:00,-2.303,-4.740,-3.385,-14.925,-11.788,-8.561
2024-01-01 22:44:00,-2.260,-3.591,-3.017,-7.650,-10.513,-14.223
2024-01-01 22:45:00,-2.107,-5.182,-2.835,-7.193,-6.924,-14.269
2024-01-01 22:46:00,-2.299,-6.257,-2.984,-14.283,-8.557,-14.446
2024-01-01 22:47:00,-2.671,-5.692,-4.174,-11.166,-14.478,-10.002
2024-01-01 22:48:00,-2.088,-5.138,-3.473,-8.631,-13.373,-6.556
2024-01-01 22:49:00,-2.757,-6.234,-2.864,-10.492,-14.251,-10.955
2024-01-01 22:50:00,-2.713,-6.756,-4.510,-13.110,-21.638,-12.824
2024-01-01 22:51:00,-2.605,-4.874,-2.559,-12.647,-10.146,-11.322
2024-01-01 22:52:00,-2.547,-7.433,-3.041,-15.637,-12.743,-10.740
2024-01-01 22:53:00,-2.277,-5.950,-3.677,-16.095,-13.231,-10.394
2024-01-01 22:54:00,-2.792,-6.113,-3.056,-13.220,-16.790,-13.722
2024-01-01 22:55:00,-2.531,-5.531,-3.045,-12.187,-15.268,-10.557
2024-01-01 22:56:00,-2.616,-5.973,-4.988,-10.328,-10.981,-12.645
2024-01-01 22:57:00,-1.710,-5.131,-3.061,-12.294,-6.799,-11.753
2024-01-01 22:58:00,-2.223,-6.985,-3.327,-17.239,-8.215,-10.212
2024-01-01 22:59:00,-1.629,-8.076,-2.904,-13.033,-14.155,-13.541
2024-01-01 23:00:00,-2.833,-7.486,-2.614,-11.471,-16.811,-12.068
2024-01-01 23:01:00,-2.909,-5.150,-3.975,-8.877,-9.197,-12.991
2024-01-01 23:02:00,-2.602,-5.565,-4.309,-9.138,-9.265,-11.057
2024-01-01 23:03:00,-2.273,-4.966,-2.791,-10.199,-8.651,-7.589
2024-01-01 23:04:00,-2.013,-7.124,-3.761,-13.593,-13.830,-16.078
2024-01-01 23:05:00,-3.349,-5.334,-3.737,-10.355,-10.155,-14.357
2024-01-01 23:06:00,-2.325,-4.632,-3.535,-11.240,-13.408,-10.584
2024-01-01 23:07:00,-2.517,-6.251,-4.645,-12.544,-6.251,-15.545
2024-01-01 23:08:00,-2.337,-7.059,-4.033,-13.212,-11.138,-5.219
2024-01-01 23:09:00,-2.562,-6.455,-4.128,-12.526,-13.799,-10.887
2024-01-01 23:10:00,-2.214,-6.801,-3.526,-13.200,-17.863,-9.349
2024-01-01 23:11:00,-3.185,-6.717,-3.789,-10.436,-15.546,-11.649
2024-01-01 23:12:00,-2.488,-6.055,-3.514,-12.811,-11.477,-7.995
2024-01-01 23:13:00,-2.821,-7.893,-4.042,-12.282,-11.655,-12.023
2024-01-01 23:14:00,-2.076,-4.898,-3.405,-12.560,-16.724,-12.478
2024-01-01 23:15:00,-2.166,-6.580,-3.568,-15.124,-16.059,-11.532
2024-01-01 23:16:00,-2.781,-7.308,-2.937,-12.930,-10.470,-10.673
2024-01-01 23:17:00,-2.418,-6.699,-4.363,-14.662,-10.482,-13.658
2024-01-01 23:18:00,-3.275,-7.307,-3.688,-12.084,-13.724,-12.902
2024-01-01 23:19:00,-2.287,-6.176,-3.097,-13.977,-10.749,-15.913
2024-01-01 23:20:00,-2.545,-8.146,-3.029,-13.777,-13.635,-7.579
2024-01-01 23:21:00,-2.213,-6.584,-3.515,-13.128,-11.073,-8.880
2024-01-01 23:22:00,-3.055,-7.569,-4.003,-11.708,-6.271,-8.854
2024-01-01 23:23:00,-2.739,-6.415,-3.663,-11.096,-8.982,-12.069
2024-01-01 23:24:00,-2.950,-5.859,-3.732,-13.260,-12.718,-13.763
2024-01-01 23:25:00,-2.174,-6.722,-4.945,-13.438,-10.469,-12.098
2024-01-01 23:26:00,-2.978,-7.042,-5.269,-15.078,-15.862,-14.449
2024-01-01 23:27:00,-2.061,-5.761,-4.276,-14.039,-10.119,-14.830
2024-01-01 23:28:00,-3.020,-7.786,-4.251,-13.833,-12.857,-9.544
2024-01-01 23:29:00,-3.220,-7.281,-2.890,-14.631,-12.710,-7.508
2024-01-01 23:30:00,-2.471,-5.670,-3.077,-13.835,-13.220,-11.955
2024-01-01 23:31:00,-2.708,-6.272,-3.710,-13.083,-15.215,-15.018
2024-01-01 23:32:00,-2.419,-6.386,-3.960,-13.381,-9.180,-12.467
2024-01-01 23:33:00,-3.031,-5.685,-3.954,-12.167,-15.421,-7.022
2024-01-01 23:34:00,-2.873,-4.492,-4.738,-7.638,-16.369,-12.843
2024-01-01 23:35:00,-3.190,-5.896,-3.811,-10.939,-16.426,-9.962
2024-01-01 23:36:00,-2.672,-5.490,-3.704,-13.311,-9.956,-11.832
2024-01-01 23:37:00,-2.910,-7.033,-4.264,-16.997,-16.442,-15.528
2024-01-01 23:38:00,-2.798,-6.342,-3.154,-12.888,-14.952,-13.479
2024-01-01 23:39:00,-2.230,-7.249,-4.345,-17.504,-12.209,-10.844
2024-01-01 23:40:00,-2.706,-4.964,-4.519,-8.774,-11.496,-12.403
2024-01-01 23:41:00,-2.746,-5.724,-3.229,-13.356,-12.876,-11.725
2024-01-01 23:42:00,-3.091,-6.428,-3.944,-12.774,-11.652,-10.629
2024-01-01 23:43:00,-2.449,-5.727,-2.840,-11.325,-14.657,-14.003
2024-01-01 23:44:00,-3.065,-5.981,-3.970,-13.528,-11.208,-12.228
2024-01-01 23:45:00,-2.258,-6.451,-3.605,-15.425,-14.491,-14.365
2024-01-01 23:46:00,-2.858,-4.903,-4.828,-13.313,-13.935,-14.282
2024-01-01 23:47:00,-2.401,-5.424,-4.775,-15.834,-11.658,-18.411
2024-01-01 23:48:00,-2.737,-7.772,-3.221,-11.219,-14.017,-16.875
2024-01-01 23:49:00,-2.768,-6.773,-4.802,-12.264,-13.474,-9.794
2024-01-01 23:50:00,-2.470,-6.786,-3.571,-12.378,-16.320,-12.541
2024-01-01 23:51:00,-3.000,-7.369,-4.300,-11.225,-12.556,-11.530
2024-01-01 23:52:00,-2.995,-7.032,-4.206,-11.975,-12.872,-9.332
2024-01-01 23:53:00,-2.560,-8.470,-3.644,-15.300,-15.462,-12.335
2024-01-01 23:54:00,-3.504,-6.474,-3.591,-10.821,-11.248,-10.799
2024-01-01 23:55:00,-2.467,-7.651,-4.373,-11.986,-12.096,-12.610
2024-01-01 23:56:00,-2.807,-7.292,-3.297,-14.418,-13.798,-13.210
2024-01-01 23:57:00,-2.425,-6.893,-3.886,-13.976,-18.853,-15.736
2024-01-01 23:58:00,-3.030,-6.932,-4.373,-11.355,-16.032,-16.698
2024-01-01 23:59:00,-1.903,-8.015,-4.239,-18.132,-14.392,-13.512
