timestamp,BESSFinisTerrae,PFVFinisTerrae,SEFinisTerrae
2024-01-01 00:00:00,0.000,0.000,0.000
2024-01-01 00:01:00,0.000,0.000,0.000
2024-01-01 00:02:00,0.000,0.000,0.000
2024-01-01 00:03:00,0.000,0.000,0.000
2024-01-01 00:04:00,0.000,0.000,0.000
2024-01-01 00:05:00,0.000,0.000,0.000
2024-01-01 00:06:00,0.000,0.000,0.000
2024-01-01 00:07:00,0.000,0.000,0.000
2024-01-01 00:08:00,0.000,0.000,0.000
2024-01-01 00:09:00,0.000,0.000,0.000
2024-01-01 00:10:00,0.000,0.000,0.000
2024-01-01 00:11:00,0.000,0.000,0.000
2024-01-01 00:12:00,0.000,0.000,0.000
2024-01-01 00:13:00,0.000,0.000,0.000
2024-01-01 00:14:00,0.000,0.000,0.000
2024-01-01 00:15:00,0.000,0.000,0.000
2024-01-01 00:16:00,0.000,0.000,0.000
2024-01-01 00:17:00,0.000,0.000,0.000
2024-01-01 00:18:00,0.000,0.000,0.000
2024-01-01 00:19:00,0.000,0.000,0.000
2024-01-01 00:20:00,0.000,0.000,0.000
2024-01-01 00:21:00,0.000,0.000,0.000
2024-01-01 00:22:00,0.000,0.000,0.000
2024-01-01 00:23:00,0.000,0.000,0.000
2024-01-01 00:24:00,0.000,0.000,0.000
2024-01-01 00:25:00,0.000,0.000,0.000
2024-01-01 00:26:00,0.000,0.000,0.000
2024-01-01 00:27:00,0.000,0.000,0.000
2024-01-01 00:28:00,0.000,0.000,0.000
2024-01-01 00:29:00,0.000,0.000,0.000
2024-01-01 00:30:00,0.000,0.000,0.000
2024-01-01 00:31:00,0.000,0.000,0.000
2024-01-01 00:32:00,0.000,0.000,0.000
2024-01-01 00:33:00,0.000,0.000,0.000
2024-01-01 00:34:00,0.000,0.000,0.000
2024-01-01 00:35:00,0.000,0.000,0.000
2024-01-01 00:36:00,0.000,0.000,0.000
2024-01-01 00:37:00,0.000,0.000,0.000
2024-01-01 00:38:00,0.000,0.000,0.000
2024-01-01 00:39:00,0.000,0.000,0.000
2024-01-01 00:40:00,0.000,0.000,0.000
2024-01-01 00:41:00,0.000,0.000,0.000
2024-01-01 00:42:00,0.000,0.000,0.000
2024-01-01 00:43:00,0.000,0.000,0.000
2024-01-01 00:44:00,0.000,0.000,0.000
2024-01-01 00:45:00,0.000,0.000,0.000
2024-01-01 00:46:00,0.000,0.000,0.000
2024-01-01 00:47:00,0.000,0.000,0.000
2024-01-01 00:48:00,0.000,0.000,0.000
2024-01-01 00:49:00,0.000,0.000,0.000
2024-01-01 00:50:00,0.000,0.000,0.000
2024-01-01 00:51:00,0.000,0.000,0.000
2024-01-01 00:52:00,0.000,0.000,0.000
2024-01-01 00:53:00,0.000,0.000,0.000
2024-01-01 00:54:00,0.000,0.000,0.000
2024-01-01 00:55:00,0.000,0.000,0.000
2024-01-01 00:56:00,0.000,0.000,0.000
2024-01-01 00:57:00,0.000,0.000,0.000
2024-01-01 00:58:00,0.000,0.000,0.000
2024-01-01 00:59:00,0.000,0.000,0.000
2024-01-01 01:00:00,0.000,0.000,0.000
2024-01-01 01:01:00,0.000,0.000,0.000
2024-01-01 01:02:00,0.000,0.000,0.000
2024-01-01 01:03:00,0.000,0.000,0.000
2024-01-01 01:04:00,0.000,0.000,0.000
2024-01-01 01:05:00,0.000,0.000,0.000
2024-01-01 01:06:00,0.000,0.000,0.000
2024-01-01 01:07:00,0.000,0.000,0.000
2024-01-01 01:08:00,0.000,0.000,0.000
2024-01-01 01:09:00,0.000,0.000,0.000
2024-01-01 01:10:00,0.000,0.000,0.000
2024-01-01 01:11:00,0.000,0.000,0.000
2024-01-01 01:12:00,0.000,0.000,0.000
2024-01-01 01:13:00,0.000,0.000,0.000
2024-01-01 01:14:00,0.000,0.000,0.000
2024-01-01 01:15:00,0.000,0.000,0.000
2024-01-01 01:16:00,0.000,0.000,0.000
2024-01-01 01:17:00,0.000,0.000,0.000
2024-01-01 01:18:00,0.000,0.000,0.000
2024-01-01 01:19:00,0.000,0.000,0.000
2024-01-01 01:20:00,0.000,0.000,0.000
2024-01-01 01:21:00,0.000,0.000,0.000
2024-01-01 01:22:00,0.000,0.000,0.000
2024-01-01 01:23:00,0.000,0.000,0.000
2024-01-01 01:24:00,0.000,0.000,0.000
2024-01-01 01:25:00,0.000,0.000,0.000
2024-01-01 01:26:00,0.000,0.000,0.000
2024-01-01 01:27:00,0.000,0.000,0.000
2024-01-01 01:28:00,0.000,0.000,0.000
2024-01-01 01:29:00,0.000,0.000,0.000
2024-01-01 01:30:00,0.000,0.000,0.000
2024-01-01 01:31:00,0.000,0.000,0.000
2024-01-01 01:32:00,0.000,0.000,0.000
2024-01-01 01:33:00,0.000,0.000,0.000
2024-01-01 01:34:00,0.000,0.000,0.000
2024-01-01 01:35:00,0.000,0.000,0.000
2024-01-01 01:36:00,0.000,0.000,0.000
2024-01-01 01:37:00,0.000,0.000,0.000
2024-01-01 01:38:00,0.000,0.000,0.000
2024-01-01 01:39:00,0.000,0.000,0.000
2024-01-01 01:40:00,0.000,0.000,0.000
2024-01-01 01:41:00,0.000,0.000,0.000
2024-01-01 01:42:00,0.000,0.000,0.000
2024-01-01 01:43:00,0.000,0.000,0.000
2024-01-01 01:44:00,0.000,0.000,0.000
2024-01-01 01:45:00,0.000,0.000,0.000
2024-01-01 01:46:00,0.000,0.000,0.000
2024-01-01 01:47:00,0.000,0.000,0.000
2024-01-01 01:48:00,0.000,0.000,0.000
2024-01-01 01:49:00,0.000,0.000,0.000
2024-01-01 01:50:00,0.000,0.000,0.000
2024-01-01 01:51:00,0.000,0.000,0.000
2024-01-01 01:52:00,0.000,0.000,0.000
2024-01-01 01:53:00,0.000,0.000,0.000
2024-01-01 01:54:00,0.000,0.000,0.000
2024-01-01 01:55:00,0.000,0.000,0.000
2024-01-01 01:56:00,0.000,0.000,0.000
2024-01-01 01:57:00,0.000,0.000,0.000
2024-01-01 01:58:00,0.000,0.000,0.000
2024-01-01 01:59:00,0.000,0.000,0.000
2024-01-01 02:00:00,6,0.000,0.000
2024-01-01 02:01:00,6,0.000,0.000
2024-01-01 02:02:00,6,0.000,0.000
2024-01-01 02:03:00,6,0.000,0.000
2024-01-01 02:04:00,6,0.000,0.000
2024-01-01 02:05:00,6,0.000,0.000
2024-01-01 02:06:00,6,0.000,0.000
2024-01-01 02:07:00,6,0.000,0.000
2024-01-01 02:08:00,6,0.000,0.000
2024-01-01 02:09:00,6,0.000,0.000
2024-01-01 02:10:00,6,0.000,0.000
2024-01-01 02:11:00,6,0.000,0.000
2024-01-01 02:12:00,6,0.000,0.000
2024-01-01 02:13:00,6,0.000,0.000
2024-01-01 02:14:00,6,0.000,0.000
2024-01-01 02:15:00,6,0.000,0.000
2024-01-01 02:16:00,6,0.000,0.000
2024-01-01 02:17:00,6,0.000,0.000
2024-01-01 02:18:00,6,0.000,0.000
2024-01-01 02:19:00,6,0.000,0.000
2024-01-01 02:20:00,6,0.000,0.000
2024-01-01 02:21:00,6,0.000,0.000
2024-01-01 02:22:00,6,0.000,0.000
2024-01-01 02:23:00,6,0.000,0.000
2024-01-01 02:24:00,6,0.000,0.000
2024-01-01 02:25:00,6,0.000,0.000
2024-01-01 02:26:00,6,0.000,0.000
2024-01-01 02:27:00,6,0.000,0.000
2024-01-01 02:28:00,6,0.000,0.000
2024-01-01 02:29:00,6,0.000,0.000
2024-01-01 02:30:00,6,0.000,0.000
2024-01-01 02:31:00,6,0.000,0.000
2024-01-01 02:32:00,6,0.000,0.000
2024-01-01 02:33:00,6,0.000,0.000
2024-01-01 02:34:00,6,0.000,0.000
2024-01-01 02:35:00,6,0.000,0.000
2024-01-01 02:36:00,6,0.000,0.000
2024-01-01 02:37:00,6,0.000,0.000
2024-01-01 02:38:00,6,0.000,0.000
2024-01-01 02:39:00,6,0.000,0.000
2024-01-01 02:40:00,6,0.000,0.000
2024-01-01 02:41:00,6,0.000,0.000
2024-01-01 02:42:00,6,0.000,0.000
2024-01-01 02:43:00,6,0.000,0.000
2024-01-01 02:44:00,6,0.000,0.000
2024-01-01 02:45:00,6,0.000,0.000
2024-01-01 02:46:00,6,0.000,0.000
2024-01-01 02:47:00,6,0.000,0.000
2024-01-01 02:48:00,6,0.000,0.000
2024-01-01 02:49:00,6,0.000,0.000
2024-01-01 02:50:00,6,0.000,0.000
2024-01-01 02:51:00,6,0.000,0.000
2024-01-01 02:52:00,6,0.000,0.000
2024-01-01 02:53:00,6,0.000,0.000
2024-01-01 02:54:00,6,0.000,0.000
2024-01-01 02:55:00,6,0.000,0.000
2024-01-01 02:56:00,6,0.000,0.000
2024-01-01 02:57:00,6,0.000,0.000
2024-01-01 02:58:00,6,0.000,0.000
2024-01-01 02:59:00,6,0.000,0.000
2024-01-01 03:00:00,6,0.000,0.000
2024-01-01 03:01:00,6,0.000,0.000
2024-01-01 03:02:00,6,0.000,0.000
2024-01-01 03:03:00,6,0.000,0.000
2024-01-01 03:04:00,6,0.000,0.000
2024-01-01 03:05:00,6,0.000,0.000
2024-01-01 03:06:00,6,0.000,0.000
2024-01-01 03:07:00,6,0.000,0.000
2024-01-01 03:08:00,6,0.000,0.000
2024-01-01 03:09:00,6,0.000,0.000
2024-01-01 03:10:00,6,0.000,0.000
2024-01-01 03:11:00,6,0.000,0.000
2024-01-01 03:12:00,6,0.000,0.000
2024-01-01 03:13:00,6,0.000,0.000
2024-01-01 03:14:00,6,0.000,0.000
2024-01-01 03:15:00,6,0.000,0.000
2024-01-01 03:16:00,6,0.000,0.000
2024-01-01 03:17:00,6,0.000,0.000
2024-01-01 03:18:00,6,0.000,0.000
2024-01-01 03:19:00,6,0.000,0.000
2024-01-01 03:20:00,6,0.000,0.000
2024-01-01 03:21:00,6,0.000,0.000
2024-01-01 03:22:00,6,0.000,0.000
2024-01-01 03:23:00,6,0.000,0.000
2024-01-01 03:24:00,6,0.000,0.000
2024-01-01 03:25:00,6,0.000,0.000
2024-01-01 03:26:00,6,0.000,0.000
2024-01-01 03:27:00,6,0.000,0.000
2024-01-01 03:28:00,6,0.000,0.000
2024-01-01 03:29:00,6,0.000,0.000
2024-01-01 03:30:00,6,0.000,0.000
2024-01-01 03:31:00,6,0.000,0.000
2024-01-01 03:32:00,6,0.000,0.000
2024-01-01 03:33:00,6,0.000,0.000
2024-01-01 03:34:00,6,0.000,0.000
2024-01-01 03:35:00,6,0.000,0.000
2024-01-01 03:36:00,6,0.000,0.000
2024-01-01 03:37:00,6,0.000,0.000
2024-01-01 03:38:00,6,0.000,0.000
2024-01-01 03:39:00,6,0.000,0.000
2024-01-01 03:40:00,6,0.000,0.000
2024-01-01 03:41:00,6,0.000,0.000
2024-01-01 03:42:00,6,0.000,0.000
2024-01-01 03:43:00,6,0.000,0.000
2024-01-01 03:44:00,6,0.000,0.000
2024-01-01 03:45:00,6,0.000,0.000
2024-01-01 03:46:00,6,0.000,0.000
2024-01-01 03:47:00,6,0.000,0.000
2024-01-01 03:48:00,6,0.000,0.000
2024-01-01 03:49:00,6,0.000,0.000
2024-01-01 03:50:00,6,0.000,0.000
2024-01-01 03:51:00,6,0.000,0.000
2024-01-01 03:52:00,6,0.000,0.000
2024-01-01 03:53:00,6,0.000,0.000
2024-01-01 03:54:00,6,0.000,0.000
2024-01-01 03:55:00,6,0.000,0.000
2024-01-01 03:56:00,6,0.001,0.001
2024-01-01 03:57:00,6,0.001,0.001
2024-01-01 03:58:00,6,0.001,0.001
2024-01-01 03:59:00,6,0.001,0.001
2024-01-01 04:00:00,6,0.001,0.001
2024-01-01 04:01:00,6,0.001,0.001
2024-01-01 04:02:00,6,0.001,0.001
2024-01-01 04:03:00,6,0.001,0.001
2024-01-01 04:04:00,6,0.001,0.001
2024-01-01 04:05:00,6,0.001,0.001
2024-01-01 04:06:00,6,0.001,0.001
2024-01-01 04:07:00,6,0.001,0.001
2024-01-01 04:08:00,6,0.001,0.001
2024-01-01 04:09:00,6,0.001,0.001
2024-01-01 04:10:00,6,0.001,0.001
2024-01-01 04:11:00,6,0.001,0.001
2024-01-01 04:12:00,6,0.001,0.001
2024-01-01 04:13:00,6,0.001,0.001
2024-01-01 04:14:00,6,0.001,0.001
2024-01-01 04:15:00,6,0.001,0.001
2024-01-01 04:16:00,6,0.001,0.001
2024-01-01 04:17:00,6,0.001,0.001
2024-01-01 04:18:00,6,0.001,0.001
2024-01-01 04:19:00,6,0.001,0.001
2024-01-01 04:20:00,6,0.001,0.001
2024-01-01 04:21:00,6,0.001,0.001
2024-01-01 04:22:00,6,0.001,0.001
2024-01-01 04:23:00,6,0.001,0.001
2024-01-01 04:24:00,6,0.001,0.001
2024-01-01 04:25:00,6,0.001,0.001
2024-01-01 04:26:00,6,0.001,0.001
2024-01-01 04:27:00,6,0.001,0.001
2024-01-01 04:28:00,6,0.001,0.001
2024-01-01 04:29:00,6,0.002,0.002
2024-01-01 04:30:00,6,0.002,0.002
2024-01-01 04:31:00,6,0.002,0.002
2024-01-01 04:32:00,6,0.002,0.002
2024-01-01 04:33:00,6,0.002,0.002
2024-01-01 04:34:00,6,0.002,0.002
2024-01-01 04:35:00,6,0.002,0.002
2024-01-01 04:36:00,6,0.002,0.002
2024-01-01 04:37:00,6,0.002,0.002
2024-01-01 04:38:00,6,0.002,0.002
2024-01-01 04:39:00,6,0.002,0.002
2024-01-01 04:40:00,6,0.002,0.002
2024-01-01 04:41:00,6,0.002,0.002
2024-01-01 04:42:00,6,0.002,0.002
2024-01-01 04:43:00,6,0.002,0.002
2024-01-01 04:44:00,6,0.003,0.003
2024-01-01 04:45:00,6,0.003,0.003
2024-01-01 04:46:00,6,0.003,0.003
2024-01-01 04:47:00,6,0.003,0.003
2024-01-01 04:48:00,6,0.003,0.003
2024-01-01 04:49:00,6,0.003,0.003
2024-01-01 04:50:00,6,0.003,0.003
2024-01-01 04:51:00,6,0.003,0.003
2024-01-01 04:52:00,6,0.003,0.003
2024-01-01 04:53:00,6,0.003,0.003
2024-01-01 04:54:00,6,0.003,0.003
2024-01-01 04:55:00,6,0.004,0.004
2024-01-01 04:56:00,6,0.004,0.004
2024-01-01 04:57:00,6,0.004,0.004
2024-01-01 04:58:00,6,0.004,0.004
2024-01-01 04:59:00,6,0.004,0.004
2024-01-01 05:00:00,0.000,0.004,0.004
2024-01-01 05:01:00,0.000,0.004,0.004
2024-01-01 05:02:00,0.000,0.004,0.004
2024-01-01 05:03:00,0.000,0.005,0.005
2024-01-01 05:04:00,0.000,0.005,0.005
2024-01-01 05:05:00,0.000,0.005,0.005
2024-01-01 05:06:00,0.000,0.005,0.005
2024-01-01 05:07:00,0.000,0.005,0.005
2024-01-01 05:08:00,0.000,0.005,0.005
2024-01-01 05:09:00,0.000,0.005,0.005
2024-01-01 05:10:00,0.000,0.006,0.006
2024-01-01 05:11:00,0.000,0.006,0.006
2024-01-01 05:12:00,0.000,0.006,0.006
2024-01-01 05:13:00,0.000,0.006,0.006
2024-01-01 05:14:00,0.000,0.006,0.006
2024-01-01 05:15:00,0.000,0.007,0.007
2024-01-01 05:16:00,0.000,0.007,0.007
2024-01-01 05:17:00,0.000,0.007,0.007
2024-01-01 05:18:00,0.000,0.007,0.007
2024-01-01 05:19:00,0.000,0.007,0.007
2024-01-01 05:20:00,0.000,0.008,0.008
2024-01-01 05:21:00,0.000,0.008,0.008
2024-01-01 05:22:00,0.000,0.008,0.008
2024-01-01 05:23:00,0.000,0.008,0.008
2024-01-01 05:24:00,0.000,0.009,0.009
2024-01-01 05:25:00,0.000,0.009,0.009
2024-01-01 05:26:00,0.000,0.009,0.009
2024-01-01 05:27:00,0.000,0.009,0.009
2024-01-01 05:28:00,0.000,0.010,0.010
2024-01-01 05:29:00,0.000,0.010,0.010
2024-01-01 05:30:00,0.000,0.010,0.010
2024-01-01 05:31:00,0.000,0.011,0.011
2024-01-01 05:32:00,0.000,0.011,0.011
2024-01-01 05:33:00,0.000,0.011,0.011
2024-01-01 05:34:00,0.000,0.012,0.012
2024-01-01 05:35:00,0.000,0.012,0.012
2024-01-01 05:36:00,0.000,0.012,0.012
2024-01-01 05:37:00,0.000,0.013,0.013
2024-01-01 05:38:00,0.000,0.013,0.013
2024-01-01 05:39:00,0.000,0.013,0.013
2024-01-01 05:40:00,0.000,0.014,0.014
2024-01-01 05:41:00,0.000,0.014,0.014
2024-01-01 05:42:00,0.000,0.015,0.015
2024-01-01 05:43:00,0.000,0.015,0.015
2024-01-01 05:44:00,0.000,0.015,0.015
2024-01-01 05:45:00,0.000,0.016,0.016
2024-01-01 05:46:00,0.000,0.016,0.016
2024-01-01 05:47:00,0.000,0.017,0.017
2024-01-01 05:48:00,0.000,0.017,0.017
2024-01-01 05:49:00,0.000,0.018,0.018
2024-01-01 05:50:00,0.000,0.018,0.018
2024-01-01 05:51:00,0.000,0.019,0.019
2024-01-01 05:52:00,0.000,0.019,0.019
2024-01-01 05:53:00,0.000,0.020,0.020
2024-01-01 05:54:00,0.000,0.020,0.020
2024-01-01 05:55:00,0.000,0.021,0.021
2024-01-01 05:56:00,0.000,0.022,0.022
2024-01-01 05:57:00,0.000,0.022,0.022
2024-01-01 05:58:00,0.000,0.023,0.023
2024-01-01 05:59:00,0.000,0.023,0.023
2024-01-01 06:00:00,0.000,0.024,0.024
2024-01-01 06:01:00,0.000,0.025,0.025
2024-01-01 06:02:00,0.000,0.025,0.025
2024-01-01 06:03:00,0.000,0.026,0.026
2024-01-01 06:04:00,0.000,0.027,0.027
2024-01-01 06:05:00,0.000,0.028,0.028
2024-01-01 06:06:00,0.000,0.028,0.028
2024-01-01 06:07:00,0.000,0.029,0.029
2024-01-01 06:08:00,0.000,0.030,0.030
2024-01-01 06:09:00,0.000,0.031,0.031
2024-01-01 06:10:00,0.000,0.032,0.032
2024-01-01 06:11:00,0.000,0.032,0.032
2024-01-01 06:12:00,0.000,0.033,0.033
2024-01-01 06:13:00,0.000,0.034,0.034
2024-01-01 06:14:00,0.000,0.035,0.035
2024-01-01 06:15:00,0.000,0.036,0.036
2024-01-01 06:16:00,0.000,0.037,0.037
2024-01-01 06:17:00,0.000,0.038,0.038
2024-01-01 06:18:00,0.000,0.039,0.039
2024-01-01 06:19:00,0.000,0.040,0.040
2024-01-01 06:20:00,0.000,0.041,0.041
2024-01-01 06:21:00,0.000,0.042,0.042
2024-01-01 06:22:00,0.000,0.044,0.044
2024-01-01 06:23:00,0.000,0.045,0.045
2024-01-01 06:24:00,0.000,0.046,0.046
2024-01-01 06:25:00,0.000,0.047,0.047
2024-01-01 06:26:00,0.000,0.048,0.048
2024-01-01 06:27:00,0.000,0.050,0.050
2024-01-01 06:28:00,0.000,0.051,0.051
2024-01-01 06:29:00,0.000,0.052,0.052
2024-01-01 06:30:00,0.000,0.054,0.054
2024-01-01 06:31:00,0.000,0.055,0.055
2024-01-01 06:32:00,0.000,0.056,0.056
2024-01-01 06:33:00,0.000,0.058,0.058
2024-01-01 06:34:00,0.000,0.059,0.059
2024-01-01 06:35:00,0.000,0.061,0.061
2024-01-01 06:36:00,0.000,0.063,0.063
2024-01-01 06:37:00,0.000,0.064,0.064
2024-01-01 06:38:00,0.000,0.066,0.066
2024-01-01 06:39:00,0.000,0.067,0.067
2024-01-01 06:40:00,0.000,0.069,0.069
2024-01-01 06:41:00,0.000,0.071,0.071
2024-01-01 06:42:00,0.000,0.073,0.073
2024-01-01 06:43:00,0.000,0.075,0.075
2024-01-01 06:44:00,0.000,0.077,0.077
2024-01-01 06:45:00,0.000,0.078,0.078
2024-01-01 06:46:00,0.000,0.080,0.080
2024-01-01 06:47:00,0.000,0.082,0.082
2024-01-01 06:48:00,0.000,0.085,0.085
2024-01-01 06:49:00,0.000,0.087,0.087
2024-01-01 06:50:00,0.000,0.089,0.089
2024-01-01 06:51:00,0.000,0.091,0.091
2024-01-01 06:52:00,0.000,0.093,0.093
2024-01-01 06:53:00,0.000,0.096,0.096
2024-01-01 06:54:00,0.000,0.098,0.098
2024-01-01 06:55:00,0.000,0.100,0.100
2024-01-01 06:56:00,0.000,0.103,0.103
2024-01-01 06:57:00,0.000,0.105,0.105
2024-01-01 06:58:00,0.000,0.108,0.108
2024-01-01 06:59:00,0.000,0.111,0.111
2024-01-01 07:00:00,-9,0.113,0.113
2024-01-01 07:01:00,-9,0.116,0.116
2024-01-01 07:02:00,-9,0.119,0.119
2024-01-01 07:03:00,-9,0.122,0.122
2024-01-01 07:04:00,-9,0.125,0.125
2024-01-01 07:05:00,-9,0.128,0.128
2024-01-01 07:06:00,-9,0.131,0.131
2024-01-01 07:07:00,-9,0.134,0.134
2024-01-01 07:08:00,-9,0.137,0.137
2024-01-01 07:09:00,-9,0.140,0.140
2024-01-01 07:10:00,-9,0.144,0.144
2024-01-01 07:11:00,-9,0.147,0.147
2024-01-01 07:12:00,-9,0.151,0.151
2024-01-01 07:13:00,-9,0.154,0.154
2024-01-01 07:14:00,-9,0.158,0.158
2024-01-01 07:15:00,-9,0.162,0.162
2024-01-01 07:16:00,-9,0.165,0.165
2024-01-01 07:17:00,-9,0.169,0.169
2024-01-01 07:18:00,-9,0.173,0.173
2024-01-01 07:19:00,-9,0.177,0.177
2024-01-01 07:20:00,-9,0.181,0.181
2024-01-01 07:21:00,-9,0.186,0.186
2024-01-01 07:22:00,-9,0.190,0.190
2024-01-01 07:23:00,-9,0.194,0.194
2024-01-01 07:24:00,-9,0.199,0.199
2024-01-01 07:25:00,-9,0.203,0.203
2024-01-01 07:26:00,-9,0.208,0.208
2024-01-01 07:27:00,-9,0.213,0.213
2024-01-01 07:28:00,-9,0.218,0.218
2024-01-01 07:29:00,-9,0.223,0.223
2024-01-01 07:30:00,-9,0.228,0.228
2024-01-01 07:31:00,-9,0.233,0.233
2024-01-01 07:32:00,-9,0.238,0.238
2024-01-01 07:33:00,-9,0.243,0.243
2024-01-01 07:34:00,-9,0.249,0.249
2024-01-01 07:35:00,-9,0.254,0.254
2024-01-01 07:36:00,-9,0.260,0.260
2024-01-01 07:37:00,-9,0.266,0.266
2024-01-01 07:38:00,-9,0.272,0.272
2024-01-01 07:39:00,-9,0.278,0.278
2024-01-01 07:40:00,-9,0.284,0.284
2024-01-01 07:41:00,-9,0.290,0.290
2024-01-01 07:42:00,-9,0.297,0.297
2024-01-01 07:43:00,-9,0.303,0.303
2024-01-01 07:44:00,-9,0.310,0.310
2024-01-01 07:45:00,-9,0.316,0.316
2024-01-01 07:46:00,-9,0.323,0.323
2024-01-01 07:47:00,-9,0.330,0.330
2024-01-01 07:48:00,-9,0.337,0.337
2024-01-01 07:49:00,-9,0.345,0.345
2024-01-01 07:50:00,-9,0.352,0.352
2024-01-01 07:51:00,-9,0.360,0.360
2024-01-01 07:52:00,-9,0.367,0.367
2024-01-01 07:53:00,-9,0.375,0.375
2024-01-01 07:54:00,-9,0.383,0.383
2024-01-01 07:55:00,-9,0.391,0.391
2024-01-01 07:56:00,-9,0.400,0.400
2024-01-01 07:57:00,-9,0.408,0.408
2024-01-01 07:58:00,-9,0.417,0.417
2024-01-01 07:59:00,-9,0.425,0.425
2024-01-01 08:00:00,-9,0.434,0.434
2024-01-01 08:01:00,-9,0.443,0.443
2024-01-01 08:02:00,-9,0.452,0.452
2024-01-01 08:03:00,-9,0.462,0.462
2024-01-01 08:04:00,-9,0.471,0.471
2024-01-01 08:05:00,-9,0.481,0.481
2024-01-01 08:06:00,-9,0.491,0.491
2024-01-01 08:07:00,-9,0.501,0.501
2024-01-01 08:08:00,-9,0.511,0.511
2024-01-01 08:09:00,-9,0.522,0.522
2024-01-01 08:10:00,-9,0.532,0.532
2024-01-01 08:11:00,-9,0.543,0.543
2024-01-01 08:12:00,-9,0.554,0.554
2024-01-01 08:13:00,-9,0.565,0.565
2024-01-01 08:14:00,-9,0.577,0.577
2024-01-01 08:15:00,-9,0.588,0.588
2024-01-01 08:16:00,-9,0.600,0.600
2024-01-01 08:17:00,-9,0.612,0.612
2024-01-01 08:18:00,-9,0.624,0.624
2024-01-01 08:19:00,-9,0.636,0.636
2024-01-01 08:20:00,-9,0.649,0.649
2024-01-01 08:21:00,-9,0.662,0.662
2024-01-01 08:22:00,-9,0.675,0.675
2024-01-01 08:23:00,-9,0.688,0.688
2024-01-01 08:24:00,-9,0.701,0.701
2024-01-01 08:25:00,-9,0.715,0.715
2024-01-01 08:26:00,-9,0.729,0.729
2024-01-01 08:27:00,-9,0.743,0.743
2024-01-01 08:28:00,-9,0.757,0.757
2024-01-01 08:29:00,-9,0.772,0.772
2024-01-01 08:30:00,-9,0.786,0.786
2024-01-01 08:31:00,-9,0.801,0.801
2024-01-01 08:32:00,-9,0.817,0.817
2024-01-01 08:33:00,-9,0.832,0.832
2024-01-01 08:34:00,-9,0.848,0.848
2024-01-01 08:35:00,-9,0.864,0.864
2024-01-01 08:36:00,-9,0.880,0.880
2024-01-01 08:37:00,-9,0.897,0.897
2024-01-01 08:38:00,-9,0.913,0.913
2024-01-01 08:39:00,-9,0.930,0.930
2024-01-01 08:40:00,-9,0.948,0.948
2024-01-01 08:41:00,-9,0.965,0.965
2024-01-01 08:42:00,-9,0.983,0.983
2024-01-01 08:43:00,-9,1.001,1.001
2024-01-01 08:44:00,-9,1.020,1.020
2024-01-01 08:45:00,-9,1.038,1.038
2024-01-01 08:46:00,-9,1.057,1.057
2024-01-01 08:47:00,-9,1.076,1.076
2024-01-01 08:48:00,-9,1.096,1.096
2024-01-01 08:49:00,-9,1.115,1.115
2024-01-01 08:50:00,-9,1.136,1.136
2024-01-01 08:51:00,-9,1.156,1.156
2024-01-01 08:52:00,-9,1.177,1.177
2024-01-01 08:53:00,-9,1.197,1.197
2024-01-01 08:54:00,-9,1.219,1.219
2024-01-01 08:55:00,-9,1.240,1.240
2024-01-01 08:56:00,-9,1.262,1.262
2024-01-01 08:57:00,-9,1.284,1.284
2024-01-01 08:58:00,-9,1.307,1.307
2024-01-01 08:59:00,-9,1.330,1.330
2024-01-01 09:00:00,0.000,1.353,1.353
2024-01-01 09:01:00,0.000,1.376,1.376
2024-01-01 09:02:00,0.000,1.400,1.400
2024-01-01 09:03:00,0.000,1.424,1.424
2024-01-01 09:04:00,0.000,1.449,1.449
2024-01-01 09:05:00,0.000,1.473,1.473
2024-01-01 09:06:00,0.000,1.498,1.498
2024-01-01 09:07:00,0.000,1.524,1.524
2024-01-01 09:08:00,0.000,1.550,1.550
2024-01-01 09:09:00,0.000,1.576,1.576
2024-01-01 09:10:00,0.000,1.602,1.602
2024-01-01 09:11:00,0.000,1.629,1.629
2024-01-01 09:12:00,0.000,1.656,1.656
2024-01-01 09:13:00,0.000,1.684,1.684
2024-01-01 09:14:00,0.000,1.712,1.712
2024-01-01 09:15:00,0.000,1.740,1.740
2024-01-01 09:16:00,0.000,1.769,1.769
2024-01-01 09:17:00,0.000,1.798,1.798
2024-01-01 09:18:00,0.000,1.827,1.827
2024-01-01 09:19:00,0.000,1.857,1.857
2024-01-01 09:20:00,0.000,1.887,1.887
2024-01-01 09:21:00,0.000,1.918,1.918
2024-01-01 09:22:00,0.000,1.948,1.948
2024-01-01 09:23:00,0.000,1.980,1.980
2024-01-01 09:24:00,0.000,2.011,2.011
2024-01-01 09:25:00,0.000,2.043,2.043
2024-01-01 09:26:00,0.000,2.076,2.076
2024-01-01 09:27:00,0.000,2.109,2.109
2024-01-01 09:28:00,0.000,2.142,2.142
2024-01-01 09:29:00,0.000,2.176,2.176
2024-01-01 09:30:00,0.000,2.210,2.210
2024-01-01 09:31:00,0.000,2.244,2.244
2024-01-01 09:32:00,0.000,2.279,2.279
2024-01-01 09:33:00,0.000,2.314,2.314
2024-01-01 09:34:00,0.000,2.350,2.350
2024-01-01 09:35:00,0.000,2.386,2.386
2024-01-01 09:36:00,0.000,2.423,2.423
2024-01-01 09:37:00,0.000,2.459,2.459
2024-01-01 09:38:00,0.000,2.497,2.497
2024-01-01 09:39:00,0.000,2.535,2.535
2024-01-01 09:40:00,0.000,2.573,2.573
2024-01-01 09:41:00,0.000,2.611,2.611
2024-01-01 09:42:00,0.000,2.650,2.650
2024-01-01 09:43:00,0.000,2.690,2.690
2024-01-01 09:44:00,0.000,2.730,2.730
2024-01-01 09:45:00,0.000,2.770,2.770
2024-01-01 09:46:00,0.000,2.811,2.811
2024-01-01 09:47:00,0.000,2.852,2.852
2024-01-01 09:48:00,0.000,2.894,2.894
2024-01-01 09:49:00,0.000,2.936,2.936
2024-01-01 09:50:00,0.000,2.978,2.978
2024-01-01 09:51:00,0.000,3.021,3.021
2024-01-01 09:52:00,0.000,3.064,3.064
2024-01-01 09:53:00,0.000,3.108,3.108
2024-01-01 09:54:00,0.000,3.153,3.153
2024-01-01 09:55:00,0.000,3.197,3.197
2024-01-01 09:56:00,0.000,3.243,3.243
2024-01-01 09:57:00,0.000,3.288,3.288
2024-01-01 09:58:00,0.000,3.334,3.334
2024-01-01 09:59:00,0.000,3.381,3.381
2024-01-01 10:00:00,6,3.428,3.428
2024-01-01 10:01:00,6,3.475,3.475
2024-01-01 10:02:00,6,3.523,3.523
2024-01-01 10:03:00,6,3.571,3.571
2024-01-01 10:04:00,6,3.620,3.620
2024-01-01 10:05:00,6,3.670,3.670
2024-01-01 10:06:00,6,3.719,3.719
2024-01-01 10:07:00,6,3.769,3.769
2024-01-01 10:08:00,6,3.820,3.820
2024-01-01 10:09:00,6,3.871,3.871
2024-01-01 10:10:00,6,3.923,3.923
2024-01-01 10:11:00,6,3.975,3.975
2024-01-01 10:12:00,6,4.027,4.027
2024-01-01 10:13:00,6,4.080,4.080
2024-01-01 10:14:00,6,4.133,4.133
2024-01-01 10:15:00,6,4.187,4.187
2024-01-01 10:16:00,6,4.242,4.242
2024-01-01 10:17:00,6,4.296,4.296
2024-01-01 10:18:00,6,4.352,4.352
2024-01-01 10:19:00,6,4.407,4.407
2024-01-01 10:20:00,6,4.463,4.463
2024-01-01 10:21:00,6,4.520,4.520
2024-01-01 10:22:00,6,4.577,4.577
2024-01-01 10:23:00,6,4.635,4.635
2024-01-01 10:24:00,6,4.692,4.692
2024-01-01 10:25:00,6,4.751,4.751
2024-01-01 10:26:00,6,4.810,4.810
2024-01-01 10:27:00,6,4.869,4.869
2024-01-01 10:28:00,6,4.929,4.929
2024-01-01 10:29:00,6,4.989,4.989
2024-01-01 10:30:00,6,5.050,5.050
2024-01-01 10:31:00,6,5.111,5.111
2024-01-01 10:32:00,6,5.172,5.172
2024-01-01 10:33:00,6,5.234,5.234
2024-01-01 10:34:00,6,5.297,5.297
2024-01-01 10:35:00,6,5.359,5.359
2024-01-01 10:36:00,6,5.423,5.423
2024-01-01 10:37:00,6,5.486,5.486
2024-01-01 10:38:00,6,5.550,5.550
2024-01-01 10:39:00,6,5.615,5.615
2024-01-01 10:40:00,6,5.680,5.680
2024-01-01 10:41:00,6,5.745,5.745
2024-01-01 10:42:00,6,5.811,5.811
2024-01-01 10:43:00,6,5.878,5.878
2024-01-01 10:44:00,6,5.944,5.944
2024-01-01 10:45:00,6,6.011,6.011
2024-01-01 10:46:00,6,6.079,6.079
2024-01-01 10:47:00,6,6.147,6.147
2024-01-01 10:48:00,6,6.215,6.215
2024-01-01 10:49:00,6,6.284,6.284
2024-01-01 10:50:00,6,6.353,6.353
2024-01-01 10:51:00,6,6.422,6.422
2024-01-01 10:52:00,6,6.492,6.492
2024-01-01 10:53:00,6,6.562,6.562
2024-01-01 10:54:00,6,6.633,6.633
2024-01-01 10:55:00,6,6.704,6.704
2024-01-01 10:56:00,6,6.775,6.775
2024-01-01 10:57:00,6,6.847,6.847
2024-01-01 10:58:00,6,6.919,6.919
2024-01-01 10:59:00,6,6.991,6.991
2024-01-01 11:00:00,6,7.064,7.064
2024-01-01 11:01:00,6,7.137,7.137
2024-01-01 11:02:00,6,7.211,7.211
2024-01-01 11:03:00,6,7.285,7.285
2024-01-01 11:04:00,6,7.359,7.359
2024-01-01 11:05:00,6,7.433,7.433
2024-01-01 11:06:00,6,7.508,7.508
2024-01-01 11:07:00,6,7.583,7.583
2024-01-01 11:08:00,6,7.659,7.659
2024-01-01 11:09:00,6,7.735,7.735
2024-01-01 11:10:00,6,7.811,7.811
2024-01-01 11:11:00,6,7.887,7.887
2024-01-01 11:12:00,6,7.964,7.964
2024-01-01 11:13:00,6,8.041,8.041
2024-01-01 11:14:00,6,8.118,8.118
2024-01-01 11:15:00,6,8.195,8.195
2024-01-01 11:16:00,6,8.273,8.273
2024-01-01 11:17:00,6,8.351,8.351
2024-01-01 11:18:00,6,8.429,8.429
2024-01-01 11:19:00,6,8.508,8.508
2024-01-01 11:20:00,6,8.586,8.586
2024-01-01 11:21:00,6,8.665,8.665
2024-01-01 11:22:00,6,8.745,8.745
2024-01-01 11:23:00,6,8.824,8.824
2024-01-01 11:24:00,6,8.904,8.904
2024-01-01 11:25:00,6,8.983,8.983
2024-01-01 11:26:00,6,9.063,9.063
2024-01-01 11:27:00,6,9.144,9.144
2024-01-01 11:28:00,6,9.224,9.224
2024-01-01 11:29:00,6,9.305,9.305
2024-01-01 11:30:00,6,9.385,9.385
2024-01-01 11:31:00,6,9.466,9.466
2024-01-01 11:32:00,6,9.547,9.547
2024-01-01 11:33:00,6,9.628,9.628
2024-01-01 11:34:00,6,9.710,9.710
2024-01-01 11:35:00,6,9.791,9.791
2024-01-01 11:36:00,6,9.873,9.873
2024-01-01 11:37:00,6,9.954,9.954
2024-01-01 11:38:00,6,10.036,10.036
2024-01-01 11:39:00,6,10.118,10.118
2024-01-01 11:40:00,6,10.200,10.200
2024-01-01 11:41:00,6,10.282,10.282
2024-01-01 11:42:00,6,10.364,10.364
2024-01-01 11:43:00,6,10.446,10.446
2024-01-01 11:44:00,6,10.528,10.528
2024-01-01 11:45:00,6,10.610,10.610
2024-01-01 11:46:00,6,10.692,10.692
2024-01-01 11:47:00,6,10.775,10.775
2024-01-01 11:48:00,6,10.857,10.857
2024-01-01 11:49:00,6,10.939,10.939
2024-01-01 11:50:00,6,11.021,11.021
2024-01-01 11:51:00,6,11.104,11.104
2024-01-01 11:52:00,6,11.186,11.186
2024-01-01 11:53:00,6,11.268,11.268
2024-01-01 11:54:00,6,11.350,11.350
2024-01-01 11:55:00,6,11.432,11.432
2024-01-01 11:56:00,6,11.514,11.514
2024-01-01 11:57:00,6,11.596,11.596
2024-01-01 11:58:00,6,11.678,11.678
2024-01-01 11:59:00,6,11.760,11.760
2024-01-01 12:00:00,6,11.841,11.841
2024-01-01 12:01:00,6,11.923,11.923
2024-01-01 12:02:00,6,12.004,12.004
2024-01-01 12:03:00,6,12.085,12.085
2024-01-01 12:04:00,6,12.166,12.166
2024-01-01 12:05:00,6,12.247,12.247
2024-01-01 12:06:00,6,12.328,12.328
2024-01-01 12:07:00,6,12.408,12.408
2024-01-01 12:08:00,6,12.489,12.489
2024-01-01 12:09:00,6,12.569,12.569
2024-01-01 12:10:00,6,12.649,12.649
2024-01-01 12:11:00,6,12.729,12.729
2024-01-01 12:12:00,6,12.808,12.808
2024-01-01 12:13:00,6,12.888,12.888
2024-01-01 12:14:00,6,12.967,12.967
2024-01-01 12:15:00,6,13.045,13.045
2024-01-01 12:16:00,6,13.124,13.124
2024-01-01 12:17:00,6,13.202,13.202
2024-01-01 12:18:00,6,13.280,13.280
2024-01-01 12:19:00,6,13.357,13.357
2024-01-01 12:20:00,6,13.435,13.435
2024-01-01 12:21:00,6,13.512,13.512
2024-01-01 12:22:00,6,13.588,13.588
2024-01-01 12:23:00,6,13.664,13.664
2024-01-01 12:24:00,6,13.740,13.740
2024-01-01 12:25:00,6,13.816,13.816
2024-01-01 12:26:00,6,13.891,13.891
2024-01-01 12:27:00,6,13.966,13.966
2024-01-01 12:28:00,6,14.040,14.040
2024-01-01 12:29:00,6,14.114,14.114
2024-01-01 12:30:00,6,14.188,14.188
2024-01-01 12:31:00,6,14.261,14.261
2024-01-01 12:32:00,6,14.333,14.333
2024-01-01 12:33:00,6,14.405,14.405
2024-01-01 12:34:00,6,14.477,14.477
2024-01-01 12:35:00,6,14.548,14.548
2024-01-01 12:36:00,6,14.619,14.619
2024-01-01 12:37:00,6,14.689,14.689
2024-01-01 12:38:00,6,14.759,14.759
2024-01-01 12:39:00,6,14.828,14.828
2024-01-01 12:40:00,6,14.897,14.897
2024-01-01 12:41:00,6,14.965,14.965
2024-01-01 12:42:00,6,15.032,15.032
2024-01-01 12:43:00,6,15.100,15.100
2024-01-01 12:44:00,6,15.166,15.166
2024-01-01 12:45:00,6,15.232,15.232
2024-01-01 12:46:00,6,15.297,15.297
2024-01-01 12:47:00,6,15.362,15.362
2024-01-01 12:48:00,6,15.426,15.426
2024-01-01 12:49:00,6,15.489,15.489
2024-01-01 12:50:00,6,15.552,15.552
2024-01-01 12:51:00,6,15.614,15.614
2024-01-01 12:52:00,6,15.676,15.676
2024-01-01 12:53:00,6,15.737,15.737
2024-01-01 12:54:00,6,15.797,15.797
2024-01-01 12:55:00,6,15.856,15.856
2024-01-01 12:56:00,6,15.915,15.915
2024-01-01 12:57:00,6,15.973,15.973
2024-01-01 12:58:00,6,16.030,16.030
2024-01-01 12:59:00,6,16.087,16.087
2024-01-01 13:00:00,0.000,16.143,16.143
2024-01-01 13:01:00,0.000,16.198,16.198
2024-01-01 13:02:00,0.000,16.253,16.253
2024-01-01 13:03:00,0.000,16.307,16.307
2024-01-01 13:04:00,0.000,16.360,16.360
2024-01-01 13:05:00,0.000,16.412,16.412
2024-01-01 13:06:00,0.000,16.463,16.463
2024-01-01 13:07:00,0.000,16.514,16.514
2024-01-01 13:08:00,0.000,16.564,16.564
2024-01-01 13:09:00,0.000,16.613,16.613
2024-01-01 13:10:00,0.000,16.661,16.661
2024-01-01 13:11:00,0.000,16.708,16.708
2024-01-01 13:12:00,0.000,16.755,16.755
2024-01-01 13:13:00,0.000,16.801,16.801
2024-01-01 13:14:00,0.000,16.845,16.845
2024-01-01 13:15:00,0.000,16.889,16.889
2024-01-01 13:16:00,0.000,16.933,16.933
2024-01-01 13:17:00,0.000,16.975,16.975
2024-01-01 13:18:00,0.000,17.016,17.016
2024-01-01 13:19:00,0.000,17.057,17.057
2024-01-01 13:20:00,0.000,17.097,17.097
2024-01-01 13:21:00,0.000,17.136,17.136
2024-01-01 13:22:00,0.000,17.173,17.173
2024-01-01 13:23:00,0.000,17.210,17.210
2024-01-01 13:24:00,0.000,17.247,17.247
2024-01-01 13:25:00,0.000,17.282,17.282
2024-01-01 13:26:00,0.000,17.316,17.316
2024-01-01 13:27:00,0.000,17.349,17.349
2024-01-01 13:28:00,0.000,17.382,17.382
2024-01-01 13:29:00,0.000,17.413,17.413
2024-01-01 13:30:00,0.000,17.444,17.444
2024-01-01 13:31:00,0.000,17.473,17.473
2024-01-01 13:32:00,0.000,17.502,17.502
2024-01-01 13:33:00,0.000,17.529,17.529
2024-01-01 13:34:00,0.000,17.556,17.556
2024-01-01 13:35:00,0.000,17.582,17.582
2024-01-01 13:36:00,0.000,17.607,17.607
2024-01-01 13:37:00,0.000,17.630,17.630
2024-01-01 13:38:00,0.000,17.653,17.653
2024-01-01 13:39:00,0.000,17.675,17.675
2024-01-01 13:40:00,0.000,17.696,17.696
2024-01-01 13:41:00,0.000,17.716,17.716
2024-01-01 13:42:00,0.000,17.734,17.734
2024-01-01 13:43:00,0.000,17.752,17.752
2024-01-01 13:44:00,0.000,17.769,17.769
2024-01-01 13:45:00,0.000,17.785,17.785
2024-01-01 13:46:00,0.000,17.800,17.800
2024-01-01 13:47:00,0.000,17.813,17.813
2024-01-01 13:48:00,0.000,17.826,17.826
2024-01-01 13:49:00,0.000,17.838,17.838
2024-01-01 13:50:00,0.000,17.849,17.849
2024-01-01 13:51:00,0.000,17.858,17.858
2024-01-01 13:52:00,0.000,17.867,17.867
2024-01-01 13:53:00,0.000,17.875,17.875
2024-01-01 13:54:00,0.000,17.882,17.882
2024-01-01 13:55:00,0.000,17.887,17.887
2024-01-01 13:56:00,0.000,17.892,17.892
2024-01-01 13:57:00,0.000,17.895,17.895
2024-01-01 13:58:00,0.000,17.898,17.898
2024-01-01 13:59:00,0.000,17.899,17.899
2024-01-01 14:00:00,-9,17.900,17.900
2024-01-01 14:01:00,-9,17.899,17.899
2024-01-01 14:02:00,-9,17.898,17.898
2024-01-01 14:03:00,-9,17.895,17.895
2024-01-01 14:04:00,-9,17.892,17.892
2024-01-01 14:05:00,-9,17.887,17.887
2024-01-01 14:06:00,-9,17.882,17.882
2024-01-01 14:07:00,-9,17.875,17.875
2024-01-01 14:08:00,-9,17.867,17.867
2024-01-01 14:09:00,-9,17.858,17.858
2024-01-01 14:10:00,-9,17.849,17.849
2024-01-01 14:11:00,-9,17.838,17.838
2024-01-01 14:12:00,-9,17.826,17.826
2024-01-01 14:13:00,-9,17.813,17.813
2024-01-01 14:14:00,-9,17.800,17.800
2024-01-01 14:15:00,-9,17.785,17.785
2024-01-01 14:16:00,-9,17.769,17.769
2024-01-01 14:17:00,-9,17.752,17.752
2024-01-01 14:18:00,-9,17.734,17.734
2024-01-01 14:19:00,-9,17.716,17.716
2024-01-01 14:20:00,-9,17.696,17.696
2024-01-01 14:21:00,-9,17.675,17.675
2024-01-01 14:22:00,-9,17.653,17.653
2024-01-01 14:23:00,-9,17.630,17.630
2024-01-01 14:24:00,-9,17.607,17.607
2024-01-01 14:25:00,-9,17.582,17.582
2024-01-01 14:26:00,-9,17.556,17.556
2024-01-01 14:27:00,-9,17.529,17.529
2024-01-01 14:28:00,-9,17.502,17.502
2024-01-01 14:29:00,-9,17.473,17.473
2024-01-01 14:30:00,-9,17.444,17.444
2024-01-01 14:31:00,-9,17.413,17.413
2024-01-01 14:32:00,-9,17.382,17.382
2024-01-01 14:33:00,-9,17.349,17.349
2024-01-01 14:34:00,-9,17.316,17.316
2024-01-01 14:35:00,-9,17.282,17.282
2024-01-01 14:36:00,-9,17.247,17.247
2024-01-01 14:37:00,-9,17.210,17.210
2024-01-01 14:38:00,-9,17.173,17.173
2024-01-01 14:39:00,-9,17.136,17.136
2024-01-01 14:40:00,-9,17.097,17.097
2024-01-01 14:41:00,-9,17.057,17.057
2024-01-01 14:42:00,-9,17.016,17.016
2024-01-01 14:43:00,-9,16.975,16.975
2024-01-01 14:44:00,-9,16.933,16.933
2024-01-01 14:45:00,-9,16.889,16.889
2024-01-01 14:46:00,-9,16.845,16.845
2024-01-01 14:47:00,-9,16.801,16.801
2024-01-01 14:48:00,-9,16.755,16.755
2024-01-01 14:49:00,-9,16.708,16.708
2024-01-01 14:50:00,-9,16.661,16.661
2024-01-01 14:51:00,-9,16.613,16.613
2024-01-01 14:52:00,-9,16.564,16.564
2024-01-01 14:53:00,-9,16.514,16.514
2024-01-01 14:54:00,-9,16.463,16.463
2024-01-01 14:55:00,-9,16.412,16.412
2024-01-01 14:56:00,-9,16.360,16.360
2024-01-01 14:57:00,-9,16.307,16.307
2024-01-01 14:58:00,-9,16.253,16.253
2024-01-01 14:59:00,-9,16.198,16.198
2024-01-01 15:00:00,-9,16.143,16.143
2024-01-01 15:01:00,-9,16.087,16.087
2024-01-01 15:02:00,-9,16.030,16.030
2024-01-01 15:03:00,-9,15.973,15.973
2024-01-01 15:04:00,-9,15.915,15.915
2024-01-01 15:05:00,-9,15.856,15.856
2024-01-01 15:06:00,-9,15.797,15.797
2024-01-01 15:07:00,-9,15.737,15.737
2024-01-01 15:08:00,-9,15.676,15.676
2024-01-01 15:09:00,-9,15.614,15.614
2024-01-01 15:10:00,-9,15.552,15.552
2024-01-01 15:11:00,-9,15.489,15.489
2024-01-01 15:12:00,-9,15.426,15.426
2024-01-01 15:13:00,-9,15.362,15.362
2024-01-01 15:14:00,-9,15.297,15.297
2024-01-01 15:15:00,-9,15.232,15.232
2024-01-01 15:16:00,-9,15.166,15.166
2024-01-01 15:17:00,-9,15.100,15.100
2024-01-01 15:18:00,-9,15.032,15.032
2024-01-01 15:19:00,-9,14.965,14.965
2024-01-01 15:20:00,-9,14.897,14.897
2024-01-01 15:21:00,-9,14.828,14.828
2024-01-01 15:22:00,-9,14.759,14.759
2024-01-01 15:23:00,-9,14.689,14.689
2024-01-01 15:24:00,-9,14.619,14.619
2024-01-01 15:25:00,-9,14.548,14.548
2024-01-01 15:26:00,-9,14.477,14.477
2024-01-01 15:27:00,-9,14.405,14.405
2024-01-01 15:28:00,-9,14.333,14.333
2024-01-01 15:29:00,-9,14.261,14.261
2024-01-01 15:30:00,-9,14.188,14.188
2024-01-01 15:31:00,-9,14.114,14.114
2024-01-01 15:32:00,-9,14.040,14.040
2024-01-01 15:33:00,-9,13.966,13.966
2024-01-01 15:34:00,-9,13.891,13.891
2024-01-01 15:35:00,-9,13.816,13.816
2024-01-01 15:36:00,-9,13.740,13.740
2024-01-01 15:37:00,-9,13.664,13.664
2024-01-01 15:38:00,-9,13.588,13.588
2024-01-01 15:39:00,-9,13.512,13.512
2024-01-01 15:40:00,-9,13.435,13.435
2024-01-01 15:41:00,-9,13.357,13.357
2024-01-01 15:42:00,-9,13.280,13.280
2024-01-01 15:43:00,-9,13.202,13.202
2024-01-01 15:44:00,-9,13.124,13.124
2024-01-01 15:45:00,-9,13.045,13.045
2024-01-01 15:46:00,-9,12.967,12.967
2024-01-01 15:47:00,-9,12.888,12.888
2024-01-01 15:48:00,-9,12.808,12.808
2024-01-01 15:49:00,-9,12.729,12.729
2024-01-01 15:50:00,-9,12.649,12.649
2024-01-01 15:51:00,-9,12.569,12.569
2024-01-01 15:52:00,-9,12.489,12.489
2024-01-01 15:53:00,-9,12.408,12.408
2024-01-01 15:54:00,-9,12.328,12.328
2024-01-01 15:55:00,-9,12.247,12.247
2024-01-01 15:56:00,-9,12.166,12.166
2024-01-01 15:57:00,-9,12.085,12.085
2024-01-01 15:58:00,-9,12.004,12.004
2024-01-01 15:59:00,-9,11.923,11.923
2024-01-01 16:00:00,0.000,11.841,11.841
2024-01-01 16:01:00,0.000,11.760,11.760
2024-01-01 16:02:00,0.000,11.678,11.678
2024-01-01 16:03:00,0.000,11.596,11.596
2024-01-01 16:04:00,0.000,11.514,11.514
2024-01-01 16:05:00,0.000,11.432,11.432
2024-01-01 16:06:00,0.000,11.350,11.350
2024-01-01 16:07:00,0.000,11.268,11.268
2024-01-01 16:08:00,0.000,11.186,11.186
2024-01-01 16:09:00,0.000,11.104,11.104
2024-01-01 16:10:00,0.000,11.021,11.021
2024-01-01 16:11:00,0.000,10.939,10.939
2024-01-01 16:12:00,0.000,10.857,10.857
2024-01-01 16:13:00,0.000,10.775,10.775
2024-01-01 16:14:00,0.000,10.692,10.692
2024-01-01 16:15:00,0.000,10.610,10.610
2024-01-01 16:16:00,0.000,10.528,10.528
2024-01-01 16:17:00,0.000,10.446,10.446
2024-01-01 16:18:00,0.000,10.364,10.364
2024-01-01 16:19:00,0.000,10.282,10.282
2024-01-01 16:20:00,0.000,10.200,10.200
2024-01-01 16:21:00,0.000,10.118,10.118
2024-01-01 16:22:00,0.000,10.036,10.036
2024-01-01 16:23:00,0.000,9.954,9.954
2024-01-01 16:24:00,0.000,9.873,9.873
2024-01-01 16:25:00,0.000,9.791,9.791
2024-01-01 16:26:00,0.000,9.710,9.710
2024-01-01 16:27:00,0.000,9.628,9.628
2024-01-01 16:28:00,0.000,9.547,9.547
2024-01-01 16:29:00,0.000,9.466,9.466
2024-01-01 16:30:00,0.000,9.385,9.385
2024-01-01 16:31:00,0.000,9.305,9.305
2024-01-01 16:32:00,0.000,9.224,9.224
2024-01-01 16:33:00,0.000,9.144,9.144
2024-01-01 16:34:00,0.000,9.063,9.063
2024-01-01 16:35:00,0.000,8.983,8.983
2024-01-01 16:36:00,0.000,8.904,8.904
2024-01-01 16:37:00,0.000,8.824,8.824
2024-01-01 16:38:00,0.000,8.745,8.745
2024-01-01 16:39:00,0.000,8.665,8.665
2024-01-01 16:40:00,0.000,8.586,8.586
2024-01-01 16:41:00,0.000,8.508,8.508
2024-01-01 16:42:00,0.000,8.429,8.429
2024-01-01 16:43:00,0.000,8.351,8.351
2024-01-01 16:44:00,0.000,8.273,8.273
2024-01-01 16:45:00,0.000,8.195,8.195
2024-01-01 16:46:00,0.000,8.118,8.118
2024-01-01 16:47:00,0.000,8.041,8.041
2024-01-01 16:48:00,0.000,7.964,7.964
2024-01-01 16:49:00,0.000,7.887,7.887
2024-01-01 16:50:00,0.000,7.811,7.811
2024-01-01 16:51:00,0.000,7.735,7.735
2024-01-01 16:52:00,0.000,7.659,7.659
2024-01-01 16:53:00,0.000,7.583,7.583
2024-01-01 16:54:00,0.000,7.508,7.508
2024-01-01 16:55:00,0.000,7.433,7.433
2024-01-01 16:56:00,0.000,7.359,7.359
2024-01-01 16:57:00,0.000,7.285,7.285
2024-01-01 16:58:00,0.000,7.211,7.211
2024-01-01 16:59:00,0.000,7.137,7.137
2024-01-01 17:00:00,0.000,7.064,7.064
2024-01-01 17:01:00,0.000,6.991,6.991
2024-01-01 17:02:00,0.000,6.919,6.919
2024-01-01 17:03:00,0.000,6.847,6.847
2024-01-01 17:04:00,0.000,6.775,6.775
2024-01-01 17:05:00,0.000,6.704,6.704
2024-01-01 17:06:00,0.000,6.633,6.633
2024-01-01 17:07:00,0.000,6.562,6.562
2024-01-01 17:08:00,0.000,6.492,6.492
2024-01-01 17:09:00,0.000,6.422,6.422
2024-01-01 17:10:00,0.000,6.353,6.353
2024-01-01 17:11:00,0.000,6.284,6.284
2024-01-01 17:12:00,0.000,6.215,6.215
2024-01-01 17:13:00,0.000,6.147,6.147
2024-01-01 17:14:00,0.000,6.079,6.079
2024-01-01 17:15:00,0.000,6.011,6.011
2024-01-01 17:16:00,0.000,5.944,5.944
2024-01-01 17:17:00,0.000,5.878,5.878
2024-01-01 17:18:00,0.000,5.811,5.811
2024-01-01 17:19:00,0.000,5.745,5.745
2024-01-01 17:20:00,0.000,5.680,5.680
2024-01-01 17:21:00,0.000,5.615,5.615
2024-01-01 17:22:00,0.000,5.550,5.550
2024-01-01 17:23:00,0.000,5.486,5.486
2024-01-01 17:24:00,0.000,5.423,5.423
2024-01-01 17:25:00,0.000,5.359,5.359
2024-01-01 17:26:00,0.000,5.297,5.297
2024-01-01 17:27:00,0.000,5.234,5.234
2024-01-01 17:28:00,0.000,5.172,5.172
2024-01-01 17:29:00,0.000,5.111,5.111
2024-01-01 17:30:00,0.000,5.050,5.050
2024-01-01 17:31:00,0.000,4.989,4.989
2024-01-01 17:32:00,0.000,4.929,4.929
2024-01-01 17:33:00,0.000,4.869,4.869
2024-01-01 17:34:00,0.000,4.810,4.810
2024-01-01 17:35:00,0.000,4.751,4.751
2024-01-01 17:36:00,0.000,4.692,4.692
2024-01-01 17:37:00,0.000,4.635,4.635
2024-01-01 17:38:00,0.000,4.577,4.577
2024-01-01 17:39:00,0.000,4.520,4.520
2024-01-01 17:40:00,0.000,4.463,4.463
2024-01-01 17:41:00,0.000,4.407,4.407
2024-01-01 17:42:00,0.000,4.352,4.352
2024-01-01 17:43:00,0.000,4.296,4.296
2024-01-01 17:44:00,0.000,4.242,4.242
2024-01-01 17:45:00,0.000,4.187,4.187
2024-01-01 17:46:00,0.000,4.133,4.133
2024-01-01 17:47:00,0.000,4.080,4.080
2024-01-01 17:48:00,0.000,4.027,4.027
2024-01-01 17:49:00,0.000,3.975,3.975
2024-01-01 17:50:00,0.000,3.923,3.923
2024-01-01 17:51:00,0.000,3.871,3.871
2024-01-01 17:52:00,0.000,3.820,3.820
2024-01-01 17:53:00,0.000,3.769,3.769
2024-01-01 17:54:00,0.000,3.719,3.719
2024-01-01 17:55:00,0.000,3.670,3.670
2024-01-01 17:56:00,0.000,3.620,3.620
2024-01-01 17:57:00,0.000,3.571,3.571
2024-01-01 17:58:00,0.000,3.523,3.523
2024-01-01 17:59:00,0.000,3.475,3.475
2024-01-01 18:00:00,0.000,3.428,3.428
2024-01-01 18:01:00,0.000,3.381,3.381
2024-01-01 18:02:00,0.000,3.334,3.334
2024-01-01 18:03:00,0.000,3.288,3.288
2024-01-01 18:04:00,0.000,3.243,3.243
2024-01-01 18:05:00,0.000,3.197,3.197
2024-01-01 18:06:00,0.000,3.153,3.153
2024-01-01 18:07:00,0.000,3.108,3.108
2024-01-01 18:08:00,0.000,3.064,3.064
2024-01-01 18:09:00,0.000,3.021,3.021
2024-01-01 18:10:00,0.000,2.978,2.978
2024-01-01 18:11:00,0.000,2.936,2.936
2024-01-01 18:12:00,0.000,2.894,2.894
2024-01-01 18:13:00,0.000,2.852,2.852
2024-01-01 18:14:00,0.000,2.811,2.811
2024-01-01 18:15:00,0.000,2.770,2.770
2024-01-01 18:16:00,0.000,2.730,2.730
2024-01-01 18:17:00,0.000,2.690,2.690
2024-01-01 18:18:00,0.000,2.650,2.650
2024-01-01 18:19:00,0.000,2.611,2.611
2024-01-01 18:20:00,0.000,2.573,2.573
2024-01-01 18:21:00,0.000,2.535,2.535
2024-01-01 18:22:00,0.000,2.497,2.497
2024-01-01 18:23:00,0.000,2.459,2.459
2024-01-01 18:24:00,0.000,2.423,2.423
2024-01-01 18:25:00,0.000,2.386,2.386
2024-01-01 18:26:00,0.000,2.350,2.350
2024-01-01 18:27:00,0.000,2.314,2.314
2024-01-01 18:28:00,0.000,2.279,2.279
2024-01-01 18:29:00,0.000,2.244,2.244
2024-01-01 18:30:00,0.000,2.210,2.210
2024-01-01 18:31:00,0.000,2.176,2.176
2024-01-01 18:32:00,0.000,2.142,2.142
2024-01-01 18:33:00,0.000,2.109,2.109
2024-01-01 18:34:00,0.000,2.076,2.076
2024-01-01 18:35:00,0.000,2.043,2.043
2024-01-01 18:36:00,0.000,2.011,2.011
2024-01-01 18:37:00,0.000,1.980,1.980
2024-01-01 18:38:00,0.000,1.948,1.948
2024-01-01 18:39:00,0.000,1.918,1.918
2024-01-01 18:40:00,0.000,1.887,1.887
2024-01-01 18:41:00,0.000,1.857,1.857
2024-01-01 18:42:00,0.000,1.827,1.827
2024-01-01 18:43:00,0.000,1.798,1.798
2024-01-01 18:44:00,0.000,1.769,1.769
2024-01-01 18:45:00,0.000,1.740,1.740
2024-01-01 18:46:00,0.000,1.712,1.712
2024-01-01 18:47:00,0.000,1.684,1.684
2024-01-01 18:48:00,0.000,1.656,1.656
2024-01-01 18:49:00,0.000,1.629,1.629
2024-01-01 18:50:00,0.000,1.602,1.602
2024-01-01 18:51:00,0.000,1.576,1.576
2024-01-01 18:52:00,0.000,1.550,1.550
2024-01-01 18:53:00,0.000,1.524,1.524
2024-01-01 18:54:00,0.000,1.498,1.498
2024-01-01 18:55:00,0.000,1.473,1.473
2024-01-01 18:56:00,0.000,1.449,1.449
2024-01-01 18:57:00,0.000,1.424,1.424
2024-01-01 18:58:00,0.000,1.400,1.400
2024-01-01 18:59:00,0.000,1.376,1.376
2024-01-01 19:00:00,0.000,1.353,1.353
2024-01-01 19:01:00,0.000,1.330,1.330
2024-01-01 19:02:00,0.000,1.307,1.307
2024-01-01 19:03:00,0.000,1.284,1.284
2024-01-01 19:04:00,0.000,1.262,1.262
2024-01-01 19:05:00,0.000,1.240,1.240
2024-01-01 19:06:00,0.000,1.219,1.219
2024-01-01 19:07:00,0.000,1.197,1.197
2024-01-01 19:08:00,0.000,1.177,1.177
2024-01-01 19:09:00,0.000,1.156,1.156
2024-01-01 19:10:00,0.000,1.136,1.136
2024-01-01 19:11:00,0.000,1.115,1.115
2024-01-01 19:12:00,0.000,1.096,1.096
2024-01-01 19:13:00,0.000,1.076,1.076
2024-01-01 19:14:00,0.000,1.057,1.057
2024-01-01 19:15:00,0.000,1.038,1.038
2024-01-01 19:16:00,0.000,1.020,1.020
2024-01-01 19:17:00,0.000,1.001,1.001
2024-01-01 19:18:00,0.000,0.983,0.983
2024-01-01 19:19:00,0.000,0.965,0.965
2024-01-01 19:20:00,0.000,0.948,0.948
2024-01-01 19:21:00,0.000,0.930,0.930
2024-01-01 19:22:00,0.000,0.913,0.913
2024-01-01 19:23:00,0.000,0.897,0.897
2024-01-01 19:24:00,0.000,0.880,0.880
2024-01-01 19:25:00,0.000,0.864,0.864
2024-01-01 19:26:00,0.000,0.848,0.848
2024-01-01 19:27:00,0.000,0.832,0.832
2024-01-01 19:28:00,0.000,0.817,0.817
2024-01-01 19:29:00,0.000,0.801,0.801
2024-01-01 19:30:00,0.000,0.786,0.786
2024-01-01 19:31:00,0.000,0.772,0.772
2024-01-01 19:32:00,0.000,0.757,0.757
2024-01-01 19:33:00,0.000,0.743,0.743
2024-01-01 19:34:00,0.000,0.729,0.729
2024-01-01 19:35:00,0.000,0.715,0.715
2024-01-01 19:36:00,0.000,0.701,0.701
2024-01-01 19:37:00,0.000,0.688,0.688
2024-01-01 19:38:00,0.000,0.675,0.675
2024-01-01 19:39:00,0.000,0.662,0.662
2024-01-01 19:40:00,0.000,0.649,0.649
2024-01-01 19:41:00,0.000,0.636,0.636
2024-01-01 19:42:00,0.000,0.624,0.624
2024-01-01 19:43:00,0.000,0.612,0.612
2024-01-01 19:44:00,0.000,0.600,0.600
2024-01-01 19:45:00,0.000,0.588,0.588
2024-01-01 19:46:00,0.000,0.577,0.577
2024-01-01 19:47:00,0.000,0.565,0.565
2024-01-01 19:48:00,0.000,0.554,0.554
2024-01-01 19:49:00,0.000,0.543,0.543
2024-01-01 19:50:00,0.000,0.532,0.532
2024-01-01 19:51:00,0.000,0.522,0.522
2024-01-01 19:52:00,0.000,0.511,0.511
2024-01-01 19:53:00,0.000,0.501,0.501
2024-01-01 19:54:00,0.000,0.491,0.491
2024-01-01 19:55:00,0.000,0.481,0.481
2024-01-01 19:56:00,0.000,0.471,0.471
2024-01-01 19:57:00,0.000,0.462,0.462
2024-01-01 19:58:00,0.000,0.452,0.452
2024-01-01 19:59:00,0.000,0.443,0.443
2024-01-01 20:00:00,0.000,0.434,0.434
2024-01-01 20:01:00,0.000,0.425,0.425
2024-01-01 20:02:00,0.000,0.417,0.417
2024-01-01 20:03:00,0.000,0.408,0.408
2024-01-01 20:04:00,0.000,0.400,0.400
2024-01-01 20:05:00,0.000,0.391,0.391
2024-01-01 20:06:00,0.000,0.383,0.383
2024-01-01 20:07:00,0.000,0.375,0.375
2024-01-01 20:08:00,0.000,0.367,0.367
2024-01-01 20:09:00,0.000,0.360,0.360
2024-01-01 20:10:00,0.000,0.352,0.352
2024-01-01 20:11:00,0.000,0.345,0.345
2024-01-01 20:12:00,0.000,0.337,0.337
2024-01-01 20:13:00,0.000,0.330,0.330
2024-01-01 20:14:00,0.000,0.323,0.323
2024-01-01 20:15:00,0.000,0.316,0.316
2024-01-01 20:16:00,0.000,0.310,0.310
2024-01-01 20:17:00,0.000,0.303,0.303
2024-01-01 20:18:00,0.000,0.297,0.297
2024-01-01 20:19:00,0.000,0.290,0.290
2024-01-01 20:20:00,0.000,0.284,0.284
2024-01-01 20:21:00,0.000,0.278,0.278
2024-01-01 20:22:00,0.000,0.272,0.272
2024-01-01 20:23:00,0.000,0.266,0.266
2024-01-01 20:24:00,0.000,0.260,0.260
2024-01-01 20:25:00,0.000,0.254,0.254
2024-01-01 20:26:00,0.000,0.249,0.249
2024-01-01 20:27:00,0.000,0.243,0.243
2024-01-01 20:28:00,0.000,0.238,0.238
2024-01-01 20:29:00,0.000,0.233,0.233
2024-01-01 20:30:00,0.000,0.228,0.228
2024-01-01 20:31:00,0.000,0.223,0.223
2024-01-01 20:32:00,0.000,0.218,0.218
2024-01-01 20:33:00,0.000,0.213,0.213
2024-01-01 20:34:00,0.000,0.208,0.208
2024-01-01 20:35:00,0.000,0.203,0.203
2024-01-01 20:36:00,0.000,0.199,0.199
2024-01-01 20:37:00,0.000,0.194,0.194
2024-01-01 20:38:00,0.000,0.190,0.190
2024-01-01 20:39:00,0.000,0.186,0.186
2024-01-01 20:40:00,0.000,0.181,0.181
2024-01-01 20:41:00,0.000,0.177,0.177
2024-01-01 20:42:00,0.000,0.173,0.173
2024-01-01 20:43:00,0.000,0.169,0.169
2024-01-01 20:44:00,0.000,0.165,0.165
2024-01-01 20:45:00,0.000,0.162,0.162
2024-01-01 20:46:00,0.000,0.158,0.158
2024-01-01 20:47:00,0.000,0.154,0.154
2024-01-01 20:48:00,0.000,0.151,0.151
2024-01-01 20:49:00,0.000,0.147,0.147
2024-01-01 20:50:00,0.000,0.144,0.144
2024-01-01 20:51:00,0.000,0.140,0.140
2024-01-01 20:52:00,0.000,0.137,0.137
2024-01-01 20:53:00,0.000,0.134,0.134
2024-01-01 20:54:00,0.000,0.131,0.131
2024-01-01 20:55:00,0.000,0.128,0.128
2024-01-01 20:56:00,0.000,0.125,0.125
2024-01-01 20:57:00,0.000,0.122,0.122
2024-01-01 20:58:00,0.000,0.119,0.119
2024-01-01 20:59:00,0.000,0.116,0.116
2024-01-01 21:00:00,0.000,0.113,0.113
2024-01-01 21:01:00,0.000,0.111,0.111
2024-01-01 21:02:00,0.000,0.108,0.108
2024-01-01 21:03:00,0.000,0.105,0.105
2024-01-01 21:04:00,0.000,0.103,0.103
2024-01-01 21:05:00,0.000,0.100,0.100
2024-01-01 21:06:00,0.000,0.098,0.098
2024-01-01 21:07:00,0.000,0.096,0.096
2024-01-01 21:08:00,0.000,0.093,0.093
2024-01-01 21:09:00,0.000,0.091,0.091
2024-01-01 21:10:00,0.000,0.089,0.089
2024-01-01 21:11:00,0.000,0.087,0.087
2024-01-01 21:12:00,0.000,0.085,0.085
2024-01-01 21:13:00,0.000,0.082,0.082
2024-01-01 21:14:00,0.000,0.080,0.080
2024-01-01 21:15:00,0.000,0.078,0.078
2024-01-01 21:16:00,0.000,0.077,0.077
2024-01-01 21:17:00,0.000,0.075,0.075
2024-01-01 21:18:00,0.000,0.073,0.073
2024-01-01 21:19:00,0.000,0.071,0.071
2024-01-01 21:20:00,0.000,0.069,0.069
2024-01-01 21:21:00,0.000,0.067,0.067
2024-01-01 21:22:00,0.000,0.066,0.066
2024-01-01 21:23:00,0.000,0.064,0.064
2024-01-01 21:24:00,0.000,0.063,0.063
2024-01-01 21:25:00,0.000,0.061,0.061
2024-01-01 21:26:00,0.000,0.059,0.059
2024-01-01 21:27:00,0.000,0.058,0.058
2024-01-01 21:28:00,0.000,0.056,0.056
2024-01-01 21:29:00,0.000,0.055,0.055
2024-01-01 21:30:00,0.000,0.054,0.054
2024-01-01 21:31:00,0.000,0.052,0.052
2024-01-01 21:32:00,0.000,0.051,0.051
2024-01-01 21:33:00,0.000,0.050,0.050
2024-01-01 21:34:00,0.000,0.048,0.048
2024-01-01 21:35:00,0.000,0.047,0.047
2024-01-01 21:36:00,0.000,0.046,0.046
2024-01-01 21:37:00,0.000,0.045,0.045
2024-01-01 21:38:00,0.000,0.044,0.044
2024-01-01 21:39:00,0.000,0.042,0.042
2024-01-01 21:40:00,0.000,0.041,0.041
2024-01-01 21:41:00,0.000,0.040,0.040
2024-01-01 21:42:00,0.000,0.039,0.039
2024-01-01 21:43:00,0.000,0.038,0.038
2024-01-01 21:44:00,0.000,0.037,0.037
2024-01-01 21:45:00,0.000,0.036,0.036
2024-01-01 21:46:00,0.000,0.035,0.035
2024-01-01 21:47:00,0.000,0.034,0.034
2024-01-01 21:48:00,0.000,0.033,0.033
2024-01-01 21:49:00,0.000,0.032,0.032
2024-01-01 21:50:00,0.000,0.032,0.032
2024-01-01 21:51:00,0.000,0.031,0.031
2024-01-01 21:52:00,0.000,0.030,0.030
2024-01-01 21:53:00,0.000,0.029,0.029
2024-01-01 21:54:00,0.000,0.028,0.028
2024-01-01 21:55:00,0.000,0.028,0.028
2024-01-01 21:56:00,0.000,0.027,0.027
2024-01-01 21:57:00,0.000,0.026,0.026
2024-01-01 21:58:00,0.000,0.025,0.025
2024-01-01 21:59:00,0.000,0.025,0.025
2024-01-01 22:00:00,0.000,0.024,0.024
2024-01-01 22:01:00,0.000,0.023,0.023
2024-01-01 22:02:00,0.000,0.023,0.023
2024-01-01 22:03:00,0.000,0.022,0.022
2024-01-01 22:04:00,0.000,0.022,0.022
2024-01-01 22:05:00,0.000,0.021,0.021
2024-01-01 22:06:00,0.000,0.020,0.020
2024-01-01 22:07:00,0.000,0.020,0.020
2024-01-01 22:08:00,0.000,0.019,0.019
2024-01-01 22:09:00,0.000,0.019,0.019
2024-01-01 22:10:00,0.000,0.018,0.018
2024-01-01 22:11:00,0.000,0.018,0.018
2024-01-01 22:12:00,0.000,0.017,0.017
2024-01-01 22:13:00,0.000,0.017,0.017
2024-01-01 22:14:00,0.000,0.016,0.016
2024-01-01 22:15:00,0.000,0.016,0.016
2024-01-01 22:16:00,0.000,0.015,0.015
2024-01-01 22:17:00,0.000,0.015,0.015
2024-01-01 22:18:00,0.000,0.015,0.015
2024-01-01 22:19:00,0.000,0.014,0.014
2024-01-01 22:20:00,0.000,0.014,0.014
2024-01-01 22:21:00,0.000,0.013,0.013
2024-01-01 22:22:00,0.000,0.013,0.013
2024-01-01 22:23:00,0.000,0.013,0.013
2024-01-01 22:24:00,0.000,0.012,0.012
2024-01-01 22:25:00,0.000,0.012,0.012
2024-01-01 22:26:00,0.000,0.012,0.012
2024-01-01 22:27:00,0.000,0.011,0.011
2024-01-01 22:28:00,0.000,0.011,0.011
2024-01-01 22:29:00,0.000,0.011,0.011
2024-01-01 22:30:00,0.000,0.010,0.010
2024-01-01 22:31:00,0.000,0.010,0.010
2024-01-01 22:32:00,0.000,0.010,0.010
2024-01-01 22:33:00,0.000,0.009,0.009
2024-01-01 22:34:00,0.000,0.009,0.009
2024-01-01 22:35:00,0.000,0.009,0.009
2024-01-01 22:36:00,0.000,0.009,0.009
2024-01-01 22:37:00,0.000,0.008,0.008
2024-01-01 22:38:00,0.000,0.008,0.008
2024-01-01 22:39:00,0.000,0.008,0.008
2024-01-01 22:40:00,0.000,0.008,0.008
2024-01-01 22:41:00,0.000,0.007,0.007
2024-01-01 22:42:00,0.000,0.007,0.007
2024-01-01 22:43:00,0.000,0.007,0.007
2024-01-01 22:44:00,0.000,0.007,0.007
2024-01-01 22:45:00,0.000,0.007,0.007
2024-01-01 22:46:00,0.000,0.006,0.006
2024-01-01 22:47:00,0.000,0.006,0.006
2024-01-01 22:48:00,0.000,0.006,0.006
2024-01-01 22:49:00,0.000,0.006,0.006
2024-01-01 22:50:00,0.000,0.006,0.006
2024-01-01 22:51:00,0.000,0.005,0.005
2024-01-01 22:52:00,0.000,0.005,0.005
2024-01-01 22:53:00,0.000,0.005,0.005
2024-01-01 22:54:00,0.000,0.005,0.005
2024-01-01 22:55:00,0.000,0.005,0.005
2024-01-01 22:56:00,0.000,0.005,0.005
2024-01-01 22:57:00,0.000,0.005,0.005
2024-01-01 22:58:00,0.000,0.004,0.004
2024-01-01 22:59:00,0.000,0.004,0.004
2024-01-01 23:00:00,0.000,0.004,0.004
2024-01-01 23:01:00,0.000,0.004,0.004
2024-01-01 23:02:00,0.000,0.004,0.004
2024-01-01 23:03:00,0.000,0.004,0.004
2024-01-01 23:04:00,0.000,0.004,0.004
2024-01-01 23:05:00,0.000,0.004,0.004
2024-01-01 23:06:00,0.000,0.003,0.003
2024-01-01 23:07:00,0.000,0.003,0.003
2024-01-01 23:08:00,0.000,0.003,0.003
2024-01-01 23:09:00,0.000,0.003,0.003
2024-01-01 23:10:00,0.000,0.003,0.003
2024-01-01 23:11:00,0.000,0.003,0.003
2024-01-01 23:12:00,0.000,0.003,0.003
2024-01-01 23:13:00,0.000,0.003,0.003
2024-01-01 23:14:00,0.000,0.003,0.003
2024-01-01 23:15:00,0.000,0.003,0.003
2024-01-01 23:16:00,0.000,0.003,0.003
2024-01-01 23:17:00,0.000,0.002,0.002
2024-01-01 23:18:00,0.000,0.002,0.002
2024-01-01 23:19:00,0.000,0.002,0.002
2024-01-01 23:20:00,0.000,0.002,0.002
2024-01-01 23:21:00,0.000,0.002,0.002
2024-01-01 23:22:00,0.000,0.002,0.002
2024-01-01 23:23:00,0.000,0.002,0.002
2024-01-01 23:24:00,0.000,0.002,0.002
2024-01-01 23:25:00,0.000,0.002,0.002
2024-01-01 23:26:00,0.000,0.002,0.002
2024-01-01 23:27:00,0.000,0.002,0.002
2024-01-01 23:28:00,0.000,0.002,0.002
2024-01-01 23:29:00,0.000,0.002,0.002
2024-01-01 23:30:00,0.000,0.002,0.002
2024-01-01 23:31:00,0.000,0.002,0.002
2024-01-01 23:32:00,0.000,0.001,0.001
2024-01-01 23:33:00,0.000,0.001,0.001
2024-01-01 23:34:00,0.000,0.001,0.001
2024-01-01 23:35:00,0.000,0.001,0.001
2024-01-01 23:36:00,0.000,0.001,0.001
2024-01-01 23:37:00,0.000,0.001,0.001
2024-01-01 23:38:00,0.000,0.001,0.001
2024-01-01 23:39:00,0.000,0.001,0.001
2024-01-01 23:40:00,0.000,0.001,0.001
2024-01-01 23:41:00,0.000,0.001,0.001
2024-01-01 23:42:00,0.000,0.001,0.001
2024-01-01 23:43:00,0.000,0.001,0.001
2024-01-01 23:44:00,0.000,0.001,0.001
2024-01-01 23:45:00,0.000,0.001,0.001
2024-01-01 23:46:00,0.000,0.001,0.001
2024-01-01 23:47:00,0.000,0.001,0.001
2024-01-01 23:48:00,0.000,0.001,0.001
2024-01-01 23:49:00,0.000,0.001,0.001
2024-01-01 23:50:00,0.000,0.001,0.001
2024-01-01 23:51:00,0.000,0.001,0.001
2024-01-01 23:52:00,0.000,0.001,0.001
2024-01-01 23:53:00,0.000,0.001,0.001
2024-01-01 23:54:00,0.000,0.001,0.001
2024-01-01 23:55:00,0.000,0.001,0.001
2024-01-01 23:56:00,0.000,0.001,0.001
2024-01-01 23:57:00,0.000,0.001,0.001
2024-01-01 23:58:00,0.000,0.001,0.001
2024-01-01 23:59:00,0.000,0.001,0.001
