timestamp,CAL-NCH,CAL-SAL,JAM-LAS,LAS-CAL,NCH-CHU,SAL-CHU,VLV-CAL
2024-01-01 00:00:00,11.830,9.917,0.137,-0.140,11.090,6.314,9.606
2024-01-01 00:01:00,8.791,9.844,0.976,-2.246,8.591,11.042,10.794
2024-01-01 00:02:00,9.825,11.455,-1.612,1.919,7.744,9.719,7.390
2024-01-01 00:03:00,6.712,8.653,1.534,0.241,13.790,8.669,8.626
2024-01-01 00:04:00,8.532,11.588,-0.611,1.917,9.802,12.966,8.064
2024-01-01 00:05:00,11.392,12.452,0.243,0.809,10.253,11.248,7.178
2024-01-01 00:06:00,8.557,10.574,0.758,0.196,9.540,8.851,8.476
2024-01-01 00:07:00,9.915,12.589,1.065,0.223,10.114,10.130,6.190
2024-01-01 00:08:00,10.729,11.220,1.634,4.159,11.215,10.766,9.308
2024-01-01 00:09:00,8.504,9.603,-0.739,-1.001,13.390,7.702,7.837
2024-01-01 00:10:00,11.831,8.787,0.930,0.194,8.129,12.938,9.427
2024-01-01 00:11:00,8.549,12.295,-0.636,-1.899,11.062,11.910,9.161
2024-01-01 00:12:00,10.501,9.705,-1.933,-0.913,11.894,5.622,8.402
2024-01-01 00:13:00,9.515,8.872,-1.192,-0.786,12.570,10.367,9.046
2024-01-01 00:14:00,11.071,10.225,0.939,-1.326,11.513,10.717,9.176
2024-01-01 00:15:00,8.968,12.929,-0.392,-2.889,12.596,11.659,11.293
2024-01-01 00:16:00,13.017,11.400,-1.238,0.370,9.660,13.666,8.591
2024-01-01 00:17:00,9.211,8.693,-1.630,-1.338,13.699,11.339,10.212
2024-01-01 00:18:00,8.638,9.605,2.055,0.235,7.212,12.150,7.421
2024-01-01 00:19:00,10.075,9.887,-0.568,1.345,7.707,12.418,8.199
2024-01-01 00:20:00,10.629,11.173,0.028,1.526,11.946,11.727,8.008
2024-01-01 00:21:00,11.934,7.466,0.232,-0.254,8.105,12.515,7.643
2024-01-01 00:22:00,10.563,11.199,-0.536,-0.427,8.913,13.763,7.624
2024-01-01 00:23:00,11.070,8.472,1.382,-2.213,9.564,11.234,7.798
2024-01-01 00:24:00,12.031,11.728,-1.347,0.472,13.075,9.006,8.063
2024-01-01 00:25:00,9.720,10.716,0.712,0.084,9.694,9.667,6.947
2024-01-01 00:26:00,12.171,9.252,-1.136,-0.715,7.569,7.775,7.608
2024-01-01 00:27:00,7.845,10.002,0.508,1.964,10.276,7.132,8.270
2024-01-01 00:28:00,11.427,8.078,-0.417,0.268,12.671,9.176,10.996
2024-01-01 00:29:00,9.586,11.907,-1.147,0.250,14.300,10.013,8.153
2024-01-01 00:30:00,11.663,10.068,0.158,3.811,8.008,10.881,10.698
2024-01-01 00:31:00,8.346,12.610,0.818,-2.587,10.325,11.176,7.526
2024-01-01 00:32:00,12.805,10.463,-0.457,-1.517,10.127,9.453,7.367
2024-01-01 00:33:00,10.114,9.826,0.793,-2.022,8.857,11.044,6.162
2024-01-01 00:34:00,6.881,9.299,-0.579,-0.613,11.543,11.224,6.985
2024-01-01 00:35:00,13.600,9.824,0.416,-0.055,9.837,12.017,9.400
2024-01-01 00:36:00,12.051,10.675,-1.342,-0.797,10.858,6.192,7.440
2024-01-01 00:37:00,11.832,10.836,0.085,-0.785,10.997,7.846,7.459
2024-01-01 00:38:00,9.497,8.448,0.551,0.139,5.445,9.687,11.017
2024-01-01 00:39:00,10.705,7.447,1.669,-1.485,7.646,9.449,7.517
2024-01-01 00:40:00,9.783,7.796,-0.066,-0.557,10.967,9.149,11.116
2024-01-01 00:41:00,9.701,10.030,1.433,3.797,11.049,11.504,5.896
2024-01-01 00:42:00,11.062,10.909,0.084,0.186,9.838,6.963,9.752
2024-01-01 00:43:00,11.729,10.375,0.633,0.662,11.934,7.220,8.324
2024-01-01 00:44:00,11.640,11.707,-0.404,-2.207,9.336,12.517,7.567
2024-01-01 00:45:00,9.105,9.492,0.522,1.266,6.825,12.049,8.094
2024-01-01 00:46:00,7.101,10.515,1.271,2.084,7.809,9.341,7.493
2024-01-01 00:47:00,6.004,10.145,0.535,-0.097,10.338,8.041,8.574
2024-01-01 00:48:00,11.144,12.272,0.176,-0.817,7.047,9.774,8.467
2024-01-01 00:49:00,9.796,9.016,0.579,0.051,12.171,12.952,7.959
2024-01-01 00:50:00,10.212,8.748,-1.790,-0.661,10.788,12.021,6.048
2024-01-01 00:51:00,12.989,11.785,0.878,0.827,10.205,9.129,9.918
2024-01-01 00:52:00,11.315,8.870,-1.349,-2.070,9.271,11.060,8.143
2024-01-01 00:53:00,9.535,7.645,0.764,-1.431,11.004,9.168,9.909
2024-01-01 00:54:00,10.015,9.361,-0.350,1.637,10.798,10.986,8.230
2024-01-01 00:55:00,9.614,12.994,1.597,1.782,8.958,9.124,11.043
2024-01-01 00:56:00,8.737,10.773,-1.448,1.682,8.013,10.386,7.137
2024-01-01 00:57:00,12.906,9.638,-0.742,-0.962,7.262,10.040,8.754
2024-01-01 00:58:00,10.087,10.985,0.775,-0.885,6.532,13.333,11.583
2024-01-01 00:59:00,9.661,11.016,-0.289,0.324,9.596,10.719,10.869
2024-01-01 01:00:00,9.897,7.621,-0.021,1.836,12.817,12.273,7.684
2024-01-01 01:01:00,10.240,9.064,-0.488,0.621,12.425,10.638,8.449
2024-01-01 01:02:00,11.853,9.910,0.486,2.113,14.047,10.914,9.209
2024-01-01 01:03:00,8.685,10.955,-0.277,-0.479,12.881,10.931,6.697
2024-01-01 01:04:00,10.096,8.213,-1.786,-0.790,14.743,10.970,8.758
2024-01-01 01:05:00,8.687,7.031,-0.223,1.736,8.652,9.942,7.688
2024-01-01 01:06:00,9.560,13.654,-0.487,2.073,11.305,9.378,8.149
2024-01-01 01:07:00,8.718,10.408,-0.056,0.292,11.397,9.291,8.378
2024-01-01 01:08:00,10.226,12.040,-0.520,0.187,10.064,12.206,8.416
2024-01-01 01:09:00,10.257,10.533,0.382,1.539,9.230,12.832,10.265
2024-01-01 01:10:00,9.363,9.592,-0.082,-2.670,12.449,13.556,5.779
2024-01-01 01:11:00,8.225,11.331,-0.819,-0.071,7.189,10.521,9.501
2024-01-01 01:12:00,10.603,9.104,-0.399,0.900,12.457,13.652,6.853
2024-01-01 01:13:00,11.058,10.580,-0.064,0.136,10.010,11.336,8.576
2024-01-01 01:14:00,11.909,9.938,0.890,1.951,8.624,8.285,8.799
2024-01-01 01:15:00,7.958,10.791,1.074,-0.608,10.168,10.599,9.658
2024-01-01 01:16:00,12.344,10.659,-0.302,-0.916,9.811,11.149,8.980
2024-01-01 01:17:00,10.637,9.141,-0.738,-0.682,9.750,7.521,9.587
2024-01-01 01:18:00,8.460,7.903,2.105,-0.342,10.057,8.329,7.339
2024-01-01 01:19:00,8.433,13.721,0.838,1.909,10.502,7.924,9.896
2024-01-01 01:20:00,11.586,10.324,0.776,-0.084,11.182,8.067,8.271
2024-01-01 01:21:00,9.200,11.654,0.059,-1.309,12.844,7.059,8.113
2024-01-01 01:22:00,8.205,8.217,0.248,-1.211,8.490,9.426,7.989
2024-01-01 01:23:00,10.087,10.628,0.083,-2.548,8.222,12.343,8.002
2024-01-01 01:24:00,9.826,11.637,0.955,-2.262,9.165,11.210,8.026
2024-01-01 01:25:00,12.409,10.576,0.027,-0.273,10.988,9.849,3.033
2024-01-01 01:26:00,12.625,7.971,1.135,-1.480,5.117,8.572,7.468
2024-01-01 01:27:00,10.613,8.477,-0.047,0.120,9.349,12.220,8.074
2024-01-01 01:28:00,9.139,11.592,0.597,0.159,11.102,9.420,10.386
2024-01-01 01:29:00,9.305,9.300,0.066,-2.194,14.243,8.007,10.979
2024-01-01 01:30:00,9.894,9.406,-0.771,-3.035,10.994,12.096,7.516
2024-01-01 01:31:00,8.699,9.560,1.676,0.438,11.991,8.030,9.251
2024-01-01 01:32:00,9.940,7.059,-0.362,-0.888,8.950,10.542,9.878
2024-01-01 01:33:00,8.971,10.869,-2.659,-0.131,8.541,14.398,9.605
2024-01-01 01:34:00,11.297,9.511,1.073,1.712,6.744,10.263,10.888
2024-01-01 01:35:00,9.573,12.347,0.283,-0.197,9.554,10.164,11.070
2024-01-01 01:36:00,10.350,11.459,0.529,0.882,10.381,9.325,6.900
2024-01-01 01:37:00,10.384,13.098,0.178,-0.618,11.944,10.637,9.146
2024-01-01 01:38:00,8.552,12.260,0.437,-2.200,10.752,10.296,8.237
2024-01-01 01:39:00,10.042,11.116,0.432,0.064,9.226,8.477,9.165
2024-01-01 01:40:00,10.446,10.757,1.156,0.351,7.932,8.557,6.030
2024-01-01 01:41:00,9.276,11.170,1.674,-0.622,12.198,7.667,8.780
2024-01-01 01:42:00,7.683,11.429,-0.639,1.616,10.407,15.053,7.725
2024-01-01 01:43:00,9.108,12.492,0.379,1.423,9.287,10.093,6.122
2024-01-01 01:44:00,6.836,12.823,1.253,0.416,11.232,13.373,11.249
2024-01-01 01:45:00,7.877,9.693,-0.408,0.584,12.825,9.444,8.075
2024-01-01 01:46:00,11.113,9.991,-0.341,-0.527,11.115,11.408,8.877
2024-01-01 01:47:00,13.722,11.353,-0.759,0.059,8.076,11.339,7.259
2024-01-01 01:48:00,9.476,10.621,1.426,-1.767,7.621,8.636,7.974
2024-01-01 01:49:00,12.162,9.988,-0.170,0.357,13.686,11.126,10.252
2024-01-01 01:50:00,10.501,11.581,-0.768,-2.766,13.162,8.296,6.904
2024-01-01 01:51:00,9.303,10.282,-0.907,0.002,12.250,14.836,6.158
2024-01-01 01:52:00,9.171,10.409,0.596,-2.297,11.699,6.149,9.306
2024-01-01 01:53:00,9.350,11.266,1.619,1.528,8.473,11.887,7.426
2024-01-01 01:54:00,8.848,9.403,-0.789,-0.387,12.560,9.140,7.572
2024-01-01 01:55:00,9.350,9.307,-2.334,2.902,9.136,10.045,7.040
2024-01-01 01:56:00,11.931,12.550,0.857,0.163,11.976,9.497,8.891
2024-01-01 01:57:00,11.606,8.825,2.306,1.143,8.964,12.071,10.065
2024-01-01 01:58:00,9.259,12.441,-0.833,1.029,11.535,11.916,7.124
2024-01-01 01:59:00,11.074,10.477,-0.060,1.140,7.014,9.429,8.421
2024-01-01 02:00:00,12.366,10.345,-1.387,-0.157,7.377,9.840,9.647
2024-01-01 02:01:00,10.809,8.798,-0.179,-0.134,13.275,11.847,7.876
2024-01-01 02:02:00,9.925,10.049,-0.911,0.764,10.860,8.492,9.581
2024-01-01 02:03:00,13.291,9.611,0.759,-0.075,11.247,9.356,7.139
2024-01-01 02:04:00,8.404,11.737,1.617,2.264,12.060,11.231,7.843
2024-01-01 02:05:00,9.567,8.580,-0.361,-1.438,9.541,9.802,9.455
2024-01-01 02:06:00,10.716,10.690,1.167,-1.398,11.657,11.118,8.675
2024-01-01 02:07:00,10.576,7.895,-2.193,0.840,8.516,10.203,10.397
2024-01-01 02:08:00,9.929,7.222,-0.871,-2.914,7.703,11.845,8.107
2024-01-01 02:09:00,11.835,11.233,-0.085,-0.966,11.350,8.801,7.035
2024-01-01 02:10:00,10.473,8.795,1.455,-0.166,9.722,8.005,7.286
2024-01-01 02:11:00,8.756,8.088,-0.679,0.617,8.607,10.235,10.185
2024-01-01 02:12:00,10.868,13.329,0.998,0.886,10.408,8.600,9.877
2024-01-01 02:13:00,8.075,11.902,-0.478,-1.033,9.440,12.058,8.489
2024-01-01 02:14:00,13.163,10.565,-0.132,-0.649,9.882,10.245,6.535
2024-01-01 02:15:00,10.010,9.347,0.506,1.269,10.400,12.014,8.320
2024-01-01 02:16:00,11.442,10.496,1.665,-1.615,7.809,11.638,7.750
2024-01-01 02:17:00,11.828,9.393,1.622,0.878,11.826,11.565,8.559
2024-01-01 02:18:00,8.533,10.646,-0.344,-0.896,10.957,7.231,9.748
2024-01-01 02:19:00,11.732,9.920,0.788,2.047,8.467,12.042,9.137
2024-01-01 02:20:00,10.823,11.203,-0.707,1.616,9.652,7.674,10.225
2024-01-01 02:21:00,10.387,11.947,-1.244,-0.710,14.064,6.820,8.661
2024-01-01 02:22:00,9.072,9.957,-0.810,0.377,9.863,12.778,7.628
2024-01-01 02:23:00,11.064,8.996,-1.334,0.048,9.540,13.397,8.603
2024-01-01 02:24:00,12.405,9.784,1.005,-0.348,10.237,12.839,8.542
2024-01-01 02:25:00,9.030,7.777,-2.186,1.342,11.264,9.582,10.115
2024-01-01 02:26:00,12.404,12.275,1.308,0.733,13.897,13.624,10.218
2024-01-01 02:27:00,8.734,8.799,0.348,-1.151,9.520,7.802,7.963
2024-01-01 02:28:00,11.331,12.647,-0.434,0.026,9.594,11.439,8.677
2024-01-01 02:29:00,10.093,8.506,1.911,-1.090,10.234,10.238,7.327
2024-01-01 02:30:00,12.720,8.832,-1.133,2.057,7.826,12.069,6.911
2024-01-01 02:31:00,12.252,11.695,-0.589,0.195,12.403,6.728,8.278
2024-01-01 02:32:00,7.312,12.139,-0.418,-0.108,10.882,6.873,4.643
2024-01-01 02:33:00,11.620,11.138,1.010,1.248,8.021,13.112,10.318
2024-01-01 02:34:00,10.211,8.792,0.422,-0.419,11.438,11.511,5.553
2024-01-01 02:35:00,10.183,9.095,-0.755,0.837,10.696,10.830,7.064
2024-01-01 02:36:00,10.740,9.883,0.107,-1.138,11.945,8.253,7.011
2024-01-01 02:37:00,9.012,11.950,0.486,1.552,9.209,11.620,8.496
2024-01-01 02:38:00,10.386,10.884,0.320,-0.657,8.394,7.630,8.428
2024-01-01 02:39:00,9.718,10.126,0.173,0.050,10.369,9.564,9.114
2024-01-01 02:40:00,9.846,12.061,-0.063,0.192,6.682,10.256,9.256
2024-01-01 02:41:00,8.130,9.516,-0.230,-0.252,9.284,12.315,8.822
2024-01-01 02:42:00,10.511,9.597,1.401,1.798,6.682,11.094,10.612
2024-01-01 02:43:00,9.048,9.079,-0.422,-1.733,10.927,9.129,8.436
2024-01-01 02:44:00,8.878,11.582,-0.516,0.637,13.272,10.684,6.386
2024-01-01 02:45:00,9.918,7.815,-0.792,0.046,12.094,7.520,5.899
2024-01-01 02:46:00,9.745,9.983,-0.218,0.477,8.218,5.823,8.955
2024-01-01 02:47:00,11.818,9.225,-1.207,-0.658,9.389,9.990,11.884
2024-01-01 02:48:00,8.015,7.395,-1.178,1.241,9.050,9.377,7.676
2024-01-01 02:49:00,9.832,11.346,0.550,1.770,11.830,7.895,7.935
2024-01-01 02:50:00,7.030,10.354,-1.175,2.462,9.331,11.225,8.020
2024-01-01 02:51:00,12.165,9.558,1.634,2.321,9.582,10.768,8.317
2024-01-01 02:52:00,8.471,9.763,-0.681,-3.510,13.467,6.934,9.445
2024-01-01 02:53:00,9.856,9.044,0.159,0.158,9.641,11.987,8.928
2024-01-01 02:54:00,7.455,8.738,0.645,-1.129,5.788,9.045,7.513
2024-01-01 02:55:00,8.723,10.344,0.524,0.744,11.861,9.985,9.982
2024-01-01 02:56:00,8.850,10.265,1.324,-0.642,10.146,8.628,9.827
2024-01-01 02:57:00,11.263,8.736,0.620,0.998,12.857,11.043,10.432
2024-01-01 02:58:00,7.507,9.675,-0.320,1.920,9.946,9.072,6.895
2024-01-01 02:59:00,11.624,10.083,-1.199,1.509,11.123,7.257,9.036
2024-01-01 03:00:00,10.284,8.821,0.973,-1.698,13.404,11.475,6.523
2024-01-01 03:01:00,8.889,8.160,0.299,1.871,7.028,5.773,7.772
2024-01-01 03:02:00,9.181,11.760,0.935,-1.345,9.086,9.957,11.294
2024-01-01 03:03:00,13.089,9.345,0.012,-2.272,9.941,8.389,9.100
2024-01-01 03:04:00,10.486,9.894,-0.064,-0.046,9.627,5.909,9.021
2024-01-01 03:05:00,11.343,11.399,-1.592,-0.495,10.714,11.706,10.246
2024-01-01 03:06:00,11.398,10.861,1.236,-0.250,9.741,9.968,6.441
2024-01-01 03:07:00,11.279,9.801,-0.378,-1.389,7.654,9.866,8.980
2024-01-01 03:08:00,11.072,7.488,1.231,-0.140,11.981,9.006,10.459
2024-01-01 03:09:00,11.578,10.070,-0.265,0.753,10.440,8.009,11.271
2024-01-01 03:10:00,9.689,12.422,-0.754,2.390,8.536,10.916,10.063
2024-01-01 03:11:00,9.984,9.124,0.180,-2.853,10.156,11.303,10.069
2024-01-01 03:12:00,10.916,9.625,-1.684,-0.005,10.068,8.731,11.161
2024-01-01 03:13:00,11.668,10.885,0.033,-0.044,11.125,12.595,9.039
2024-01-01 03:14:00,9.421,9.560,1.336,1.005,9.844,10.873,8.187
2024-01-01 03:15:00,10.803,10.192,-0.065,0.234,7.894,12.367,7.744
2024-01-01 03:16:00,11.453,9.666,0.475,-0.937,10.164,9.665,9.758
2024-01-01 03:17:00,8.275,7.096,-0.386,0.981,8.857,12.046,7.086
2024-01-01 03:18:00,8.433,11.102,0.567,2.295,8.344,8.596,10.498
2024-01-01 03:19:00,9.088,10.264,-0.782,0.090,11.530,12.894,7.810
2024-01-01 03:20:00,11.940,9.741,-0.910,0.827,9.639,12.397,8.776
2024-01-01 03:21:00,9.840,11.000,-0.309,-1.015,9.479,10.078,8.383
2024-01-01 03:22:00,12.405,10.084,0.007,-0.548,8.410,11.288,6.803
2024-01-01 03:23:00,9.170,7.228,0.156,-0.749,11.679,13.005,11.496
2024-01-01 03:24:00,12.561,10.665,1.204,-0.455,8.632,12.784,7.964
2024-01-01 03:25:00,11.160,9.928,-1.240,-0.484,6.066,13.251,6.336
2024-01-01 03:26:00,10.341,7.476,0.064,1.089,8.046,9.562,9.386
2024-01-01 03:27:00,10.502,11.434,-0.891,0.594,8.154,9.791,9.128
2024-01-01 03:28:00,10.577,8.658,0.567,1.594,11.144,9.845,7.313
2024-01-01 03:29:00,10.934,9.372,-0.164,0.142,7.797,11.569,9.375
2024-01-01 03:30:00,12.178,9.080,-0.910,0.746,12.070,11.042,9.489
2024-01-01 03:31:00,6.955,10.539,-1.623,0.798,10.542,9.086,11.066
2024-01-01 03:32:00,9.970,8.978,0.584,-2.593,11.786,10.369,9.816
2024-01-01 03:33:00,11.419,10.788,-0.873,0.752,13.501,7.047,9.343
2024-01-01 03:34:00,11.600,7.869,0.486,-2.200,10.916,13.691,5.974
2024-01-01 03:35:00,10.443,11.982,-2.257,0.541,7.558,3.987,5.121
2024-01-01 03:36:00,10.057,10.533,-0.114,-1.038,8.371,6.448,11.559
2024-01-01 03:37:00,10.273,11.521,0.558,-0.875,7.891,11.608,9.676
2024-01-01 03:38:00,10.526,9.161,0.929,0.369,8.207,10.647,11.042
2024-01-01 03:39:00,11.126,10.422,1.761,2.327,11.608,10.296,8.822
2024-01-01 03:40:00,11.508,11.848,-0.060,-3.537,13.623,10.347,11.328
2024-01-01 03:41:00,8.954,11.063,-0.059,-1.398,10.524,8.898,7.465
2024-01-01 03:42:00,9.238,8.107,-0.082,1.998,14.720,8.517,6.299
2024-01-01 03:43:00,10.544,9.161,0.067,-3.702,6.859,8.319,8.064
2024-01-01 03:44:00,9.064,11.015,0.809,-0.993,10.813,9.244,7.036
2024-01-01 03:45:00,10.322,9.472,1.279,0.860,9.225,9.189,6.920
2024-01-01 03:46:00,7.896,8.660,-1.853,1.379,11.875,10.795,7.597
2024-01-01 03:47:00,14.199,7.378,-0.869,0.695,11.172,9.320,6.053
2024-01-01 03:48:00,11.001,8.642,-0.743,3.311,11.921,8.006,7.560
2024-01-01 03:49:00,12.012,9.210,0.811,1.340,13.374,11.232,10.289
2024-01-01 03:50:00,11.040,9.850,-1.133,-0.984,13.224,7.391,9.487
2024-01-01 03:51:00,7.399,10.011,-0.532,-0.564,7.970,11.001,9.908
2024-01-01 03:52:00,11.147,9.346,-0.087,0.829,5.403,10.634,7.398
2024-01-01 03:53:00,7.162,10.720,-0.456,0.766,8.537,10.320,7.827
2024-01-01 03:54:00,11.043,12.389,-1.036,1.332,11.329,10.718,9.384
2024-01-01 03:55:00,10.992,8.071,0.065,0.226,13.174,8.736,10.847
2024-01-01 03:56:00,9.910,9.533,0.295,2.933,10.358,10.016,6.805
2024-01-01 03:57:00,11.841,8.905,0.036,-1.307,11.334,8.674,7.708
2024-01-01 03:58:00,9.667,10.269,-0.662,1.128,13.497,10.840,9.191
2024-01-01 03:59:00,9.664,9.179,-0.245,-0.697,8.622,9.802,9.873
2024-01-01 04:00:00,9.351,11.214,-0.487,-1.346,10.589,10.063,7.507
2024-01-01 04:01:00,11.043,9.840,-0.819,1.030,7.285,10.612,8.818
2024-01-01 04:02:00,9.063,10.835,-1.458,-0.858,10.273,12.356,8.178
2024-01-01 04:03:00,8.975,7.329,-0.664,1.178,11.919,10.789,8.182
2024-01-01 04:04:00,8.047,9.198,-1.201,1.242,7.783,11.616,8.619
2024-01-01 04:05:00,9.484,7.854,0.783,2.307,10.375,9.498,6.659
2024-01-01 04:06:00,6.210,9.645,-0.870,-0.609,9.934,9.986,6.301
2024-01-01 04:07:00,13.526,7.948,-2.411,-0.400,12.524,10.249,7.514
2024-01-01 04:08:00,12.299,8.615,-0.505,-0.497,10.040,12.275,9.223
2024-01-01 04:09:00,9.777,13.169,-0.362,0.295,8.860,12.072,7.709
2024-01-01 04:10:00,10.960,11.174,-0.850,-1.191,13.252,7.395,8.460
2024-01-01 04:11:00,9.547,11.971,0.718,-0.363,6.372,6.241,9.374
2024-01-01 04:12:00,9.554,10.184,-0.435,-1.432,12.808,11.578,9.726
2024-01-01 04:13:00,9.982,9.222,-0.759,2.875,12.473,11.574,6.883
2024-01-01 04:14:00,13.300,11.628,0.197,1.409,11.265,7.863,8.721
2024-01-01 04:15:00,12.604,12.669,1.901,-2.106,10.151,11.984,8.864
2024-01-01 04:16:00,10.692,9.939,-1.231,1.121,8.193,12.408,5.893
2024-01-01 04:17:00,9.552,10.096,0.349,0.693,10.645,10.767,6.278
2024-01-01 04:18:00,7.785,12.337,-1.593,-0.889,8.601,9.736,9.293
2024-01-01 04:19:00,8.815,7.994,-0.548,-0.707,12.354,11.975,10.330
2024-01-01 04:20:00,10.218,10.155,-0.368,0.646,10.563,13.281,9.307
2024-01-01 04:21:00,10.709,8.843,0.720,0.321,10.212,9.765,10.308
2024-01-01 04:22:00,10.866,10.083,0.674,1.074,9.490,13.029,8.049
2024-01-01 04:23:00,8.445,9.009,-0.202,-1.629,11.590,7.362,9.284
2024-01-01 04:24:00,9.174,8.566,0.141,-1.825,9.116,6.611,7.248
2024-01-01 04:25:00,10.941,10.287,-0.989,1.556,9.918,9.302,9.384
2024-01-01 04:26:00,10.380,13.380,-1.331,1.236,8.545,10.707,10.395
2024-01-01 04:27:00,10.731,10.777,-0.401,-0.688,12.672,9.048,10.388
2024-01-01 04:28:00,13.215,11.658,-0.167,2.620,9.156,11.315,9.834
2024-01-01 04:29:00,11.193,9.130,-1.871,1.111,8.800,12.110,7.858
2024-01-01 04:30:00,9.820,11.641,-2.083,-0.402,12.087,8.546,6.732
2024-01-01 04:31:00,7.078,12.066,-0.552,0.526,9.117,10.105,6.229
2024-01-01 04:32:00,10.475,11.167,-1.572,-1.438,7.601,12.205,5.792
2024-01-01 04:33:00,10.432,7.302,-1.144,-0.384,10.885,8.527,7.421
2024-01-01 04:34:00,10.244,8.979,0.177,-0.266,11.367,8.312,7.837
2024-01-01 04:35:00,8.914,9.581,-1.016,0.870,10.186,9.741,12.102
2024-01-01 04:36:00,9.630,12.480,-0.932,-3.127,15.776,11.426,8.379
2024-01-01 04:37:00,13.063,7.757,1.110,-1.191,10.346,9.151,6.861
2024-01-01 04:38:00,11.147,11.797,-0.752,1.460,10.230,10.924,8.460
2024-01-01 04:39:00,12.812,9.523,1.345,-1.002,13.396,8.187,10.629
2024-01-01 04:40:00,11.927,10.539,-2.228,0.043,12.273,10.001,6.450
2024-01-01 04:41:00,9.561,9.824,-0.815,0.979,12.372,9.422,8.035
2024-01-01 04:42:00,12.135,10.041,1.974,1.277,8.915,8.975,9.354
2024-01-01 04:43:00,10.860,10.618,-2.721,0.587,10.012,8.353,9.396
2024-01-01 04:44:00,9.725,9.922,-0.157,1.091,11.225,9.733,6.839
2024-01-01 04:45:00,11.037,11.971,0.391,-1.648,11.706,10.819,8.839
2024-01-01 04:46:00,11.794,7.992,-0.086,-0.362,9.455,11.515,8.413
2024-01-01 04:47:00,10.211,10.961,2.064,-1.057,11.012,7.700,9.738
2024-01-01 04:48:00,11.445,8.430,-0.403,3.379,11.819,12.302,9.680
2024-01-01 04:49:00,9.119,9.317,-1.551,-2.513,7.910,11.697,9.100
2024-01-01 04:50:00,9.562,10.649,1.185,-0.625,8.193,6.832,11.612
2024-01-01 04:51:00,10.482,9.046,-1.018,2.862,11.469,10.955,7.282
2024-01-01 04:52:00,9.918,10.249,1.400,-0.180,11.665,7.746,5.703
2024-01-01 04:53:00,9.578,12.141,2.556,1.153,9.257,10.090,7.986
2024-01-01 04:54:00,11.097,12.743,-1.947,-0.179,11.316,6.556,9.953
2024-01-01 04:55:00,14.045,9.779,1.617,-0.770,9.925,7.588,8.573
2024-01-01 04:56:00,9.858,9.864,-1.380,1.027,8.779,11.316,9.175
2024-01-01 04:57:00,10.667,8.257,0.783,0.985,10.842,11.983,10.334
2024-01-01 04:58:00,11.783,9.126,0.983,1.437,13.111,10.769,7.662
2024-01-01 04:59:00,11.276,8.477,-1.079,-0.458,12.331,10.046,10.918
2024-01-01 05:00:00,10.590,8.551,0.042,-1.380,8.672,9.846,8.982
2024-01-01 05:01:00,8.992,10.974,1.022,1.351,12.210,8.261,6.232
2024-01-01 05:02:00,8.388,10.087,0.883,-0.336,10.033,10.661,9.123
2024-01-01 05:03:00,11.159,13.956,-0.345,1.134,12.243,8.346,11.287
2024-01-01 05:04:00,9.569,10.965,-0.503,1.215,11.848,10.383,7.764
2024-01-01 05:05:00,8.768,9.765,-0.815,-1.256,12.196,9.830,8.173
2024-01-01 05:06:00,9.076,9.060,-0.660,-0.770,9.640,12.829,9.412
2024-01-01 05:07:00,9.374,12.139,0.159,-2.290,9.587,12.444,7.876
2024-01-01 05:08:00,12.470,9.353,-0.885,0.156,8.315,11.570,6.601
2024-01-01 05:09:00,10.056,10.434,-0.913,-1.211,14.095,10.987,8.886
2024-01-01 05:10:00,15.670,9.104,0.930,-1.155,9.524,10.290,10.382
2024-01-01 05:11:00,6.914,10.594,-1.420,0.393,10.664,11.420,9.417
2024-01-01 05:12:00,12.255,10.904,-0.382,-0.618,9.365,13.506,11.396
2024-01-01 05:13:00,9.772,12.259,-0.358,0.973,9.287,11.913,10.648
2024-01-01 05:14:00,10.085,10.721,0.011,0.210,11.051,9.747,5.045
2024-01-01 05:15:00,8.932,10.625,-0.229,-0.888,7.474,10.339,8.604
2024-01-01 05:16:00,9.426,11.983,0.046,-4.222,6.147,9.168,9.482
2024-01-01 05:17:00,6.608,11.002,-0.790,-0.844,9.152,9.626,6.667
2024-01-01 05:18:00,11.996,10.465,2.134,1.064,11.916,12.148,9.118
2024-01-01 05:19:00,11.276,8.131,1.905,0.850,12.193,13.133,9.589
2024-01-01 05:20:00,10.235,13.109,1.202,1.550,8.587,11.632,9.354
2024-01-01 05:21:00,9.067,10.798,0.188,-0.125,9.451,10.240,6.871
2024-01-01 05:22:00,8.382,14.157,-1.047,1.949,6.819,13.772,9.480
2024-01-01 05:23:00,9.626,9.846,0.223,-0.168,10.637,9.887,8.485
2024-01-01 05:24:00,12.273,8.962,1.029,-0.017,12.586,8.063,11.361
2024-01-01 05:25:00,10.698,11.640,-0.505,-1.041,8.117,6.715,8.693
2024-01-01 05:26:00,8.297,9.642,1.249,-0.689,8.068,8.948,8.026
2024-01-01 05:27:00,12.267,11.356,-0.045,-0.350,6.907,8.721,5.518
2024-01-01 05:28:00,8.935,9.814,0.598,0.948,10.731,12.271,7.762
2024-01-01 05:29:00,7.825,11.101,-0.594,-2.131,6.655,12.570,7.112
2024-01-01 05:30:00,12.414,12.744,1.113,-2.805,10.691,9.025,10.048
2024-01-01 05:31:00,14.194,8.734,0.057,0.052,8.935,11.525,7.080
2024-01-01 05:32:00,11.376,9.928,-1.214,1.149,10.985,8.834,8.568
2024-01-01 05:33:00,8.647,10.964,0.203,2.459,11.664,9.006,10.787
2024-01-01 05:34:00,13.129,9.516,0.181,3.207,7.053,8.878,9.218
2024-01-01 05:35:00,8.227,11.662,1.600,1.423,11.898,10.494,10.782
2024-01-01 05:36:00,12.211,9.515,-1.090,1.910,9.552,10.557,9.000
2024-01-01 05:37:00,10.046,10.801,-0.832,0.728,7.224,9.142,9.830
2024-01-01 05:38:00,8.568,8.082,1.799,1.533,8.578,11.418,9.575
2024-01-01 05:39:00,8.111,10.908,0.110,0.886,10.895,10.121,7.567
2024-01-01 05:40:00,9.612,10.264,1.898,0.878,15.882,9.523,5.142
2024-01-01 05:41:00,12.965,10.273,-0.029,2.021,9.596,6.763,8.251
2024-01-01 05:42:00,8.326,9.897,0.670,0.586,7.757,12.230,7.643
2024-01-01 05:43:00,9.120,9.572,-1.155,1.896,12.201,9.890,8.833
2024-01-01 05:44:00,12.412,9.175,0.147,1.660,10.111,8.783,9.536
2024-01-01 05:45:00,10.233,7.821,-1.062,-0.627,7.662,9.439,8.990
2024-01-01 05:46:00,9.876,7.904,0.269,-2.784,7.680,10.514,7.635
2024-01-01 05:47:00,7.771,8.875,-1.687,0.990,13.280,7.908,11.662
2024-01-01 05:48:00,6.898,12.294,0.359,0.323,12.063,6.970,11.174
2024-01-01 05:49:00,8.086,10.740,0.453,0.076,5.703,7.570,8.082
2024-01-01 05:50:00,9.893,9.704,1.667,0.721,7.622,7.941,7.352
2024-01-01 05:51:00,6.884,9.246,1.579,-1.606,8.812,6.650,9.899
2024-01-01 05:52:00,10.792,9.527,-0.902,1.945,11.767,10.672,6.464
2024-01-01 05:53:00,7.202,9.698,-0.945,-0.546,9.137,10.908,9.316
2024-01-01 05:54:00,11.078,9.051,-2.195,-1.068,11.033,10.012,5.721
2024-01-01 05:55:00,11.772,15.000,-0.626,-1.259,8.293,10.672,7.808
2024-01-01 05:56:00,12.233,10.149,-0.577,1.480,10.123,12.310,6.944
2024-01-01 05:57:00,10.953,10.071,0.494,1.643,9.880,10.253,11.796
2024-01-01 05:58:00,12.540,6.379,0.228,0.318,10.401,11.627,10.394
2024-01-01 05:59:00,11.360,11.820,0.942,0.000,13.611,12.189,8.614
2024-01-01 06:00:00,9.819,10.909,-1.759,-0.514,9.253,11.394,8.269
2024-01-01 06:01:00,11.022,9.522,-0.593,2.258,7.982,11.867,8.055
2024-01-01 06:02:00,9.355,8.166,0.208,0.825,11.635,9.114,9.819
2024-01-01 06:03:00,11.528,9.935,0.713,1.045,7.033,11.743,7.541
2024-01-01 06:04:00,7.278,9.821,0.396,-0.001,11.129,8.553,6.738
2024-01-01 06:05:00,11.954,10.814,-0.853,0.502,9.914,10.328,12.005
2024-01-01 06:06:00,9.347,10.148,1.256,-0.975,8.233,8.711,5.777
2024-01-01 06:07:00,10.656,10.414,1.535,0.158,12.777,12.357,10.405
2024-01-01 06:08:00,12.539,12.002,1.002,0.192,7.697,11.696,9.039
2024-01-01 06:09:00,12.583,10.930,0.576,2.153,9.021,13.198,9.783
2024-01-01 06:10:00,10.698,10.267,0.190,0.349,10.139,9.079,7.629
2024-01-01 06:11:00,10.378,8.183,0.837,-0.315,8.577,9.274,7.630
2024-01-01 06:12:00,9.884,11.508,-1.868,3.080,10.613,5.739,10.954
2024-01-01 06:13:00,11.624,7.416,-0.534,-0.567,7.569,9.940,9.261
2024-01-01 06:14:00,12.082,11.187,-1.681,-0.224,8.076,10.936,7.256
2024-01-01 06:15:00,11.015,11.282,0.349,-2.191,12.946,10.769,8.022
2024-01-01 06:16:00,12.726,11.480,-0.860,2.654,9.655,8.247,9.473
2024-01-01 06:17:00,8.415,12.491,-0.118,-0.555,10.020,9.529,7.872
2024-01-01 06:18:00,11.155,8.786,0.464,0.890,11.904,10.134,8.585
2024-01-01 06:19:00,9.322,9.825,-0.285,-2.023,9.946,9.780,8.565
2024-01-01 06:20:00,9.452,10.336,-0.543,0.991,9.182,9.675,10.006
2024-01-01 06:21:00,10.231,9.860,0.248,-0.341,8.651,10.035,8.009
2024-01-01 06:22:00,12.879,11.972,1.455,-1.155,8.620,9.963,8.003
2024-01-01 06:23:00,9.347,8.429,-0.100,1.511,10.163,11.555,10.306
2024-01-01 06:24:00,10.696,9.913,-1.005,-1.594,9.044,10.708,9.611
2024-01-01 06:25:00,11.530,11.371,1.305,1.480,9.955,8.890,8.131
2024-01-01 06:26:00,10.418,9.434,-0.260,-1.096,9.094,12.855,8.630
2024-01-01 06:27:00,8.885,9.344,-1.009,-1.261,10.922,8.235,8.151
2024-01-01 06:28:00,9.728,10.030,0.198,-0.837,13.349,10.103,9.880
2024-01-01 06:29:00,11.357,10.850,0.011,0.575,8.224,10.931,8.888
2024-01-01 06:30:00,13.337,9.453,0.910,-1.148,8.501,9.989,8.161
2024-01-01 06:31:00,7.918,10.287,0.881,-0.027,9.626,8.907,8.182
2024-01-01 06:32:00,9.817,11.782,-0.223,0.010,9.536,12.068,7.296
2024-01-01 06:33:00,7.065,12.276,-0.153,2.089,7.971,8.635,9.493
2024-01-01 06:34:00,12.185,7.872,-1.094,1.357,9.563,11.508,10.777
2024-01-01 06:35:00,9.479,12.027,1.354,-0.250,8.877,13.698,8.264
2024-01-01 06:36:00,12.003,8.302,0.399,-0.287,11.312,9.325,8.611
2024-01-01 06:37:00,11.455,10.358,0.103,-1.638,8.748,12.055,9.607
2024-01-01 06:38:00,9.080,12.152,-1.004,0.459,12.230,11.196,7.553
2024-01-01 06:39:00,12.590,15.060,1.011,-0.239,8.169,14.125,8.267
2024-01-01 06:40:00,9.656,6.533,-1.121,-1.755,10.127,10.352,7.663
2024-01-01 06:41:00,9.489,7.620,0.267,1.807,9.342,13.457,12.241
2024-01-01 06:42:00,10.178,12.591,1.776,-2.034,11.942,8.539,8.054
2024-01-01 06:43:00,13.066,10.896,-0.851,1.474,11.246,7.445,9.503
2024-01-01 06:44:00,10.702,10.013,1.604,1.270,14.153,10.738,9.308
2024-01-01 06:45:00,7.317,14.094,-0.307,0.195,6.222,11.834,8.547
2024-01-01 06:46:00,8.399,11.299,0.941,-0.101,5.988,9.852,9.668
2024-01-01 06:47:00,11.414,9.887,0.934,0.684,10.237,10.254,9.859
2024-01-01 06:48:00,8.931,9.967,-1.269,-1.256,11.347,10.812,8.601
2024-01-01 06:49:00,12.506,11.550,1.210,-1.398,10.495,11.486,7.244
2024-01-01 06:50:00,7.868,12.023,0.992,0.827,8.821,12.123,6.569
2024-01-01 06:51:00,11.756,9.191,-1.324,-0.372,11.756,9.814,8.819
2024-01-01 06:52:00,12.368,13.279,-1.444,-1.041,10.933,11.730,6.862
2024-01-01 06:53:00,9.042,10.881,-0.439,-2.800,9.908,12.179,7.909
2024-01-01 06:54:00,9.147,10.469,0.072,-0.164,10.071,9.665,7.556
2024-01-01 06:55:00,9.379,13.532,1.395,-1.595,12.144,10.676,10.084
2024-01-01 06:56:00,10.841,8.686,0.437,0.436,10.328,11.377,11.339
2024-01-01 06:57:00,11.692,14.459,0.124,1.937,8.018,11.557,9.338
2024-01-01 06:58:00,10.786,6.524,0.856,2.725,12.206,10.403,11.152
2024-01-01 06:59:00,10.313,10.883,-1.496,0.521,8.420,10.074,9.180
2024-01-01 07:00:00,12.013,10.134,-0.450,-2.220,10.179,9.642,9.024
2024-01-01 07:01:00,12.279,9.426,-0.492,-0.440,12.966,10.420,6.608
2024-01-01 07:02:00,11.176,9.172,1.258,0.572,8.809,10.528,11.236
2024-01-01 07:03:00,7.799,11.305,0.184,2.170,9.564,10.131,7.871
2024-01-01 07:04:00,9.424,8.109,-0.253,0.230,7.991,10.837,11.141
2024-01-01 07:05:00,10.435,11.634,1.061,0.778,10.396,11.038,8.039
2024-01-01 07:06:00,11.269,9.447,0.401,-0.959,10.986,10.651,10.490
2024-01-01 07:07:00,10.453,7.505,0.916,1.550,9.481,9.299,10.916
2024-01-01 07:08:00,11.417,10.016,1.486,-1.594,8.864,8.000,8.893
2024-01-01 07:09:00,9.855,10.490,-1.317,2.380,8.831,10.551,7.539
2024-01-01 07:10:00,12.802,11.285,0.134,-0.939,9.510,8.719,7.519
2024-01-01 07:11:00,10.675,11.563,0.236,-0.627,10.761,15.242,5.241
2024-01-01 07:12:00,11.709,11.536,0.484,1.363,12.708,12.762,7.495
2024-01-01 07:13:00,10.691,13.900,-0.785,-0.296,7.849,12.541,7.887
2024-01-01 07:14:00,9.864,10.159,0.164,1.098,11.005,10.917,6.240
2024-01-01 07:15:00,10.968,9.507,-0.238,-0.022,10.746,12.911,10.008
2024-01-01 07:16:00,9.807,11.105,-1.373,1.400,11.360,12.886,7.692
2024-01-01 07:17:00,11.226,11.201,0.696,-0.984,11.618,10.022,9.567
2024-01-01 07:18:00,11.710,8.978,1.260,0.625,10.919,13.418,8.972
2024-01-01 07:19:00,9.645,12.567,-0.414,-1.314,13.684,10.832,7.883
2024-01-01 07:20:00,11.170,11.204,-0.796,1.537,11.274,10.482,10.183
2024-01-01 07:21:00,11.334,10.811,-1.393,-2.571,10.826,12.504,9.320
2024-01-01 07:22:00,11.701,10.490,2.136,-0.204,12.488,13.095,8.459
2024-01-01 07:23:00,10.442,11.954,0.076,0.831,9.996,11.445,7.085
2024-01-01 07:24:00,10.165,11.893,-2.128,-2.978,9.586,10.589,5.534
2024-01-01 07:25:00,11.824,11.131,-1.086,2.443,9.259,12.802,7.967
2024-01-01 07:26:00,8.824,13.193,0.743,2.909,9.849,11.989,6.393
2024-01-01 07:27:00,7.878,8.255,-1.006,-1.896,10.671,10.522,7.553
2024-01-01 07:28:00,9.296,11.028,0.560,1.271,12.277,9.314,8.479
2024-01-01 07:29:00,8.196,8.512,-0.109,-0.815,10.192,8.323,8.681
2024-01-01 07:30:00,13.983,10.561,0.306,1.491,9.378,11.751,6.728
2024-01-01 07:31:00,11.511,10.287,0.718,-0.491,6.871,14.665,9.076
2024-01-01 07:32:00,12.606,10.899,-0.386,-1.747,12.287,10.761,8.591
2024-01-01 07:33:00,11.857,13.202,0.541,-0.347,9.242,10.094,10.117
2024-01-01 07:34:00,8.367,10.304,-0.342,1.632,9.939,11.675,9.605
2024-01-01 07:35:00,11.671,12.666,0.772,-0.124,8.651,7.243,7.627
2024-01-01 07:36:00,11.941,11.545,-1.076,1.416,10.456,12.893,8.482
2024-01-01 07:37:00,10.615,10.629,0.678,-2.944,12.009,12.358,9.380
2024-01-01 07:38:00,10.067,8.922,-0.778,-2.740,9.244,9.158,5.403
2024-01-01 07:39:00,8.414,13.367,0.914,2.369,11.222,14.246,10.575
2024-01-01 07:40:00,12.388,10.465,1.279,1.696,11.890,11.326,11.815
2024-01-01 07:41:00,11.404,10.364,1.031,2.076,11.686,11.889,5.247
2024-01-01 07:42:00,9.904,10.695,0.026,0.934,10.948,9.568,6.776
2024-01-01 07:43:00,13.796,9.427,0.204,-1.500,11.235,11.999,7.753
2024-01-01 07:44:00,10.446,8.992,1.795,0.294,10.908,11.177,9.522
2024-01-01 07:45:00,10.791,10.568,-0.497,-0.619,8.711,14.372,10.322
2024-01-01 07:46:00,9.199,10.531,-0.919,-1.158,13.467,9.615,10.752
2024-01-01 07:47:00,13.003,10.361,0.405,-0.653,10.481,13.257,7.854
2024-01-01 07:48:00,11.421,14.086,0.068,1.404,9.019,7.518,9.713
2024-01-01 07:49:00,11.163,13.674,-0.704,1.352,11.178,10.875,9.526
2024-01-01 07:50:00,10.465,11.316,0.917,-0.971,11.614,10.349,10.116
2024-01-01 07:51:00,11.036,12.656,2.711,1.259,8.725,12.934,9.126
2024-01-01 07:52:00,9.145,9.426,-1.113,-1.055,9.488,10.850,11.637
2024-01-01 07:53:00,13.049,13.549,1.135,0.147,10.452,9.635,9.073
2024-01-01 07:54:00,10.417,9.979,2.438,0.475,9.946,12.003,9.257
2024-01-01 07:55:00,9.281,11.374,1.254,1.379,13.489,8.417,7.707
2024-01-01 07:56:00,11.645,11.184,0.652,1.618,14.127,8.924,8.484
2024-01-01 07:57:00,11.968,10.197,1.420,0.535,8.920,9.117,9.081
2024-01-01 07:58:00,10.395,11.087,0.458,-1.682,13.856,9.680,8.827
2024-01-01 07:59:00,10.706,12.513,0.210,0.378,12.785,13.418,8.267
2024-01-01 08:00:00,12.761,10.318,-1.260,0.269,10.978,11.104,11.609
2024-01-01 08:01:00,9.505,10.682,-0.264,-0.484,10.153,10.650,6.982
2024-01-01 08:02:00,9.884,9.826,1.334,-0.257,11.488,10.609,8.921
2024-01-01 08:03:00,9.204,13.700,1.594,2.534,14.257,12.803,10.840
2024-01-01 08:04:00,11.477,11.196,-0.335,-2.504,10.964,9.421,8.245
2024-01-01 08:05:00,9.994,8.534,-0.245,1.935,11.198,12.316,9.036
2024-01-01 08:06:00,11.410,8.883,0.990,-2.626,12.952,12.930,8.924
2024-01-01 08:07:00,16.091,10.499,1.069,-0.693,13.777,14.450,9.413
2024-01-01 08:08:00,10.487,11.475,0.040,1.410,12.233,9.508,5.925
2024-01-01 08:09:00,14.024,10.511,-0.609,-0.103,11.348,11.939,8.292
2024-01-01 08:10:00,12.393,9.206,-2.389,-2.071,9.537,11.543,10.430
2024-01-01 08:11:00,10.910,11.702,1.018,-0.074,10.160,14.093,7.096
2024-01-01 08:12:00,10.169,13.416,-0.229,-0.273,11.826,13.092,5.889
2024-01-01 08:13:00,12.731,10.858,-1.627,0.854,13.645,10.568,10.616
2024-01-01 08:14:00,9.705,12.627,-0.726,-1.022,11.814,11.898,11.502
2024-01-01 08:15:00,10.970,10.005,-0.666,-0.293,10.310,12.036,5.753
2024-01-01 08:16:00,12.265,12.190,0.974,0.175,13.848,11.011,7.188
2024-01-01 08:17:00,12.612,10.734,0.704,-1.833,8.097,8.212,5.550
2024-01-01 08:18:00,9.637,14.250,-0.384,0.793,11.864,14.298,8.374
2024-01-01 08:19:00,11.738,9.169,-1.667,1.717,12.027,9.688,10.400
2024-01-01 08:20:00,12.174,11.770,-0.126,2.729,11.332,12.051,6.234
2024-01-01 08:21:00,12.235,11.645,-1.046,-1.969,10.793,11.670,10.132
2024-01-01 08:22:00,11.984,10.589,-0.420,3.441,10.534,11.484,8.783
2024-01-01 08:23:00,12.643,12.651,2.407,2.402,13.030,14.525,7.284
2024-01-01 08:24:00,10.664,9.011,1.076,1.046,11.457,10.579,6.674
2024-01-01 08:25:00,11.776,11.225,-0.694,1.233,14.005,10.533,8.772
2024-01-01 08:26:00,11.572,10.201,0.461,-2.767,11.412,9.334,9.149
2024-01-01 08:27:00,11.212,10.061,-0.338,-1.487,13.714,9.866,11.534
2024-01-01 08:28:00,13.860,10.783,1.870,2.626,11.479,14.377,7.648
2024-01-01 08:29:00,13.100,14.838,0.166,0.008,13.020,10.276,10.640
2024-01-01 08:30:00,11.265,14.018,1.156,-1.639,12.909,12.649,8.993
2024-01-01 08:31:00,13.830,11.933,0.655,-0.478,12.221,12.395,9.626
2024-01-01 08:32:00,9.469,11.097,-0.109,0.942,11.695,10.198,8.775
2024-01-01 08:33:00,13.224,16.708,-0.497,-0.033,14.534,13.560,8.739
2024-01-01 08:34:00,11.167,12.637,-0.793,-1.295,14.626,11.876,8.559
2024-01-01 08:35:00,12.342,12.185,0.459,0.688,11.502,12.153,8.580
2024-01-01 08:36:00,14.140,16.134,0.824,1.387,10.790,11.830,10.260
2024-01-01 08:37:00,13.728,10.782,-0.064,-0.810,13.567,12.056,9.452
2024-01-01 08:38:00,9.542,11.936,0.422,0.264,12.388,12.322,8.468
2024-01-01 08:39:00,9.898,11.752,-1.316,1.775,11.884,10.173,8.391
2024-01-01 08:40:00,11.939,13.220,0.253,0.237,14.127,11.693,10.136
2024-01-01 08:41:00,12.019,12.639,-0.078,3.699,16.427,14.919,9.510
2024-01-01 08:42:00,11.992,10.335,1.675,1.662,10.410,14.446,9.672
2024-01-01 08:43:00,13.636,11.632,0.339,0.525,13.281,12.812,8.897
2024-01-01 08:44:00,12.609,8.728,0.044,0.993,12.634,13.590,7.454
2024-01-01 08:45:00,15.030,14.593,1.446,1.142,12.034,10.095,7.355
2024-01-01 08:46:00,12.632,11.518,-2.438,2.354,13.406,13.900,6.154
2024-01-01 08:47:00,10.736,11.463,1.702,0.446,11.967,13.731,7.261
2024-01-01 08:48:00,11.447,8.133,1.433,0.202,11.919,13.198,9.023
2024-01-01 08:49:00,12.067,12.156,-0.196,-1.752,12.675,12.536,8.271
2024-01-01 08:50:00,8.581,15.958,-0.953,-0.445,12.613,11.323,7.798
2024-01-01 08:51:00,11.259,12.952,0.978,0.822,12.037,8.370,8.300
2024-01-01 08:52:00,13.582,15.208,1.110,4.323,13.667,9.667,8.181
2024-01-01 08:53:00,10.574,12.721,-0.275,1.194,11.158,13.140,8.060
2024-01-01 08:54:00,11.979,13.788,0.406,-2.064,13.080,10.668,6.615
2024-01-01 08:55:00,12.932,11.549,-1.068,1.079,12.981,11.372,7.992
2024-01-01 08:56:00,11.938,13.090,-0.027,2.124,12.434,15.881,9.563
2024-01-01 08:57:00,13.133,12.120,-0.605,-0.542,13.098,11.345,10.398
2024-01-01 08:58:00,12.268,11.914,0.675,-0.552,11.516,12.182,5.568
2024-01-01 08:59:00,11.895,11.520,1.504,1.705,12.537,11.382,9.468
2024-01-01 09:00:00,13.106,13.043,-0.254,1.410,14.340,11.950,4.733
2024-01-01 09:01:00,11.627,11.155,-0.428,1.260,10.417,9.961,10.220
2024-01-01 09:02:00,15.243,9.805,0.088,1.426,12.314,14.660,11.691
2024-01-01 09:03:00,12.255,12.677,-0.125,0.615,11.597,13.251,8.478
2024-01-01 09:04:00,12.688,15.247,0.667,1.210,10.465,12.614,7.878
2024-01-01 09:05:00,13.390,11.897,-0.602,0.862,11.382,14.178,9.459
2024-01-01 09:06:00,13.629,11.237,-0.933,1.332,11.521,10.074,8.393
2024-01-01 09:07:00,15.671,14.464,0.046,1.015,15.906,13.655,8.693
2024-01-01 09:08:00,14.702,11.335,0.229,0.990,14.114,11.763,6.737
2024-01-01 09:09:00,13.465,13.622,1.424,1.519,12.960,13.763,4.975
2024-01-01 09:10:00,12.456,15.656,-0.205,-0.568,10.325,14.162,9.946
2024-01-01 09:11:00,15.217,12.736,-0.137,3.068,14.277,12.382,5.146
2024-01-01 09:12:00,12.837,12.044,1.281,3.433,13.353,14.070,5.276
2024-01-01 09:13:00,12.468,12.843,-0.626,4.062,12.978,12.272,6.237
2024-01-01 09:14:00,12.084,10.380,0.679,-0.657,12.839,12.784,8.502
2024-01-01 09:15:00,13.267,13.780,1.195,-0.972,15.460,10.827,7.420
2024-01-01 09:16:00,9.971,13.766,1.464,1.884,12.741,9.851,10.487
2024-01-01 09:17:00,13.892,15.050,0.841,3.928,14.021,12.968,7.047
2024-01-01 09:18:00,15.214,10.359,-1.675,2.270,13.748,17.827,7.957
2024-01-01 09:19:00,12.180,12.721,-0.711,2.165,9.578,13.294,7.176
2024-01-01 09:20:00,12.936,14.220,1.016,1.573,15.500,11.222,6.537
2024-01-01 09:21:00,14.337,11.803,1.151,0.640,13.451,9.577,10.589
2024-01-01 09:22:00,14.652,10.735,-1.207,1.685,13.367,12.756,11.347
2024-01-01 09:23:00,15.518,15.534,0.981,1.629,14.142,12.248,8.456
2024-01-01 09:24:00,15.228,13.056,1.243,2.382,13.137,11.254,6.336
2024-01-01 09:25:00,14.120,12.544,0.890,4.240,12.075,10.189,8.814
2024-01-01 09:26:00,14.301,12.520,0.895,-1.079,18.093,15.430,9.126
2024-01-01 09:27:00,11.327,13.597,-1.166,2.032,11.325,14.679,8.325
2024-01-01 09:28:00,11.212,12.006,1.114,-0.348,9.983,11.250,9.444
2024-01-01 09:29:00,12.772,11.465,0.534,3.103,15.489,15.740,6.417
2024-01-01 09:30:00,15.329,9.169,-0.134,2.056,14.722,14.242,8.989
2024-01-01 09:31:00,14.366,15.493,0.489,0.779,12.283,16.749,10.091
2024-01-01 09:32:00,15.302,11.317,-0.427,2.325,16.525,11.712,10.134
2024-01-01 09:33:00,10.962,14.365,0.476,0.892,13.016,12.755,7.719
2024-01-01 09:34:00,10.810,14.411,0.800,2.287,10.054,9.420,7.180
2024-01-01 09:35:00,13.458,14.449,-0.684,3.306,16.111,14.075,8.158
2024-01-01 09:36:00,14.315,15.700,1.011,1.799,12.124,12.343,8.502
2024-01-01 09:37:00,13.959,12.231,0.315,0.554,10.306,14.034,7.291
2024-01-01 09:38:00,12.517,14.541,-0.329,2.608,18.412,15.547,5.458
2024-01-01 09:39:00,12.631,13.113,0.685,1.558,13.024,13.702,7.763
2024-01-01 09:40:00,17.360,14.712,1.520,2.172,15.562,15.641,11.267
2024-01-01 09:41:00,11.094,15.055,1.659,5.298,13.273,11.414,7.055
2024-01-01 09:42:00,14.470,14.441,1.432,-0.119,17.718,13.398,9.468
2024-01-01 09:43:00,13.692,14.525,1.623,3.268,13.930,12.448,7.928
2024-01-01 09:44:00,17.634,15.932,1.318,2.892,13.661,11.440,8.125
2024-01-01 09:45:00,11.820,16.505,0.528,0.580,9.912,13.556,7.372
2024-01-01 09:46:00,12.608,13.953,0.990,0.013,15.061,15.991,10.139
2024-01-01 09:47:00,14.002,14.786,0.134,2.825,14.293,12.218,9.456
2024-01-01 09:48:00,16.279,11.917,1.838,5.134,14.796,13.565,9.777
2024-01-01 09:49:00,15.368,14.660,1.996,1.889,13.645,13.998,9.491
2024-01-01 09:50:00,13.010,14.741,-0.096,2.196,13.247,13.172,8.108
2024-01-01 09:51:00,12.160,12.564,-0.209,-0.569,13.111,15.281,10.356
2024-01-01 09:52:00,13.792,13.286,-0.027,2.698,16.021,12.758,9.211
2024-01-01 09:53:00,17.361,13.629,1.224,2.315,13.137,15.048,7.804
2024-01-01 09:54:00,15.591,14.104,0.656,1.800,14.732,12.697,7.320
2024-01-01 09:55:00,15.241,12.982,0.241,2.188,15.657,12.921,7.759
2024-01-01 09:56:00,14.607,12.321,2.304,0.901,13.275,15.187,8.649
2024-01-01 09:57:00,12.134,14.105,1.045,2.278,13.806,15.354,8.431
2024-01-01 09:58:00,13.716,15.986,0.834,2.132,17.178,16.271,10.200
2024-01-01 09:59:00,15.457,15.218,1.663,1.264,14.196,19.425,10.227
2024-01-01 10:00:00,15.284,16.337,2.530,2.522,15.889,13.546,5.523
2024-01-01 10:01:00,11.995,16.227,1.485,2.968,18.411,12.035,8.466
2024-01-01 10:02:00,14.899,13.533,1.615,2.316,12.915,11.997,7.419
2024-01-01 10:03:00,16.294,16.998,1.582,1.653,17.944,14.748,9.283
2024-01-01 10:04:00,18.015,14.986,0.279,2.833,14.573,14.671,11.544
2024-01-01 10:05:00,18.433,16.643,-0.067,2.842,13.770,12.665,8.142
2024-01-01 10:06:00,15.627,15.414,3.439,3.410,14.592,14.560,9.708
2024-01-01 10:07:00,13.890,13.847,0.823,5.667,17.664,15.968,7.637
2024-01-01 10:08:00,14.700,15.938,0.331,2.332,14.377,16.430,6.148
2024-01-01 10:09:00,16.896,13.919,2.162,1.069,16.229,15.265,8.078
2024-01-01 10:10:00,15.453,17.329,2.190,2.976,13.831,11.323,8.326
2024-01-01 10:11:00,14.770,16.817,2.587,2.495,18.097,13.922,9.276
2024-01-01 10:12:00,18.406,14.485,1.783,2.621,15.557,17.719,7.512
2024-01-01 10:13:00,13.848,15.948,-0.113,1.904,11.999,16.629,6.641
2024-01-01 10:14:00,17.950,14.573,3.530,3.706,18.527,15.517,7.324
2024-01-01 10:15:00,13.377,16.640,4.257,3.984,15.578,14.165,7.839
2024-01-01 10:16:00,15.028,15.838,3.838,1.391,17.437,17.487,8.108
2024-01-01 10:17:00,19.814,15.119,0.721,4.211,14.979,17.160,7.035
2024-01-01 10:18:00,14.933,17.927,-0.528,2.795,16.096,15.340,7.436
2024-01-01 10:19:00,15.683,17.899,3.114,2.407,18.282,13.560,6.253
2024-01-01 10:20:00,16.632,14.802,1.982,3.396,14.300,13.401,7.527
2024-01-01 10:21:00,16.152,16.418,2.192,4.066,17.103,16.267,9.582
2024-01-01 10:22:00,15.851,16.859,3.524,0.778,19.019,15.289,8.102
2024-01-01 10:23:00,14.693,15.952,1.584,3.150,15.245,15.797,10.182
2024-01-01 10:24:00,15.367,18.110,2.679,5.511,16.396,15.398,7.621
2024-01-01 10:25:00,15.721,16.767,2.372,3.827,17.773,17.461,6.998
2024-01-01 10:26:00,19.886,17.567,1.982,2.559,16.254,18.199,7.048
2024-01-01 10:27:00,17.860,19.389,2.422,4.943,18.649,14.478,7.440
2024-01-01 10:28:00,17.381,16.603,2.946,4.365,20.095,17.086,10.785
2024-01-01 10:29:00,17.536,14.512,2.152,1.372,14.087,18.410,11.294
2024-01-01 10:30:00,16.686,15.838,3.050,3.665,14.391,17.486,7.580
2024-01-01 10:31:00,17.814,15.937,2.551,4.096,18.537,18.629,10.205
2024-01-01 10:32:00,17.403,15.639,1.587,2.626,17.331,18.517,10.088
2024-01-01 10:33:00,16.489,18.318,3.788,3.218,17.021,19.056,6.435
2024-01-01 10:34:00,16.527,18.464,2.569,4.322,15.713,18.258,11.428
2024-01-01 10:35:00,18.368,16.966,3.227,4.100,15.773,18.642,7.892
2024-01-01 10:36:00,17.164,14.598,3.599,5.352,16.695,15.052,8.249
2024-01-01 10:37:00,16.422,17.481,2.569,4.930,14.069,18.566,8.669
2024-01-01 10:38:00,18.788,17.984,3.632,5.851,15.641,19.555,10.705
2024-01-01 10:39:00,18.955,16.828,3.281,6.728,18.223,19.586,8.576
2024-01-01 10:40:00,15.408,12.998,1.464,4.367,16.596,16.626,9.702
2024-01-01 10:41:00,15.911,17.225,1.004,5.034,17.545,17.059,9.237
2024-01-01 10:42:00,17.001,19.621,2.974,3.975,16.454,16.793,8.943
2024-01-01 10:43:00,18.572,19.032,1.063,4.091,19.309,20.202,9.470
2024-01-01 10:44:00,16.645,17.538,1.412,4.265,18.738,17.855,7.902
2024-01-01 10:45:00,17.797,18.546,2.737,6.801,16.717,16.434,7.732
2024-01-01 10:46:00,16.064,19.787,2.245,5.258,19.262,19.451,9.008
2024-01-01 10:47:00,19.022,17.752,4.053,6.191,17.508,13.475,6.312
2024-01-01 10:48:00,16.947,17.277,3.009,4.843,18.562,20.268,8.244
2024-01-01 10:49:00,20.136,16.869,3.257,5.926,19.151,19.130,8.101
2024-01-01 10:50:00,18.355,18.829,1.916,3.524,19.679,18.911,8.457
2024-01-01 10:51:00,18.495,16.264,0.991,7.281,19.161,16.495,9.078
2024-01-01 10:52:00,18.390,17.588,3.101,6.525,17.216,17.824,7.812
2024-01-01 10:53:00,18.360,22.097,2.536,6.739,16.713,19.609,7.640
2024-01-01 10:54:00,15.726,19.187,3.795,5.702,18.159,20.121,9.838
2024-01-01 10:55:00,21.018,17.030,2.438,8.591,17.454,15.205,6.217
2024-01-01 10:56:00,19.189,19.113,3.076,7.574,19.211,17.619,11.672
2024-01-01 10:57:00,19.714,19.898,2.452,5.839,19.190,17.489,8.355
2024-01-01 10:58:00,15.297,19.420,3.705,9.328,18.606,19.213,8.017
2024-01-01 10:59:00,18.372,18.880,2.474,7.776,15.263,14.456,11.199
2024-01-01 11:00:00,18.270,20.282,3.320,7.691,17.567,18.732,9.712
2024-01-01 11:01:00,21.619,19.974,3.674,8.498,20.254,21.869,8.524
2024-01-01 11:02:00,19.552,20.076,2.910,7.268,18.143,20.190,7.302
2024-01-01 11:03:00,19.514,20.211,4.129,7.837,19.777,20.913,9.071
2024-01-01 11:04:00,16.015,18.549,3.517,6.769,18.129,17.732,8.121
2024-01-01 11:05:00,17.679,19.534,3.249,6.750,22.967,18.522,4.595
2024-01-01 11:06:00,20.601,18.485,3.492,7.945,19.018,16.986,8.067
2024-01-01 11:07:00,19.368,16.593,2.767,8.048,20.508,21.069,4.438
2024-01-01 11:08:00,16.431,23.280,3.268,6.370,19.428,20.379,6.604
2024-01-01 11:09:00,17.260,16.959,3.042,8.948,18.967,18.580,7.418
2024-01-01 11:10:00,19.308,22.120,4.138,6.964,19.246,18.358,8.094
2024-01-01 11:11:00,20.716,20.690,3.955,8.177,22.848,18.196,9.483
2024-01-01 11:12:00,18.155,19.526,4.066,6.280,18.490,21.068,10.920
2024-01-01 11:13:00,20.734,19.443,3.804,5.593,18.260,20.593,9.275
2024-01-01 11:14:00,19.727,21.052,2.804,7.160,17.532,21.523,7.033
2024-01-01 11:15:00,20.611,24.564,4.018,8.424,19.338,19.256,9.615
2024-01-01 11:16:00,17.006,19.318,4.461,9.628,20.899,18.957,6.381
2024-01-01 11:17:00,18.202,20.664,2.921,5.580,18.671,19.727,9.434
2024-01-01 11:18:00,20.540,20.149,5.239,8.440,19.127,20.994,7.710
2024-01-01 11:19:00,19.037,22.111,5.110,7.843,19.249,19.729,8.732
2024-01-01 11:20:00,21.491,21.174,4.414,8.792,21.181,21.126,5.902
2024-01-01 11:21:00,18.485,17.284,5.116,9.297,19.983,21.425,8.618
2024-01-01 11:22:00,23.340,20.465,4.148,7.417,18.775,20.717,9.426
2024-01-01 11:23:00,19.161,18.659,2.664,8.153,20.370,19.297,11.024
2024-01-01 11:24:00,21.883,20.733,3.865,8.657,20.835,20.619,7.935
2024-01-01 11:25:00,20.803,19.795,3.586,10.648,24.463,19.908,8.559
2024-01-01 11:26:00,22.712,22.502,6.130,8.649,19.838,23.518,10.796
2024-01-01 11:27:00,20.594,20.563,4.511,11.403,17.614,19.093,8.971
2024-01-01 11:28:00,20.204,17.812,5.245,9.300,22.227,19.767,7.159
2024-01-01 11:29:00,16.844,21.105,5.102,8.960,24.177,19.834,8.838
2024-01-01 11:30:00,18.213,22.230,4.708,8.814,22.115,21.172,7.315
2024-01-01 11:31:00,24.096,21.243,3.481,9.134,22.315,19.682,8.925
2024-01-01 11:32:00,23.647,21.489,5.078,12.572,19.222,20.675,8.876
2024-01-01 11:33:00,19.559,21.198,5.011,10.615,18.755,21.190,7.005
2024-01-01 11:34:00,20.542,20.166,3.937,8.686,23.874,19.441,8.402
2024-01-01 11:35:00,19.987,23.959,4.445,10.395,22.411,20.747,10.080
2024-01-01 11:36:00,23.023,22.805,6.857,9.183,22.332,21.079,8.538
2024-01-01 11:37:00,23.853,21.667,4.414,9.515,22.622,24.123,7.058
2024-01-01 11:38:00,21.620,20.983,6.885,11.776,24.100,20.219,10.010
2024-01-01 11:39:00,21.161,25.514,5.444,9.943,21.122,21.500,6.990
2024-01-01 11:40:00,22.705,24.066,5.119,10.557,18.586,23.459,6.043
2024-01-01 11:41:00,20.367,19.743,3.526,10.432,21.944,23.137,9.039
2024-01-01 11:42:00,24.265,21.473,4.982,11.408,20.050,22.406,9.512
2024-01-01 11:43:00,20.784,23.054,5.231,10.816,21.345,23.040,10.171
2024-01-01 11:44:00,21.948,22.634,6.428,11.055,23.411,23.455,7.953
2024-01-01 11:45:00,24.900,21.684,6.929,13.017,22.461,23.909,9.462
2024-01-01 11:46:00,19.592,20.630,4.157,10.923,21.163,24.546,8.042
2024-01-01 11:47:00,22.506,25.655,4.569,9.462,24.030,21.819,7.386
2024-01-01 11:48:00,21.612,24.200,4.106,7.369,25.431,23.152,9.678
2024-01-01 11:49:00,22.782,25.202,7.398,11.688,23.305,24.049,7.857
2024-01-01 11:50:00,21.646,25.052,5.168,11.326,24.701,22.684,10.311
2024-01-01 11:51:00,25.460,24.101,5.960,10.346,22.928,23.567,7.139
2024-01-01 11:52:00,23.512,24.669,6.282,11.214,25.630,23.217,8.559
2024-01-01 11:53:00,24.976,22.656,5.149,10.238,26.094,22.327,8.108
2024-01-01 11:54:00,24.355,24.983,6.150,10.395,23.293,23.678,9.952
2024-01-01 11:55:00,20.508,23.176,6.177,11.735,21.801,23.596,11.333
2024-01-01 11:56:00,22.258,25.352,4.648,12.986,20.678,21.310,10.564
2024-01-01 11:57:00,24.013,24.265,5.087,13.926,23.319,23.750,7.896
2024-01-01 11:58:00,23.153,24.375,6.438,13.251,20.123,23.062,9.899
2024-01-01 11:59:00,23.272,24.852,6.353,13.770,22.838,24.567,4.685
2024-01-01 12:00:00,20.493,22.363,6.268,11.557,23.242,24.859,8.872
2024-01-01 12:01:00,23.679,22.010,5.871,12.814,20.600,24.140,10.249
2024-01-01 12:02:00,24.946,25.753,4.772,12.506,25.958,24.231,8.745
2024-01-01 12:03:00,24.231,25.470,8.093,13.186,27.122,25.083,7.818
2024-01-01 12:04:00,24.490,28.109,6.454,12.483,22.869,22.522,7.399
2024-01-01 12:05:00,22.983,24.088,7.689,9.507,22.674,26.512,8.221
2024-01-01 12:06:00,25.289,25.227,7.128,13.336,21.251,25.116,9.211
2024-01-01 12:07:00,23.948,24.473,6.371,12.028,23.176,21.950,7.395
2024-01-01 12:08:00,25.861,23.659,5.512,13.918,24.619,24.830,9.000
2024-01-01 12:09:00,25.738,25.868,8.615,13.017,23.070,25.731,10.124
2024-01-01 12:10:00,25.708,25.359,7.532,10.296,23.921,26.381,9.963
2024-01-01 12:11:00,26.308,26.232,5.768,14.841,23.597,24.122,8.337
2024-01-01 12:12:00,24.321,25.095,5.570,13.933,28.491,21.739,8.356
2024-01-01 12:13:00,23.798,24.455,5.068,13.485,24.434,26.600,7.353
2024-01-01 12:14:00,22.169,26.458,5.956,13.110,21.341,25.042,7.651
2024-01-01 12:15:00,23.497,27.384,8.010,13.130,21.966,27.152,8.392
2024-01-01 12:16:00,24.819,25.902,6.803,14.678,22.220,22.856,8.921
2024-01-01 12:17:00,24.450,26.814,8.674,13.775,26.075,25.949,11.328
2024-01-01 12:18:00,26.285,25.318,8.369,13.034,25.042,31.511,8.792
2024-01-01 12:19:00,25.549,25.519,6.350,14.146,24.107,23.232,6.162
2024-01-01 12:20:00,24.791,25.442,5.897,14.176,27.744,27.807,8.934
2024-01-01 12:21:00,25.971,26.749,8.514,12.980,27.190,27.796,9.430
2024-01-01 12:22:00,24.899,25.988,6.405,13.787,23.270,19.663,7.075
2024-01-01 12:23:00,23.755,25.638,7.442,14.865,26.005,23.878,8.893
2024-01-01 12:24:00,28.273,29.222,7.909,16.922,25.996,29.088,8.851
2024-01-01 12:25:00,24.116,25.187,6.286,12.962,22.780,23.712,8.568
2024-01-01 12:26:00,27.974,24.620,7.288,14.341,25.776,25.217,8.455
2024-01-01 12:27:00,23.217,24.102,6.172,14.825,27.742,24.602,8.895
2024-01-01 12:28:00,27.452,28.432,7.050,13.054,27.453,28.686,5.373
2024-01-01 12:29:00,27.399,26.749,8.374,16.623,27.889,27.061,8.502
2024-01-01 12:30:00,26.079,24.594,7.972,16.694,28.655,23.703,7.327
2024-01-01 12:31:00,24.948,24.203,5.152,16.955,25.556,27.876,9.903
2024-01-01 12:32:00,25.492,26.147,8.041,13.903,28.111,23.637,11.047
2024-01-01 12:33:00,26.752,27.970,8.419,15.589,27.829,22.999,10.703
2024-01-01 12:34:00,27.044,23.106,7.117,16.622,29.458,28.483,8.770
2024-01-01 12:35:00,26.615,24.812,9.740,14.356,26.560,28.538,6.421
2024-01-01 12:36:00,25.178,28.367,8.289,16.352,29.089,27.299,8.799
2024-01-01 12:37:00,25.814,25.017,6.434,16.620,27.143,24.854,8.556
2024-01-01 12:38:00,27.041,28.457,8.173,16.416,25.829,26.366,10.243
2024-01-01 12:39:00,29.573,26.704,7.106,15.075,27.858,27.611,10.379
2024-01-01 12:40:00,29.148,27.459,7.519,13.713,26.085,23.864,10.087
2024-01-01 12:41:00,29.228,24.943,7.708,15.877,25.005,27.986,9.135
2024-01-01 12:42:00,27.024,26.823,8.102,13.039,29.126,28.859,11.387
2024-01-01 12:43:00,23.945,27.801,8.311,16.689,25.152,24.408,9.143
2024-01-01 12:44:00,25.954,27.294,9.934,16.573,29.019,27.556,9.378
2024-01-01 12:45:00,28.203,30.156,8.518,18.370,31.225,26.301,8.807
2024-01-01 12:46:00,26.262,27.003,6.973,14.105,28.786,27.524,8.562
2024-01-01 12:47:00,28.066,26.684,7.093,17.926,29.958,26.900,8.975
2024-01-01 12:48:00,32.941,25.216,8.214,16.939,28.183,27.397,10.053
2024-01-01 12:49:00,30.265,27.769,7.579,15.660,26.951,26.257,5.616
2024-01-01 12:50:00,29.951,27.622,7.842,14.818,27.736,29.461,8.906
2024-01-01 12:51:00,30.172,27.980,9.274,17.154,28.069,30.059,8.208
2024-01-01 12:52:00,24.853,31.225,9.011,16.672,26.413,25.811,6.553
2024-01-01 12:53:00,26.932,27.386,9.093,16.652,26.424,28.688,5.614
2024-01-01 12:54:00,28.059,29.736,7.841,15.724,29.924,28.626,7.398
2024-01-01 12:55:00,29.675,28.024,8.860,13.884,26.570,31.251,7.240
2024-01-01 12:56:00,27.253,26.794,8.305,16.867,24.987,28.878,8.916
2024-01-01 12:57:00,28.571,28.621,9.237,17.820,27.709,26.613,5.059
2024-01-01 12:58:00,28.108,31.256,9.963,19.063,27.556,26.175,10.346
2024-01-01 12:59:00,27.299,28.800,9.296,18.069,29.827,27.733,7.608
2024-01-01 13:00:00,27.449,29.069,8.216,18.144,26.619,24.693,6.171
2024-01-01 13:01:00,28.650,29.820,7.176,16.002,27.611,27.201,7.706
2024-01-01 13:02:00,27.292,25.685,8.374,17.273,31.090,30.890,8.758
2024-01-01 13:03:00,27.327,24.884,10.058,17.287,30.607,30.681,9.360
2024-01-01 13:04:00,28.320,28.698,7.341,19.274,29.053,28.998,8.288
2024-01-01 13:05:00,25.943,30.860,8.776,17.873,29.825,31.483,8.946
2024-01-01 13:06:00,29.157,29.121,7.883,18.622,27.865,30.277,10.144
2024-01-01 13:07:00,27.439,25.641,9.373,17.768,27.860,31.700,7.928
2024-01-01 13:08:00,28.476,29.898,9.070,19.236,33.334,32.767,8.144
2024-01-01 13:09:00,31.707,27.241,8.493,19.605,28.159,27.683,7.674
2024-01-01 13:10:00,27.987,27.895,7.750,19.428,26.604,26.814,6.641
2024-01-01 13:11:00,29.026,28.620,10.123,18.351,27.110,31.971,6.800
2024-01-01 13:12:00,29.342,28.030,9.239,18.523,28.905,29.441,7.625
2024-01-01 13:13:00,28.187,30.786,9.306,17.933,31.314,28.738,10.096
2024-01-01 13:14:00,29.608,25.840,8.730,19.125,25.920,26.278,10.551
2024-01-01 13:15:00,28.989,27.991,8.474,18.427,28.456,28.470,10.117
2024-01-01 13:16:00,29.449,29.419,8.909,18.090,32.276,29.123,10.915
2024-01-01 13:17:00,29.853,26.828,9.216,21.552,27.801,29.912,9.618
2024-01-01 13:18:00,30.586,28.514,10.429,20.115,28.856,28.946,9.968
2024-01-01 13:19:00,31.486,27.756,8.760,16.798,29.395,27.176,12.057
2024-01-01 13:20:00,26.612,27.434,9.398,20.180,27.257,26.612,8.157
2024-01-01 13:21:00,28.036,28.350,10.412,17.652,32.967,28.289,10.525
2024-01-01 13:22:00,31.353,28.731,9.710,20.483,29.943,26.616,8.757
2024-01-01 13:23:00,31.581,30.058,9.038,16.544,27.070,28.269,9.069
2024-01-01 13:24:00,30.346,33.273,9.833,18.025,30.414,28.642,11.873
2024-01-01 13:25:00,29.131,29.474,8.150,18.925,30.582,28.989,6.399
2024-01-01 13:26:00,29.063,29.567,7.986,19.511,34.028,30.999,8.216
2024-01-01 13:27:00,30.088,29.813,10.616,19.775,30.798,30.785,9.313
2024-01-01 13:28:00,28.688,28.593,10.472,21.605,28.082,28.514,8.970
2024-01-01 13:29:00,27.208,31.563,9.386,20.850,30.292,29.679,9.857
2024-01-01 13:30:00,30.973,27.554,10.209,18.850,28.246,29.842,6.827
2024-01-01 13:31:00,29.125,27.697,9.779,21.389,30.443,28.406,9.227
2024-01-01 13:32:00,28.459,29.725,8.896,18.439,28.210,29.556,9.627
2024-01-01 13:33:00,26.959,32.449,10.060,19.844,29.915,29.486,8.791
2024-01-01 13:34:00,29.370,30.963,8.625,19.771,28.733,29.837,5.228
2024-01-01 13:35:00,29.785,27.947,9.415,22.460,30.456,28.392,7.806
2024-01-01 13:36:00,31.247,32.027,11.170,15.993,29.074,27.908,7.739
2024-01-01 13:37:00,26.383,31.537,11.003,20.191,30.632,30.680,7.952
2024-01-01 13:38:00,29.750,30.752,11.800,19.924,27.228,26.611,7.785
2024-01-01 13:39:00,28.768,30.405,9.420,18.269,28.552,28.691,9.799
2024-01-01 13:40:00,28.858,29.327,8.633,21.565,30.825,33.094,9.341
2024-01-01 13:41:00,28.375,27.559,8.449,21.422,26.333,32.679,8.902
2024-01-01 13:42:00,31.860,29.017,8.694,21.461,31.201,30.086,8.664
2024-01-01 13:43:00,27.721,31.600,10.417,19.471,26.395,26.880,7.651
2024-01-01 13:44:00,27.102,30.151,9.536,19.716,33.310,29.030,7.097
2024-01-01 13:45:00,28.608,28.481,10.713,22.076,29.724,29.480,7.739
2024-01-01 13:46:00,28.885,31.484,9.907,20.360,29.588,32.448,6.458
2024-01-01 13:47:00,33.639,31.444,9.315,22.031,29.481,33.008,7.732
2024-01-01 13:48:00,29.294,30.703,9.396,20.356,28.866,31.658,8.915
2024-01-01 13:49:00,30.415,28.496,8.668,20.390,29.002,31.291,7.096
2024-01-01 13:50:00,27.664,32.154,8.843,20.525,32.239,28.688,8.287
2024-01-01 13:51:00,28.725,30.011,9.469,17.715,29.772,30.704,8.121
2024-01-01 13:52:00,29.470,28.730,9.364,20.392,27.293,35.061,7.576
2024-01-01 13:53:00,30.179,28.486,9.685,22.451,28.371,29.475,5.226
2024-01-01 13:54:00,31.264,26.532,10.049,19.710,29.857,28.848,8.787
2024-01-01 13:55:00,34.448,29.526,9.255,17.387,29.874,29.595,6.831
2024-01-01 13:56:00,29.290,32.068,10.307,21.571,31.512,30.710,8.143
2024-01-01 13:57:00,31.295,29.942,10.904,20.776,31.292,33.109,8.074
2024-01-01 13:58:00,30.435,30.440,10.374,20.956,31.730,28.405,9.296
2024-01-01 13:59:00,28.931,30.859,10.312,19.255,27.802,31.350,7.034
2024-01-01 14:00:00,31.616,28.597,9.921,17.617,31.614,31.038,7.565
2024-01-01 14:01:00,28.904,29.250,10.115,21.452,29.684,30.100,7.254
2024-01-01 14:02:00,30.978,32.780,11.184,21.717,27.876,31.077,6.881
2024-01-01 14:03:00,33.024,29.908,9.223,19.492,28.352,29.371,7.347
2024-01-01 14:04:00,32.719,30.184,10.978,20.219,33.217,32.703,7.015
2024-01-01 14:05:00,30.838,30.320,9.515,19.258,28.292,30.359,8.364
2024-01-01 14:06:00,28.825,33.112,10.150,21.336,30.456,30.110,7.856
2024-01-01 14:07:00,28.168,29.396,9.618,21.055,29.620,32.686,8.539
2024-01-01 14:08:00,29.786,31.248,9.238,17.906,30.487,33.102,6.972
2024-01-01 14:09:00,30.137,28.136,9.674,20.741,30.675,29.388,7.313
2024-01-01 14:10:00,31.570,28.555,9.657,21.504,34.136,32.316,10.433
2024-01-01 14:11:00,28.575,29.940,10.480,20.051,33.238,28.823,8.072
2024-01-01 14:12:00,29.388,28.544,8.578,20.106,31.887,31.022,9.462
2024-01-01 14:13:00,33.049,30.783,9.759,17.753,28.543,34.419,8.053
2024-01-01 14:14:00,31.515,28.781,9.312,18.722,32.698,30.349,12.235
2024-01-01 14:15:00,32.547,30.993,10.427,19.357,31.913,27.464,8.578
2024-01-01 14:16:00,28.910,27.784,9.084,18.255,30.083,28.040,10.368
2024-01-01 14:17:00,31.450,31.671,10.958,20.866,29.481,28.153,9.479
2024-01-01 14:18:00,29.419,30.674,11.532,20.890,30.804,30.140,9.867
2024-01-01 14:19:00,28.676,29.500,9.760,20.577,29.227,29.863,9.308
2024-01-01 14:20:00,30.155,30.178,10.338,19.845,27.931,34.418,8.493
2024-01-01 14:21:00,26.943,29.681,10.745,19.390,29.336,30.751,5.990
2024-01-01 14:22:00,29.341,28.551,8.576,20.353,29.459,31.853,9.531
2024-01-01 14:23:00,29.308,29.474,9.434,18.873,28.138,29.078,9.805
2024-01-01 14:24:00,27.504,32.593,11.343,18.938,28.736,32.671,7.250
2024-01-01 14:25:00,28.482,29.300,9.093,18.488,28.487,28.789,8.384
2024-01-01 14:26:00,27.700,30.213,8.640,21.079,29.561,33.031,8.309
2024-01-01 14:27:00,27.573,30.451,10.924,19.648,30.664,30.488,9.657
2024-01-01 14:28:00,30.966,28.003,8.851,18.260,27.189,32.245,8.269
2024-01-01 14:29:00,30.774,29.273,9.459,21.520,32.416,31.477,7.733
2024-01-01 14:30:00,30.468,32.065,8.812,18.717,31.685,34.154,7.223
2024-01-01 14:31:00,29.054,28.649,9.127,17.363,29.890,30.467,9.517
2024-01-01 14:32:00,30.083,30.078,9.469,22.451,26.014,26.892,7.396
2024-01-01 14:33:00,29.606,29.585,9.431,19.010,31.770,31.483,10.153
2024-01-01 14:34:00,29.852,31.029,9.696,18.141,31.479,27.044,7.532
2024-01-01 14:35:00,30.208,30.025,9.379,20.429,27.464,28.847,9.470
2024-01-01 14:36:00,29.418,29.650,9.246,21.272,29.449,29.179,9.255
2024-01-01 14:37:00,28.597,26.460,8.681,16.109,32.367,29.301,6.397
2024-01-01 14:38:00,30.224,28.881,8.559,18.928,29.451,25.788,9.555
2024-01-01 14:39:00,26.870,26.482,8.093,16.718,28.705,31.331,6.576
2024-01-01 14:40:00,31.078,29.565,9.748,20.104,30.263,31.190,6.999
2024-01-01 14:41:00,28.540,31.385,10.704,17.508,26.001,27.938,8.520
2024-01-01 14:42:00,25.907,29.417,8.847,20.333,26.896,26.773,9.672
2024-01-01 14:43:00,26.453,31.086,9.660,19.310,32.952,30.846,8.868
2024-01-01 14:44:00,28.583,27.346,9.388,18.560,29.529,30.153,6.712
2024-01-01 14:45:00,25.431,32.650,8.836,17.617,27.311,31.542,8.256
2024-01-01 14:46:00,27.036,28.524,10.839,19.196,27.836,26.802,8.712
2024-01-01 14:47:00,28.898,31.236,10.813,18.685,27.429,26.347,10.698
2024-01-01 14:48:00,27.226,28.076,8.794,16.877,29.423,29.640,7.203
2024-01-01 14:49:00,26.507,29.373,7.917,20.982,30.741,29.336,9.878
2024-01-01 14:50:00,29.922,28.147,8.631,16.349,28.331,27.591,8.558
2024-01-01 14:51:00,27.886,26.673,9.049,17.082,30.045,30.017,8.066
2024-01-01 14:52:00,28.959,30.796,11.285,18.380,26.066,29.112,8.955
2024-01-01 14:53:00,27.245,27.498,9.112,15.414,29.632,29.296,6.051
2024-01-01 14:54:00,28.157,28.053,8.620,19.129,29.827,29.055,8.847
2024-01-01 14:55:00,27.355,24.031,6.896,16.634,28.829,26.587,10.251
2024-01-01 14:56:00,30.155,28.959,8.686,18.783,26.598,25.649,10.734
2024-01-01 14:57:00,27.251,28.547,8.236,17.702,29.417,26.927,12.349
2024-01-01 14:58:00,26.346,30.056,11.938,16.295,26.601,28.990,10.137
2024-01-01 14:59:00,28.848,27.417,8.687,18.979,29.878,25.107,6.969
2024-01-01 15:00:00,28.559,29.207,8.869,18.833,25.010,26.307,9.922
2024-01-01 15:01:00,29.028,26.741,9.574,17.708,28.414,26.789,9.170
2024-01-01 15:02:00,29.094,27.749,9.192,17.069,30.540,28.912,10.249
2024-01-01 15:03:00,27.801,31.724,8.079,17.073,29.165,27.669,10.001
2024-01-01 15:04:00,29.836,28.350,7.945,19.852,30.542,29.139,8.937
2024-01-01 15:05:00,29.191,30.510,9.740,16.091,26.492,26.836,7.804
2024-01-01 15:06:00,27.630,31.909,8.317,17.047,29.172,29.316,10.233
2024-01-01 15:07:00,29.813,30.135,6.991,15.495,25.013,30.847,7.620
2024-01-01 15:08:00,24.093,28.291,7.750,16.666,27.375,26.975,7.629
2024-01-01 15:09:00,27.200,27.810,6.798,17.906,26.421,26.891,7.797
2024-01-01 15:10:00,26.573,26.609,11.072,15.248,26.776,26.116,7.472
2024-01-01 15:11:00,28.326,27.849,7.888,16.786,26.897,26.438,9.079
2024-01-01 15:12:00,27.102,27.193,9.272,19.077,30.472,23.212,9.841
2024-01-01 15:13:00,25.209,28.372,7.263,17.800,28.272,29.670,7.089
2024-01-01 15:14:00,26.977,29.097,6.887,15.850,28.603,27.662,9.663
2024-01-01 15:15:00,27.679,27.885,8.386,17.134,26.207,26.008,9.242
2024-01-01 15:16:00,26.348,28.215,7.478,15.141,27.762,23.861,6.628
2024-01-01 15:17:00,26.033,23.399,8.701,17.489,28.385,25.769,7.777
2024-01-01 15:18:00,27.553,25.626,6.922,18.020,30.585,25.409,7.976
2024-01-01 15:19:00,26.047,24.555,8.128,15.788,26.566,26.115,8.347
2024-01-01 15:20:00,26.234,26.049,8.720,15.725,29.455,27.629,10.042
2024-01-01 15:21:00,27.023,26.449,8.292,16.386,28.709,27.264,8.541
2024-01-01 15:22:00,27.215,27.213,7.532,15.437,27.847,26.303,8.953
2024-01-01 15:23:00,25.400,25.820,7.658,16.121,28.055,27.498,9.748
2024-01-01 15:24:00,27.478,26.680,7.955,15.414,24.028,27.877,9.004
2024-01-01 15:25:00,27.323,27.334,8.813,17.630,25.309,28.316,10.126
2024-01-01 15:26:00,28.669,25.898,7.914,16.237,22.747,29.579,8.229
2024-01-01 15:27:00,24.773,26.367,8.214,14.163,28.946,25.066,9.057
2024-01-01 15:28:00,23.119,25.821,6.966,15.102,29.139,24.639,8.973
2024-01-01 15:29:00,26.861,27.058,7.572,15.620,25.717,25.477,10.227
2024-01-01 15:30:00,27.983,24.450,6.350,12.305,27.740,26.922,8.856
2024-01-01 15:31:00,26.476,26.714,8.402,12.338,25.930,26.203,8.273
2024-01-01 15:32:00,27.497,26.198,7.554,13.081,21.917,25.122,8.895
2024-01-01 15:33:00,25.904,24.712,8.793,14.058,27.967,24.642,8.097
2024-01-01 15:34:00,22.536,24.896,9.560,13.432,26.619,28.578,6.561
2024-01-01 15:35:00,27.206,24.668,7.554,17.730,26.641,26.441,10.375
2024-01-01 15:36:00,23.425,25.117,8.104,16.237,22.852,26.642,8.106
2024-01-01 15:37:00,28.631,24.276,7.098,15.880,27.088,24.796,9.536
2024-01-01 15:38:00,24.384,25.235,8.604,13.333,23.638,27.275,9.462
2024-01-01 15:39:00,26.136,21.822,7.644,14.932,26.571,26.591,9.142
2024-01-01 15:40:00,24.028,23.595,6.156,16.022,22.083,25.499,7.838
2024-01-01 15:41:00,27.247,24.929,7.174,13.076,26.024,25.819,8.766
2024-01-01 15:42:00,23.892,25.370,5.893,14.271,23.597,24.812,8.834
2024-01-01 15:43:00,27.797,24.747,7.102,16.826,25.613,26.026,10.562
2024-01-01 15:44:00,24.092,23.132,6.390,10.943,24.135,25.971,9.504
2024-01-01 15:45:00,25.873,24.626,8.351,12.458,25.444,22.662,7.801
2024-01-01 15:46:00,26.689,23.036,5.421,16.821,26.551,25.536,8.003
2024-01-01 15:47:00,24.689,23.785,6.379,17.125,24.134,24.124,8.502
2024-01-01 15:48:00,23.679,23.489,7.302,11.955,25.050,22.449,6.207
2024-01-01 15:49:00,24.840,21.985,6.808,15.118,25.695,27.250,7.539
2024-01-01 15:50:00,25.808,25.691,6.536,13.931,28.683,24.156,7.991
2024-01-01 15:51:00,23.743,25.017,8.521,13.183,24.757,21.742,7.593
2024-01-01 15:52:00,23.555,23.324,5.831,13.357,23.014,21.466,6.772
2024-01-01 15:53:00,24.790,23.784,7.295,10.570,24.080,23.364,8.907
2024-01-01 15:54:00,26.298,23.497,5.744,12.069,24.699,22.924,9.989
2024-01-01 15:55:00,24.681,23.737,5.990,10.850,24.987,21.461,8.663
2024-01-01 15:56:00,25.118,26.743,6.375,11.924,23.876,23.995,7.041
2024-01-01 15:57:00,24.668,23.615,6.217,11.193,24.736,23.548,9.202
2024-01-01 15:58:00,23.561,21.440,7.673,10.138,21.143,24.570,6.637
2024-01-01 15:59:00,24.195,27.573,6.270,14.096,28.609,19.069,7.381
2024-01-01 16:00:00,23.481,23.679,7.069,12.934,22.000,22.992,10.738
2024-01-01 16:01:00,25.819,21.666,4.936,11.293,26.042,22.242,8.873
2024-01-01 16:02:00,24.226,28.819,6.981,14.993,24.245,23.556,8.870
2024-01-01 16:03:00,23.214,21.684,6.082,12.852,26.265,24.306,8.545
2024-01-01 16:04:00,24.710,24.827,3.958,9.209,21.551,23.410,8.904
2024-01-01 16:05:00,23.985,25.662,6.469,10.447,22.497,23.718,7.309
2024-01-01 16:06:00,22.768,23.843,8.091,12.091,24.092,25.407,9.490
2024-01-01 16:07:00,24.700,21.081,5.934,11.401,22.622,22.495,10.094
2024-01-01 16:08:00,18.921,23.554,6.274,9.502,24.288,23.932,8.558
2024-01-01 16:09:00,21.280,25.891,4.768,11.955,19.325,23.313,7.520
2024-01-01 16:10:00,20.132,22.620,5.280,12.683,19.878,19.792,9.381
2024-01-01 16:11:00,23.276,22.224,7.758,12.531,22.586,27.194,7.210
2024-01-01 16:12:00,23.136,24.138,6.202,11.737,22.090,18.850,5.887
2024-01-01 16:13:00,21.344,20.264,5.166,9.956,24.611,18.794,12.001
2024-01-01 16:14:00,21.333,23.914,4.889,12.013,23.704,24.365,6.671
2024-01-01 16:15:00,21.705,19.993,3.799,9.357,19.108,21.128,11.403
2024-01-01 16:16:00,20.701,21.359,3.963,10.584,22.463,20.714,6.631
2024-01-01 16:17:00,23.037,24.749,6.356,8.967,24.227,22.220,9.468
2024-01-01 16:18:00,20.140,23.767,5.697,8.473,20.933,25.181,7.952
2024-01-01 16:19:00,22.692,20.569,6.593,12.696,22.528,23.799,7.035
2024-01-01 16:20:00,19.251,22.523,3.921,12.220,23.411,24.218,8.139
2024-01-01 16:21:00,21.620,24.365,6.339,13.567,23.880,21.477,6.087
2024-01-01 16:22:00,20.448,21.031,6.315,9.352,23.557,24.661,8.681
2024-01-01 16:23:00,21.458,22.534,4.394,11.702,23.041,23.132,9.680
2024-01-01 16:24:00,23.597,22.528,3.858,10.836,20.873,21.124,8.193
2024-01-01 16:25:00,22.324,18.322,3.235,9.295,17.422,21.820,6.067
2024-01-01 16:26:00,23.619,21.511,4.108,9.849,23.568,21.660,10.503
2024-01-01 16:27:00,21.037,23.048,2.775,8.408,20.595,20.764,8.465
2024-01-01 16:28:00,21.635,18.909,7.031,9.558,24.204,23.980,7.944
2024-01-01 16:29:00,20.393,19.129,4.618,8.592,23.370,19.310,9.414
2024-01-01 16:30:00,21.165,21.344,3.757,9.896,21.043,22.035,5.670
2024-01-01 16:31:00,22.920,19.847,3.910,9.059,22.524,23.701,10.490
2024-01-01 16:32:00,20.475,22.132,4.500,8.743,23.426,21.781,8.474
2024-01-01 16:33:00,18.936,21.901,4.905,8.655,18.740,25.247,8.704
2024-01-01 16:34:00,22.045,23.058,4.553,8.052,19.067,20.619,10.800
2024-01-01 16:35:00,20.970,20.210,3.746,7.418,17.852,18.489,7.723
2024-01-01 16:36:00,20.427,19.634,3.519,7.362,20.254,20.260,7.528
2024-01-01 16:37:00,21.565,20.878,3.707,9.279,19.376,19.765,8.859
2024-01-01 16:38:00,18.177,21.218,4.177,9.372,21.282,18.128,9.948
2024-01-01 16:39:00,20.399,21.390,5.488,10.888,19.094,19.178,9.280
2024-01-01 16:40:00,20.501,19.570,3.094,9.015,20.052,19.204,9.059
2024-01-01 16:41:00,19.368,19.519,3.970,7.239,19.647,22.026,10.445
2024-01-01 16:42:00,18.804,17.705,5.095,8.785,20.064,19.947,6.658
2024-01-01 16:43:00,18.619,21.138,2.863,6.595,18.319,19.004,7.625
2024-01-01 16:44:00,19.894,21.743,4.283,7.055,20.208,20.527,10.355
2024-01-01 16:45:00,21.316,20.044,4.345,8.684,22.077,18.096,7.823
2024-01-01 16:46:00,18.810,16.536,3.340,8.179,20.319,18.049,11.433
2024-01-01 16:47:00,20.526,20.911,1.873,7.301,17.255,19.224,7.108
2024-01-01 16:48:00,17.152,21.127,3.002,8.305,21.532,19.373,9.041
2024-01-01 16:49:00,20.439,19.655,4.649,6.374,17.070,20.806,8.111
2024-01-01 16:50:00,17.610,19.081,4.747,9.140,19.939,21.996,5.644
2024-01-01 16:51:00,20.547,22.068,4.134,5.639,21.035,20.239,8.872
2024-01-01 16:52:00,23.088,22.168,1.491,7.835,20.427,22.433,9.624
2024-01-01 16:53:00,18.050,18.541,3.229,8.347,19.389,21.409,9.644
2024-01-01 16:54:00,23.364,19.540,2.227,6.574,18.002,20.805,10.384
2024-01-01 16:55:00,19.672,19.681,3.624,7.064,19.672,18.652,10.368
2024-01-01 16:56:00,20.052,20.231,3.462,9.235,19.994,20.288,7.797
2024-01-01 16:57:00,18.768,15.951,4.610,9.883,16.795,20.487,9.637
2024-01-01 16:58:00,17.242,17.664,3.128,6.944,18.173,21.731,8.183
2024-01-01 16:59:00,19.254,18.830,3.114,6.830,20.832,17.615,7.205
2024-01-01 17:00:00,16.890,19.849,1.625,6.513,21.329,18.889,8.986
2024-01-01 17:01:00,18.461,20.807,1.481,4.874,21.746,15.791,7.824
2024-01-01 17:02:00,16.117,19.139,3.994,5.677,19.962,17.721,8.273
2024-01-01 17:03:00,22.009,17.758,3.492,4.943,14.423,16.743,8.563
2024-01-01 17:04:00,15.743,19.008,3.882,5.902,18.231,18.860,9.053
2024-01-01 17:05:00,18.088,17.944,1.972,4.770,17.738,18.037,7.523
2024-01-01 17:06:00,15.400,17.917,3.227,8.097,19.721,17.770,8.571
2024-01-01 17:07:00,21.899,18.022,3.971,7.526,16.386,21.205,7.627
2024-01-01 17:08:00,15.678,19.425,2.515,8.479,18.262,18.214,9.471
2024-01-01 17:09:00,15.995,17.607,2.341,5.151,18.013,19.605,9.359
2024-01-01 17:10:00,19.691,17.698,2.730,7.363,15.186,19.628,10.781
2024-01-01 17:11:00,16.540,18.688,2.041,6.706,16.052,15.692,9.798
2024-01-01 17:12:00,18.945,19.656,3.634,5.586,18.144,17.665,6.477
2024-01-01 17:13:00,15.442,20.300,0.929,2.400,21.584,20.286,12.105
2024-01-01 17:14:00,17.997,15.983,1.836,2.341,18.036,18.223,12.108
2024-01-01 17:15:00,18.261,16.385,3.960,5.423,21.136,16.650,10.140
2024-01-01 17:16:00,18.508,17.322,3.212,6.071,17.795,16.273,7.487
2024-01-01 17:17:00,17.886,17.225,3.083,5.704,16.847,15.639,12.098
2024-01-01 17:18:00,14.915,17.360,0.112,4.246,19.100,17.397,8.715
2024-01-01 17:19:00,15.689,17.713,3.468,4.530,18.640,17.901,9.755
2024-01-01 17:20:00,17.486,19.618,2.922,4.873,18.028,12.650,9.205
2024-01-01 17:21:00,19.573,18.627,3.411,3.937,14.764,18.533,7.497
2024-01-01 17:22:00,18.057,14.706,2.036,4.719,19.001,18.959,7.792
2024-01-01 17:23:00,17.506,15.509,-0.104,4.476,15.644,19.143,11.127
2024-01-01 17:24:00,18.754,18.706,3.353,7.650,14.731,17.038,11.998
2024-01-01 17:25:00,18.162,17.859,3.794,3.737,18.906,14.394,7.508
2024-01-01 17:26:00,17.367,13.125,-0.158,6.402,14.449,18.439,9.745
2024-01-01 17:27:00,13.910,17.404,2.522,5.531,17.942,17.113,6.657
2024-01-01 17:28:00,16.406,17.113,2.255,3.009,16.149,18.755,9.551
2024-01-01 17:29:00,20.416,16.962,3.315,4.133,15.406,16.196,8.481
2024-01-01 17:30:00,17.317,14.537,2.749,3.200,16.454,15.039,6.219
2024-01-01 17:31:00,17.600,17.580,-0.324,1.922,18.021,18.217,9.629
2024-01-01 17:32:00,16.512,16.779,1.827,5.947,15.656,15.624,9.836
2024-01-01 17:33:00,16.206,17.152,2.086,7.247,15.877,17.763,7.499
2024-01-01 17:34:00,15.138,15.296,1.873,5.608,17.462,13.893,9.004
2024-01-01 17:35:00,17.816,16.844,2.098,2.511,14.655,17.762,9.874
2024-01-01 17:36:00,15.462,15.215,-0.267,3.552,15.667,15.664,8.448
2024-01-01 17:37:00,15.031,17.426,1.841,7.348,16.722,14.554,8.896
2024-01-01 17:38:00,15.920,18.416,2.300,2.676,15.948,13.517,8.177
2024-01-01 17:39:00,17.363,19.421,2.747,5.840,17.423,18.158,8.430
2024-01-01 17:40:00,16.778,17.882,3.254,2.954,16.980,14.119,7.355
2024-01-01 17:41:00,15.531,12.788,1.834,2.205,15.208,12.801,8.812
2024-01-01 17:42:00,17.359,17.828,2.873,2.428,16.639,15.823,8.666
2024-01-01 17:43:00,13.771,17.409,2.013,3.377,15.923,16.619,8.766
2024-01-01 17:44:00,14.521,13.683,2.433,2.280,16.898,17.517,7.273
2024-01-01 17:45:00,17.643,15.797,1.817,5.045,16.632,17.117,7.725
2024-01-01 17:46:00,19.635,16.793,1.314,1.662,12.586,18.010,6.893
2024-01-01 17:47:00,15.460,15.438,0.616,5.186,17.854,17.898,7.850
2024-01-01 17:48:00,15.797,16.260,0.763,0.582,16.322,15.402,10.262
2024-01-01 17:49:00,14.755,16.253,1.908,5.295,16.617,14.889,7.825
2024-01-01 17:50:00,14.608,14.048,2.247,4.022,14.250,16.090,8.898
2024-01-01 17:51:00,13.073,11.654,1.537,3.951,15.138,12.593,8.295
2024-01-01 17:52:00,13.777,14.734,1.819,2.451,15.599,17.671,11.732
2024-01-01 17:53:00,14.469,14.153,2.738,3.319,13.559,14.283,8.067
2024-01-01 17:54:00,13.511,12.312,1.909,3.015,15.533,18.276,7.666
2024-01-01 17:55:00,14.500,18.150,2.705,3.278,14.245,14.547,6.487
2024-01-01 17:56:00,14.921,15.095,0.746,3.577,14.893,15.754,8.672
2024-01-01 17:57:00,15.660,14.206,0.751,4.814,16.507,17.041,8.895
2024-01-01 17:58:00,16.326,14.235,2.213,3.620,12.726,16.799,9.418
2024-01-01 17:59:00,14.366,15.537,1.197,0.003,15.001,15.979,10.229
2024-01-01 18:00:00,15.854,16.848,2.542,3.289,16.559,11.838,7.880
2024-01-01 18:01:00,14.338,15.612,-1.373,2.876,17.791,15.819,10.132
2024-01-01 18:02:00,15.197,16.084,-0.494,4.403,16.766,16.419,8.024
2024-01-01 18:03:00,18.623,16.109,1.777,2.492,15.892,12.486,7.740
2024-01-01 18:04:00,14.421,11.993,-0.310,3.129,13.243,10.988,8.593
2024-01-01 18:05:00,15.565,16.824,2.501,0.168,15.324,15.392,7.561
2024-01-01 18:06:00,12.874,16.735,0.428,0.864,16.601,14.870,12.036
2024-01-01 18:07:00,14.584,14.613,1.021,-0.068,15.455,15.044,10.067
2024-01-01 18:08:00,15.682,11.324,0.051,2.018,16.215,14.408,7.136
2024-01-01 18:09:00,13.102,16.115,1.311,3.331,13.670,13.759,10.029
2024-01-01 18:10:00,12.575,14.433,2.120,1.148,13.918,15.659,6.442
2024-01-01 18:11:00,12.343,14.328,1.998,3.734,15.274,15.771,10.315
2024-01-01 18:12:00,11.082,16.180,1.727,1.232,16.910,14.163,8.407
2024-01-01 18:13:00,11.325,14.811,0.008,1.766,17.121,15.949,7.252
2024-01-01 18:14:00,13.409,14.311,1.804,2.053,16.379,10.413,7.551
2024-01-01 18:15:00,10.382,14.367,2.441,-1.378,14.172,15.252,6.500
2024-01-01 18:16:00,14.879,14.989,1.240,2.030,15.181,16.566,9.005
2024-01-01 18:17:00,11.237,14.294,2.168,0.440,14.629,12.843,6.727
2024-01-01 18:18:00,14.981,15.441,0.458,2.070,15.773,14.881,10.677
2024-01-01 18:19:00,13.576,15.068,2.033,1.339,16.553,14.113,9.576
2024-01-01 18:20:00,11.204,14.641,2.073,1.232,14.479,8.688,5.176
2024-01-01 18:21:00,14.528,12.538,0.865,1.978,12.550,13.376,8.900
2024-01-01 18:22:00,14.882,15.342,1.354,2.057,14.523,12.920,7.720
2024-01-01 18:23:00,12.736,15.155,0.906,0.088,13.023,12.391,9.029
2024-01-01 18:24:00,10.266,13.923,0.415,1.289,10.969,10.684,6.674
2024-01-01 18:25:00,13.283,13.744,0.353,1.661,17.935,16.513,10.016
2024-01-01 18:26:00,14.100,10.853,1.199,3.547,14.669,15.084,7.984
2024-01-01 18:27:00,9.303,14.871,0.025,1.923,14.135,14.408,7.803
2024-01-01 18:28:00,10.673,11.399,-1.177,1.998,15.263,14.511,10.004
2024-01-01 18:29:00,14.260,12.918,0.680,3.275,15.990,16.680,8.154
2024-01-01 18:30:00,10.029,13.817,0.017,1.138,13.867,17.749,8.156
2024-01-01 18:31:00,14.103,15.813,1.324,1.157,15.279,16.701,7.920
2024-01-01 18:32:00,11.194,13.676,-0.043,2.834,14.592,13.251,9.241
2024-01-01 18:33:00,12.028,16.126,-1.451,2.902,13.038,12.317,7.187
2024-01-01 18:34:00,13.068,11.796,-0.230,1.617,11.255,13.560,7.385
2024-01-01 18:35:00,11.860,13.673,-0.618,1.783,13.378,13.045,9.757
2024-01-01 18:36:00,13.419,13.377,1.190,-0.065,13.662,17.518,9.776
2024-01-01 18:37:00,16.104,13.759,0.584,-0.209,10.956,14.522,7.940
2024-01-01 18:38:00,12.102,13.557,0.873,1.575,17.087,10.721,7.084
2024-01-01 18:39:00,13.148,12.508,0.804,0.830,11.719,15.337,9.249
2024-01-01 18:40:00,12.977,13.396,-0.036,1.348,14.877,14.306,8.751
2024-01-01 18:41:00,12.395,12.920,-0.418,0.416,11.432,16.614,7.499
2024-01-01 18:42:00,14.364,15.322,0.459,0.122,14.368,14.572,9.098
2024-01-01 18:43:00,12.702,10.991,0.150,1.931,13.193,13.584,8.053
2024-01-01 18:44:00,14.147,10.835,0.531,2.814,11.902,8.809,6.969
2024-01-01 18:45:00,14.632,14.630,1.201,-0.488,15.196,12.319,10.187
2024-01-01 18:46:00,11.236,13.559,0.718,1.970,15.104,15.883,9.999
2024-01-01 18:47:00,12.550,11.621,1.508,1.311,13.413,12.308,8.098
2024-01-01 18:48:00,16.142,14.772,-0.057,2.581,16.049,12.459,6.973
2024-01-01 18:49:00,12.234,13.434,-0.580,3.215,12.111,11.297,8.722
2024-01-01 18:50:00,11.365,14.327,0.204,2.909,12.699,9.504,8.479
2024-01-01 18:51:00,13.088,12.485,0.845,2.426,13.302,13.078,8.493
2024-01-01 18:52:00,12.303,15.109,-0.079,0.319,10.323,12.537,9.777
2024-01-01 18:53:00,12.275,14.197,0.782,-2.384,12.460,11.610,6.242
2024-01-01 18:54:00,14.347,15.538,0.382,0.911,10.321,10.690,7.891
2024-01-01 18:55:00,12.805,12.056,2.459,1.903,16.314,14.019,7.614
2024-01-01 18:56:00,11.372,12.943,0.738,-0.333,12.641,11.299,10.456
2024-01-01 18:57:00,13.777,12.503,0.028,1.824,12.414,13.943,8.752
2024-01-01 18:58:00,13.725,11.004,-1.062,-0.885,14.836,11.581,9.359
2024-01-01 18:59:00,10.452,11.239,0.142,2.820,12.061,12.561,8.113
2024-01-01 19:00:00,11.431,12.601,1.579,0.402,14.427,12.764,13.145
2024-01-01 19:01:00,13.479,11.615,0.938,-0.079,10.575,16.314,11.047
2024-01-01 19:02:00,11.904,12.014,0.679,3.047,10.221,13.126,7.113
2024-01-01 19:03:00,9.957,13.420,-0.697,3.570,11.900,13.132,8.349
2024-01-01 19:04:00,13.219,12.882,-0.525,2.334,11.460,13.473,6.700
2024-01-01 19:05:00,14.046,13.294,-0.418,-0.751,12.765,10.631,7.132
2024-01-01 19:06:00,13.463,11.026,0.339,1.446,13.319,10.804,10.496
2024-01-01 19:07:00,11.277,13.218,1.713,1.905,13.088,11.203,8.145
2024-01-01 19:08:00,10.444,11.379,-0.381,1.332,13.905,14.473,8.244
2024-01-01 19:09:00,13.593,14.378,-0.431,-0.028,11.824,11.568,6.904
2024-01-01 19:10:00,11.141,12.194,0.018,0.636,14.066,11.385,10.250
2024-01-01 19:11:00,13.996,14.290,-1.095,-2.053,12.029,12.082,7.584
2024-01-01 19:12:00,13.988,13.363,-0.461,1.606,11.715,8.416,8.171
2024-01-01 19:13:00,14.818,10.116,0.101,0.820,13.171,14.798,8.214
2024-01-01 19:14:00,15.453,12.603,0.036,-0.017,9.711,13.276,8.877
2024-01-01 19:15:00,12.947,11.052,0.627,1.481,11.583,13.014,10.033
2024-01-01 19:16:00,9.892,12.238,0.808,1.342,15.207,11.386,9.351
2024-01-01 19:17:00,11.684,13.155,-0.159,1.078,11.148,11.306,8.401
2024-01-01 19:18:00,11.528,11.310,0.860,0.265,11.419,13.615,9.027
2024-01-01 19:19:00,11.619,10.169,0.656,1.682,14.353,13.450,7.937
2024-01-01 19:20:00,11.812,12.153,1.192,0.133,11.170,11.489,7.131
2024-01-01 19:21:00,13.457,14.407,1.522,1.485,12.504,16.650,11.397
2024-01-01 19:22:00,10.586,11.968,1.119,1.882,15.038,15.119,9.161
2024-01-01 19:23:00,9.790,11.544,-1.223,0.291,12.206,16.059,11.242
2024-01-01 19:24:00,10.476,10.732,0.334,1.281,12.132,14.763,9.763
2024-01-01 19:25:00,11.332,13.648,0.481,1.186,15.591,12.478,6.703
2024-01-01 19:26:00,9.356,11.650,-0.664,-0.253,11.337,9.765,9.410
2024-01-01 19:27:00,11.466,11.632,-0.296,0.924,12.645,9.812,8.766
2024-01-01 19:28:00,11.538,10.258,0.247,2.883,16.041,9.432,6.632
2024-01-01 19:29:00,12.620,8.583,1.134,3.768,14.304,9.451,7.493
2024-01-01 19:30:00,13.615,11.671,-0.391,1.237,9.571,15.032,8.809
2024-01-01 19:31:00,12.263,13.191,0.102,1.600,9.889,13.170,8.765
2024-01-01 19:32:00,9.466,8.990,1.471,-0.355,11.228,10.010,9.460
2024-01-01 19:33:00,11.792,12.306,1.433,-1.132,13.114,12.531,8.891
2024-01-01 19:34:00,11.789,10.177,-0.416,-1.127,12.700,10.132,8.276
2024-01-01 19:35:00,11.083,10.817,-0.190,0.366,10.766,11.412,9.631
2024-01-01 19:36:00,8.183,12.101,1.510,1.920,11.838,11.956,9.014
2024-01-01 19:37:00,11.865,10.496,0.144,1.160,9.740,11.550,6.423
2024-01-01 19:38:00,11.109,11.307,0.294,2.894,12.483,12.820,9.362
2024-01-01 19:39:00,11.316,9.098,0.602,0.545,9.291,12.492,9.037
2024-01-01 19:40:00,11.849,10.231,-0.708,1.779,14.030,12.298,9.437
2024-01-01 19:41:00,10.125,9.564,1.120,2.637,12.658,14.252,8.564
2024-01-01 19:42:00,8.552,11.959,1.142,-1.149,8.329,9.391,6.631
2024-01-01 19:43:00,11.846,11.871,1.767,2.185,13.404,13.172,7.260
2024-01-01 19:44:00,14.075,11.521,1.463,0.616,14.501,11.461,6.457
2024-01-01 19:45:00,12.816,10.979,1.565,-1.733,11.130,9.812,7.506
2024-01-01 19:46:00,13.868,10.106,-0.053,1.370,11.530,9.018,8.213
2024-01-01 19:47:00,9.203,10.958,-1.228,-0.557,9.561,13.354,13.110
2024-01-01 19:48:00,9.457,10.851,-0.292,1.727,11.026,10.257,9.256
2024-01-01 19:49:00,11.895,12.282,0.807,0.342,12.983,12.643,10.375
2024-01-01 19:50:00,11.714,12.436,1.361,-0.077,12.856,10.682,8.213
2024-01-01 19:51:00,13.987,13.283,-0.824,1.636,11.394,11.770,10.086
2024-01-01 19:52:00,11.770,10.505,1.285,-0.121,9.783,14.678,9.234
2024-01-01 19:53:00,10.354,10.862,0.089,1.907,12.178,12.163,11.271
2024-01-01 19:54:00,12.287,10.272,1.042,0.207,15.814,13.353,9.273
2024-01-01 19:55:00,12.033,9.882,0.491,0.759,10.113,8.416,8.126
2024-01-01 19:56:00,10.506,10.791,1.363,-0.111,9.073,12.296,9.243
2024-01-01 19:57:00,9.094,10.526,1.556,0.348,13.746,11.916,7.319
2024-01-01 19:58:00,10.875,12.293,-0.672,0.251,13.751,12.714,8.979
2024-01-01 19:59:00,14.456,8.844,-0.637,0.423,13.024,10.346,9.335
2024-01-01 20:00:00,9.605,10.097,-0.543,1.998,10.178,10.855,10.391
2024-01-01 20:01:00,10.632,12.616,1.096,0.555,13.785,8.975,8.701
2024-01-01 20:02:00,11.708,12.169,-0.911,-0.142,12.546,11.573,7.980
2024-01-01 20:03:00,9.712,12.201,2.064,-0.347,8.333,11.026,7.785
2024-01-01 20:04:00,9.066,11.271,-1.148,-1.948,13.353,13.048,7.050
2024-01-01 20:05:00,13.087,10.202,2.623,0.395,7.797,8.954,9.964
2024-01-01 20:06:00,11.529,12.649,0.374,-0.657,9.512,9.998,11.528
2024-01-01 20:07:00,13.032,11.054,-0.241,0.106,7.203,9.477,8.400
2024-01-01 20:08:00,10.863,13.489,-0.386,0.757,11.310,9.518,8.856
2024-01-01 20:09:00,10.461,8.599,0.760,1.808,12.772,12.249,10.614
2024-01-01 20:10:00,9.059,8.814,0.741,-1.064,7.957,10.215,6.040
2024-01-01 20:11:00,7.575,11.439,1.315,-2.011,14.012,11.891,10.249
2024-01-01 20:12:00,10.725,12.961,-1.598,-0.184,8.014,12.494,11.402
2024-01-01 20:13:00,11.712,10.029,0.039,-2.219,12.125,8.587,8.758
2024-01-01 20:14:00,12.185,13.938,0.968,-0.134,10.458,8.806,7.142
2024-01-01 20:15:00,11.423,14.109,0.556,-2.032,11.606,12.684,10.404
2024-01-01 20:16:00,13.490,10.877,0.179,-2.053,10.186,8.400,9.657
2024-01-01 20:17:00,9.485,13.681,-0.439,1.057,11.134,12.063,8.474
2024-01-01 20:18:00,10.915,10.976,0.677,1.177,11.821,12.274,7.303
2024-01-01 20:19:00,8.053,13.251,-0.333,-0.173,7.761,10.941,9.329
2024-01-01 20:20:00,9.387,11.943,0.911,1.282,10.738,9.322,8.878
2024-01-01 20:21:00,11.501,14.470,-0.349,0.427,11.402,7.258,9.223
2024-01-01 20:22:00,9.308,12.175,0.884,0.757,11.098,9.481,8.600
2024-01-01 20:23:00,10.913,12.306,-0.137,0.184,8.654,13.044,9.309
2024-01-01 20:24:00,11.977,9.394,0.723,-0.186,10.490,15.408,7.359
2024-01-01 20:25:00,10.334,12.306,0.524,2.591,12.698,10.290,5.860
2024-01-01 20:26:00,10.074,9.922,-0.264,-0.888,9.603,11.400,9.434
2024-01-01 20:27:00,10.706,8.113,-0.148,-1.770,12.382,8.794,8.162
2024-01-01 20:28:00,13.773,10.789,0.643,2.383,9.299,12.227,10.676
2024-01-01 20:29:00,8.783,10.192,1.077,-0.027,11.175,10.203,8.683
2024-01-01 20:30:00,10.877,9.299,0.481,1.772,10.170,12.966,10.605
2024-01-01 20:31:00,11.299,12.142,-0.132,-1.757,11.487,12.018,8.138
2024-01-01 20:32:00,13.326,11.461,-0.538,-1.544,12.419,13.051,7.098
2024-01-01 20:33:00,12.917,13.666,0.846,1.123,11.790,13.294,8.921
2024-01-01 20:34:00,10.700,11.001,1.028,0.429,9.110,11.928,9.103
2024-01-01 20:35:00,11.823,9.967,0.512,-1.738,9.371,9.788,8.471
2024-01-01 20:36:00,11.902,11.169,-0.596,-0.623,7.467,10.372,8.343
2024-01-01 20:37:00,7.066,9.600,-0.152,0.413,8.236,6.226,7.079
2024-01-01 20:38:00,7.077,11.272,-1.529,0.959,11.393,11.727,9.326
2024-01-01 20:39:00,7.998,7.676,2.978,1.089,11.358,12.404,10.660
2024-01-01 20:40:00,11.535,10.813,0.331,-0.785,8.525,12.586,6.945
2024-01-01 20:41:00,13.065,9.378,-1.330,0.078,10.266,9.803,7.821
2024-01-01 20:42:00,11.786,10.985,0.319,0.291,13.422,11.999,7.982
2024-01-01 20:43:00,10.256,11.728,-0.040,-2.770,13.811,10.382,8.527
2024-01-01 20:44:00,11.625,11.788,1.159,4.006,9.753,12.183,6.853
2024-01-01 20:45:00,9.371,10.389,0.548,0.722,11.700,8.723,11.233
2024-01-01 20:46:00,12.360,10.833,-0.273,0.625,7.435,10.563,8.068
2024-01-01 20:47:00,9.642,10.058,0.693,-0.069,12.053,10.279,9.836
2024-01-01 20:48:00,12.438,11.848,0.946,-2.782,8.585,11.321,8.629
2024-01-01 20:49:00,10.580,9.449,-0.001,-1.184,11.438,8.139,8.315
2024-01-01 20:50:00,10.785,10.192,2.558,2.536,10.841,9.829,10.110
2024-01-01 20:51:00,10.682,8.336,0.406,2.210,10.097,11.521,8.597
2024-01-01 20:52:00,12.435,12.243,-0.603,2.333,10.783,13.746,8.623
2024-01-01 20:53:00,12.427,10.949,1.190,-0.088,11.801,12.051,8.423
2024-01-01 20:54:00,10.521,10.903,0.089,-3.237,9.450,7.557,11.109
2024-01-01 20:55:00,10.377,10.966,1.809,1.885,10.138,10.505,9.163
2024-01-01 20:56:00,9.394,10.339,0.702,-1.264,9.515,10.482,6.744
2024-01-01 20:57:00,8.687,10.688,-1.953,-1.611,9.114,10.320,8.895
2024-01-01 20:58:00,13.290,9.712,1.012,2.617,10.106,14.411,6.327
2024-01-01 20:59:00,9.238,11.603,1.287,-1.133,13.483,6.767,6.045
2024-01-01 21:00:00,10.703,11.417,0.147,-0.034,12.503,11.237,9.999
2024-01-01 21:01:00,10.526,9.734,-0.798,1.286,12.601,10.384,7.777
2024-01-01 21:02:00,9.651,9.459,-0.245,1.693,8.957,10.046,9.767
2024-01-01 21:03:00,8.839,8.886,-1.984,-2.766,11.445,10.916,6.963
2024-01-01 21:04:00,10.197,10.160,2.612,0.184,8.877,7.180,10.704
2024-01-01 21:05:00,9.565,8.579,1.710,-0.103,8.543,11.463,9.501
2024-01-01 21:06:00,10.224,12.698,1.803,-1.874,11.874,11.392,10.198
2024-01-01 21:07:00,6.625,10.071,1.880,0.373,15.558,9.070,7.488
2024-01-01 21:08:00,11.630,8.642,0.382,1.406,10.390,11.323,5.830
2024-01-01 21:09:00,9.809,11.179,-1.619,-0.387,11.399,11.269,9.016
2024-01-01 21:10:00,7.721,9.657,1.741,-0.189,5.623,9.843,11.199
2024-01-01 21:11:00,9.398,10.023,-0.835,0.859,13.125,11.924,8.825
2024-01-01 21:12:00,11.555,11.528,-2.135,-0.231,11.297,13.953,9.830
2024-01-01 21:13:00,10.035,11.545,0.188,-0.129,9.460,11.315,5.950
2024-01-01 21:14:00,9.625,11.000,0.313,0.497,8.941,11.767,6.899
2024-01-01 21:15:00,10.686,9.942,-0.938,2.082,10.001,11.920,6.967
2024-01-01 21:16:00,9.516,8.513,-0.026,-4.195,8.885,8.874,11.282
2024-01-01 21:17:00,10.908,9.557,-1.031,0.888,11.671,10.774,7.069
2024-01-01 21:18:00,10.662,10.392,0.369,1.026,8.449,12.774,9.198
2024-01-01 21:19:00,10.719,10.954,0.565,-0.371,9.268,11.451,9.378
2024-01-01 21:20:00,11.145,8.946,0.212,-1.335,8.712,9.181,7.659
2024-01-01 21:21:00,9.287,10.808,-0.168,-1.200,9.013,8.502,8.867
2024-01-01 21:22:00,8.822,11.123,1.044,-1.507,7.759,10.179,9.533
2024-01-01 21:23:00,10.153,12.488,-0.172,-0.473,9.934,12.318,10.040
2024-01-01 21:24:00,11.510,10.336,-0.665,0.129,9.138,11.527,8.301
2024-01-01 21:25:00,9.652,10.550,-0.343,-0.112,11.921,8.767,9.655
2024-01-01 21:26:00,12.327,12.881,0.158,-1.427,12.573,8.419,10.691
2024-01-01 21:27:00,11.515,11.117,0.164,0.975,12.157,11.565,10.822
2024-01-01 21:28:00,10.968,11.118,0.541,0.386,6.649,8.524,5.612
2024-01-01 21:29:00,9.536,12.239,2.170,0.364,12.625,13.492,7.769
2024-01-01 21:30:00,9.675,11.135,-0.191,0.756,11.303,13.274,7.850
2024-01-01 21:31:00,10.332,12.057,0.146,1.172,8.006,10.316,9.862
2024-01-01 21:32:00,11.549,11.275,-0.009,1.481,13.281,8.718,5.599
2024-01-01 21:33:00,11.624,9.626,1.322,-1.851,9.542,11.655,7.533
2024-01-01 21:34:00,11.532,11.209,-0.520,0.526,7.976,4.991,9.946
2024-01-01 21:35:00,10.323,9.835,0.328,-1.935,13.020,10.145,10.318
2024-01-01 21:36:00,9.211,12.667,1.155,1.457,12.795,9.628,9.906
2024-01-01 21:37:00,11.295,10.673,1.663,-0.937,10.040,11.296,9.823
2024-01-01 21:38:00,11.153,12.011,0.000,0.592,9.537,13.668,11.253
2024-01-01 21:39:00,12.266,12.536,0.807,-1.396,13.609,13.987,9.103
2024-01-01 21:40:00,8.819,9.768,0.771,1.231,8.799,12.672,8.061
2024-01-01 21:41:00,8.168,13.071,0.954,-0.242,8.717,14.557,10.192
2024-01-01 21:42:00,10.046,14.306,2.531,0.493,13.976,11.272,9.681
2024-01-01 21:43:00,13.015,11.258,-1.608,-0.438,7.920,9.265,8.793
2024-01-01 21:44:00,9.459,8.374,1.268,-0.710,10.636,8.640,9.419
2024-01-01 21:45:00,10.529,9.348,-1.566,0.157,11.164,10.586,8.614
2024-01-01 21:46:00,10.476,10.717,0.487,0.955,9.933,11.781,9.080
2024-01-01 21:47:00,9.298,11.995,1.854,-2.897,7.973,13.207,6.635
2024-01-01 21:48:00,9.128,11.309,-0.134,0.249,15.365,9.649,6.628
2024-01-01 21:49:00,8.807,11.172,-0.407,0.438,11.998,10.418,8.178
2024-01-01 21:50:00,9.858,12.384,0.207,-1.314,9.364,9.669,7.437
2024-01-01 21:51:00,8.571,13.408,0.536,-1.424,7.914,8.594,7.584
2024-01-01 21:52:00,10.148,10.884,-1.560,-2.323,12.409,8.695,9.612
2024-01-01 21:53:00,9.854,8.451,0.013,-0.357,11.316,11.342,8.847
2024-01-01 21:54:00,12.057,9.532,-0.240,1.176,6.610,11.855,8.049
2024-01-01 21:55:00,10.079,10.848,0.894,-0.760,8.523,11.536,9.048
2024-01-01 21:56:00,10.130,10.098,-1.607,0.132,12.701,13.194,10.531
2024-01-01 21:57:00,11.657,8.429,0.110,0.986,2.874,10.688,12.000
2024-01-01 21:58:00,11.776,12.103,1.217,-0.689,8.953,10.691,9.155
2024-01-01 21:59:00,9.151,10.427,0.018,1.922,9.270,11.707,10.185
2024-01-01 22:00:00,6.541,11.069,-0.656,0.667,8.760,7.034,8.490
2024-01-01 22:01:00,12.111,9.946,-1.156,1.485,11.991,8.859,6.008
2024-01-01 22:02:00,11.733,9.157,0.990,-0.258,8.705,10.787,11.443
2024-01-01 22:03:00,6.672,10.332,-1.524,-0.966,11.416,10.792,7.645
2024-01-01 22:04:00,11.294,12.636,0.229,0.912,14.252,11.065,7.531
2024-01-01 22:05:00,9.899,10.182,0.689,0.952,11.954,5.776,8.707
2024-01-01 22:06:00,9.340,8.557,-0.130,-0.163,10.395,7.766,8.572
2024-01-01 22:07:00,10.597,8.470,-0.521,-0.745,7.525,14.536,7.273
2024-01-01 22:08:00,11.151,10.047,0.857,-2.379,9.796,12.186,8.469
2024-01-01 22:09:00,11.585,7.771,-0.779,0.657,8.934,7.987,7.884
2024-01-01 22:10:00,10.663,10.024,0.364,2.296,11.588,9.745,7.393
2024-01-01 22:11:00,11.892,9.703,-0.562,0.903,11.680,12.128,8.380
2024-01-01 22:12:00,8.191,11.400,0.987,-0.521,10.157,13.006,6.948
2024-01-01 22:13:00,9.284,10.365,-2.337,-0.344,11.000,10.863,7.232
2024-01-01 22:14:00,13.735,11.617,0.184,-2.668,14.055,9.416,9.000
2024-01-01 22:15:00,11.036,10.810,-0.174,-1.974,11.847,10.167,5.932
2024-01-01 22:16:00,11.312,8.808,0.359,-0.275,9.494,9.371,8.205
2024-01-01 22:17:00,10.772,12.314,1.330,-0.722,6.052,9.332,7.731
2024-01-01 22:18:00,10.071,10.992,-0.203,-2.326,9.555,9.307,7.603
2024-01-01 22:19:00,10.684,9.913,0.824,0.585,12.177,12.552,8.980
2024-01-01 22:20:00,11.055,10.375,-1.920,1.183,8.864,9.774,6.291
2024-01-01 22:21:00,9.725,11.493,-0.624,1.010,8.933,8.365,7.064
2024-01-01 22:22:00,12.023,8.231,-0.820,1.402,12.805,8.589,8.758
2024-01-01 22:23:00,10.372,11.575,-0.562,-0.295,10.879,12.282,8.665
2024-01-01 22:24:00,9.451,8.772,0.113,-1.251,13.128,11.936,7.105
2024-01-01 22:25:00,10.701,10.108,-0.351,-0.133,8.675,11.170,7.402
2024-01-01 22:26:00,9.009,8.878,0.713,0.648,13.742,11.149,7.766
2024-01-01 22:27:00,11.495,7.378,1.699,0.256,12.653,11.479,9.765
2024-01-01 22:28:00,8.894,12.213,1.387,2.416,13.307,8.476,10.357
2024-01-01 22:29:00,9.471,11.473,-0.756,-0.788,10.740,13.457,7.677
2024-01-01 22:30:00,11.098,11.711,0.626,0.680,12.363,9.366,8.781
2024-01-01 22:31:00,10.099,8.880,-0.063,1.906,7.944,13.470,10.324
2024-01-01 22:32:00,10.580,12.973,1.091,-0.826,10.377,9.175,7.557
2024-01-01 22:33:00,11.811,7.637,-0.665,-2.262,9.318,11.204,9.030
2024-01-01 22:34:00,10.052,7.796,-0.562,-2.195,10.070,12.634,8.758
2024-01-01 22:35:00,13.038,12.482,-0.879,0.364,11.356,8.093,8.715
2024-01-01 22:36:00,7.711,8.048,-0.304,-0.118,9.363,12.296,8.390
2024-01-01 22:37:00,9.673,9.856,0.044,-1.269,11.280,11.462,8.550
2024-01-01 22:38:00,9.892,8.987,0.092,-1.535,9.568,10.145,6.529
2024-01-01 22:39:00,12.310,9.780,0.863,1.794,12.167,7.963,8.101
2024-01-01 22:40:00,6.994,10.598,-0.377,-0.238,9.073,9.340,10.438
2024-01-01 22:41:00,10.873,11.096,0.511,-2.270,9.481,11.671,9.090
2024-01-01 22:42:00,10.037,10.385,-0.828,-0.592,10.561,10.544,9.771
2024-01-01 22:43:00,9.345,13.131,-0.553,-2.330,10.380,9.584,9.978
2024-01-01 22:44:00,12.260,9.566,-0.886,-0.764,8.606,9.927,10.003
2024-01-01 22:45:00,11.412,10.182,0.065,-0.681,8.675,13.031,8.955
2024-01-01 22:46:00,12.710,10.130,-1.068,-0.551,10.618,10.554,9.939
2024-01-01 22:47:00,10.983,10.259,-1.632,0.394,11.130,10.726,6.927
2024-01-01 22:48:00,10.415,9.615,0.031,-1.681,7.960,11.787,7.522
2024-01-01 22:49:00,9.856,9.594,0.364,0.569,9.275,8.355,10.112
2024-01-01 22:50:00,9.178,10.403,-1.200,-0.514,12.056,10.225,7.412
2024-01-01 22:51:00,9.863,9.971,0.513,2.430,12.558,9.454,8.951
2024-01-01 22:52:00,8.812,9.497,0.090,-1.796,11.944,10.330,6.391
2024-01-01 22:53:00,8.826,9.361,0.315,0.465,9.213,12.064,7.902
2024-01-01 22:54:00,11.079,10.655,2.140,-2.944,13.823,9.601,8.706
2024-01-01 22:55:00,12.549,13.230,0.569,-1.606,13.073,10.040,8.929
2024-01-01 22:56:00,8.968,10.182,-0.106,-0.578,10.992,8.043,6.832
2024-01-01 22:57:00,10.853,8.240,-0.269,-0.532,9.887,14.016,6.927
2024-01-01 22:58:00,11.663,11.124,-1.305,-0.329,9.614,10.759,8.736
2024-01-01 22:59:00,8.426,11.228,0.129,-1.595,10.925,5.293,10.397
2024-01-01 23:00:00,9.431,12.027,0.075,0.325,8.526,10.602,6.884
2024-01-01 23:01:00,11.231,8.052,-0.084,-0.625,11.469,11.394,7.407
2024-01-01 23:02:00,12.229,12.218,0.194,-0.246,9.580,8.083,8.161
2024-01-01 23:03:00,11.008,8.593,1.037,-0.650,8.383,11.351,10.738
2024-01-01 23:04:00,12.020,8.973,1.424,1.879,9.015,11.147,6.869
2024-01-01 23:05:00,9.640,11.679,-2.812,0.281,11.887,7.550,7.152
2024-01-01 23:06:00,8.638,7.732,-0.603,0.031,10.450,11.518,8.676
2024-01-01 23:07:00,9.059,11.311,0.135,2.536,14.529,12.350,9.656
2024-01-01 23:08:00,11.306,12.233,-1.739,0.686,8.380,9.198,8.001
2024-01-01 23:09:00,10.425,8.745,-0.356,2.543,13.134,6.258,8.263
2024-01-01 23:10:00,12.343,11.569,0.683,0.168,12.798,9.639,8.602
2024-01-01 23:11:00,9.375,9.488,0.853,-0.110,9.902,9.897,9.857
2024-01-01 23:12:00,8.628,10.712,0.126,-2.236,9.114,11.152,9.320
2024-01-01 23:13:00,11.845,9.928,1.541,-0.227,10.753,10.712,8.715
2024-01-01 23:14:00,9.964,8.809,-0.014,-1.662,9.147,9.741,9.339
2024-01-01 23:15:00,8.074,9.154,0.267,-1.232,11.728,12.703,6.674
2024-01-01 23:16:00,7.600,7.056,-0.621,0.202,6.570,7.647,6.981
2024-01-01 23:17:00,11.058,7.618,-1.552,0.669,10.721,10.931,8.569
2024-01-01 23:18:00,8.947,7.732,-0.266,-1.970,11.419,8.879,10.362
2024-01-01 23:19:00,10.471,9.261,0.871,-0.809,8.062,9.898,7.776
2024-01-01 23:20:00,12.560,9.211,0.615,-1.503,10.874,13.321,8.678
2024-01-01 23:21:00,11.884,10.695,-0.573,-2.843,11.414,8.341,8.568
2024-01-01 23:22:00,7.518,8.895,-0.846,-1.148,11.329,8.349,7.544
2024-01-01 23:23:00,8.252,10.894,0.133,1.149,10.163,8.334,7.952
2024-01-01 23:24:00,10.026,9.812,-1.260,-2.028,8.893,7.765,6.150
2024-01-01 23:25:00,11.009,12.778,-0.547,2.241,9.001,11.652,6.835
2024-01-01 23:26:00,11.294,11.084,1.035,-0.509,9.197,10.794,8.874
2024-01-01 23:27:00,9.910,11.453,0.958,-3.067,5.356,11.785,5.912
2024-01-01 23:28:00,7.723,10.125,-0.813,-1.098,11.799,6.991,9.033
2024-01-01 23:29:00,8.943,10.846,0.137,-0.668,10.638,13.834,8.241
2024-01-01 23:30:00,12.938,11.775,0.513,-0.373,13.120,12.444,9.122
2024-01-01 23:31:00,8.959,11.561,-1.611,-0.494,8.216,11.676,7.971
2024-01-01 23:32:00,12.497,10.258,0.551,1.371,13.269,10.254,8.910
2024-01-01 23:33:00,12.029,9.400,-2.187,0.286,10.710,9.758,7.720
2024-01-01 23:34:00,11.178,11.926,0.672,0.983,8.879,9.808,6.544
2024-01-01 23:35:00,10.417,11.492,-0.400,0.477,8.843,12.044,8.770
2024-01-01 23:36:00,11.193,10.536,0.383,-0.049,9.229,8.725,7.754
2024-01-01 23:37:00,9.021,10.762,0.450,-1.021,10.190,10.189,7.798
2024-01-01 23:38:00,11.632,7.944,-1.974,0.933,13.376,9.872,8.998
2024-01-01 23:39:00,10.969,9.276,1.106,0.595,8.947,12.328,9.302
2024-01-01 23:40:00,9.708,11.306,1.796,-1.566,11.375,7.118,7.367
2024-01-01 23:41:00,11.234,10.296,-0.528,0.394,9.064,8.759,5.816
2024-01-01 23:42:00,10.807,11.769,1.219,-1.944,10.301,6.977,8.163
2024-01-01 23:43:00,8.015,9.712,0.150,-1.086,10.400,11.058,6.471
2024-01-01 23:44:00,9.603,10.697,-0.789,2.912,8.474,9.811,6.446
2024-01-01 23:45:00,9.512,8.637,1.849,-0.308,11.913,9.773,6.904
2024-01-01 23:46:00,8.719,9.276,-0.687,1.263,8.822,10.389,10.697
2024-01-01 23:47:00,7.705,10.142,0.080,-0.086,12.553,7.582,9.843
2024-01-01 23:48:00,9.849,8.641,1.108,0.464,13.533,9.263,9.262
2024-01-01 23:49:00,10.258,10.269,2.089,1.131,10.050,9.871,9.199
2024-01-01 23:50:00,8.342,13.420,0.985,0.448,12.327,9.685,8.377
2024-01-01 23:51:00,8.923,8.334,1.256,-1.073,10.500,9.605,7.157
2024-01-01 23:52:00,9.869,9.166,-1.853,-1.004,9.458,11.938,9.686
2024-01-01 23:53:00,7.878,9.363,1.141,1.532,8.488,11.889,7.386
2024-01-01 23:54:00,11.492,8.411,-0.040,-0.137,12.676,8.908,5.656
2024-01-01 23:55:00,10.946,10.256,0.700,-0.831,8.235,9.131,7.770
2024-01-01 23:56:00,10.546,10.669,1.504,-0.132,10.900,11.851,8.284
2024-01-01 23:57:00,8.977,9.766,-1.132,-1.790,11.041,10.301,9.592
2024-01-01 23:58:00,12.760,9.802,1.491,2.615,10.937,10.983,7.091
2024-01-01 23:59:00,11.181,8.371,1.655,-0.877,7.304,7.731,10.357
